Ticket_id,statues,CATEGORY,SUBCATEGORY,PRODUCT_TYPE,OPEN_TIME,OM_RESOLVE_TIME,OM_RESOLVED_BY,ASSIGNEE,ASSIGNMENT (groups),ASSIGNMENT
SD1856842,Closed,CMS Interaction,Pending Order,Mobile Postpaid,3/1/2026 0:11,3/1/2026 1:07,scheduledAction,scheduledAction,ITCMS,IT CMS
SD1856843,Closed,CMS Interaction,Pending Order,Mobile Postpaid,3/1/2026 0:15,3/1/2026 0:37,scheduledAction,scheduledAction,ITCMS,IT CMS
SD1856844,Closed,CMS Interaction,Pending Order,Mobile Postpaid,3/1/2026 0:18,3/1/2026 0:37,scheduledAction,scheduledAction,ITCMS,IT CMS
SD1856845,Closed,CMS Interaction,Pending Order,RTCS Failure,3/1/2026 0:19,3/1/2026 1:07,scheduledAction,scheduledAction,ITCMS,IT CMS
SD1856846,Closed,CMS Interaction,UOMS,Mobile,3/1/2026 0:26,3/1/2026 4:11,05766431,05766431,ITCMS,IT CMS
SD1856847,Closed,CMS Interaction,UOMS,Mobile,3/1/2026 0:57,3/1/2026 4:48,69470,69470,ITCMS,IT CMS
SD1856848,Closed,CMS Interaction,RTCS,Short code and SMS,3/1/2026 1:35,3/1/2026 4:16,05766431,05766431,ITCMS,IT CMS
SD1856850,Closed,CMS Interaction,UOMS,Fixed Voic and Data,3/1/2026 2:35,3/3/2026 5:06,19715928,19715928,Escalated Tickets ,ARBOR SUPPORT
SD1856851,Closed,CMS Interaction,DDMS,Reconnection,3/1/2026 2:53,3/3/2026 21:03,P1832151,P1832151,Escalated Tickets ,BSS DDMS
SD1856853,Closed,CMS Interaction,BIP Billing,Bill Issue,3/1/2026 3:21,3/1/2026 7:55,J2226589,J2226589,Escalated Tickets ,BIP Billing
SD1856857,Closed,CMS Interaction,CRM,Other,3/1/2026 3:28,3/2/2026 6:34,J2226589,J2226589,Escalated Tickets ,BIP Billing
SD1856858,Closed,CMS Interaction,CRM,No Data Found,3/1/2026 3:30,3/1/2026 4:05,05766431,05766431,ITCMS,IT CMS
SD1856861,Closed,CMS Interaction,BIP Billing,Bill Issue,3/1/2026 3:35,3/2/2026 6:45,J2226589,J2226589,Escalated Tickets ,BIP Billing
SD1856862,Closed,CMS Interaction,RTCS,Short code and SMS,3/1/2026 3:38,3/1/2026 4:22,69577,69577,ITCMS,IT CMS
SD1856863,Closed,CMS Interaction,RTCS,Data Usage,3/1/2026 3:58,3/1/2026 8:20,22674,22674,Escalated Tickets ,BSS RTCS
SD1856864,Closed,CMS Interaction,Pending Order,MPLS order,3/1/2026 4:01,3/1/2026 10:03,scheduledAction,68523,Activation Support,Activation Support
SD1856865,Closed,CMS Interaction,DDMS,SMS,3/1/2026 4:20,3/3/2026 21:10,P1832151,70507,Escalated Tickets ,BSS DDMS
SD1856867,Closed,CMS Interaction,BIP Billing,Bill Issue,3/1/2026 4:37,3/1/2026 7:56,J2226589,J2226589,Escalated Tickets ,BIP Billing
SD1856868,Closed,CMS Interaction,CRM,Other,3/1/2026 4:45,3/8/2026 0:31,X6410019,X6410019,Escalated Tickets ,BSS CRM
SD1856869,Closed,CMS Interaction,UOMS,Mobile,3/1/2026 4:48,3/1/2026 4:51,69470,69470,ITCMS,IT CMS
SD1856871,Closed,CMS Interaction,RTCS,CPN,3/1/2026 4:59,3/1/2026 5:49,11125603,11125603,ITCMS,IT CMS
SD1856875,Closed,CMS Interaction,RTCS,Short code and SMS,3/1/2026 5:17,3/1/2026 6:02,69577,69577,ITCMS,IT CMS
SD1856877,Closed,CMS Interaction,Pending Order,Fixed Voic and Data,3/1/2026 5:18,3/1/2026 5:24,05766431,05766431,ITCMS,IT CMS
SD1856882,Closed,CMS Interaction,BIP Billing,Bill Issue,3/1/2026 5:30,3/2/2026 6:49,J2226589,J2226589,Escalated Tickets ,BIP Billing
SD1856883,Closed,CMS Interaction,Pending Order,Fixed Voic and Data,3/1/2026 5:35,3/1/2026 5:39,69517,69517,ITCMS,IT CMS
SD1856885,Closed,CMS Interaction,RTCS,Data Usage,3/1/2026 5:39,3/8/2026 5:36,05766431,05766431,ITCMS,IT CMS
SD1856886,Closed,CMS Interaction,Pending Order,Mobile Prepaid,3/1/2026 5:39,3/3/2026 9:55,69517,69517,ITCMS,IT CMS
SD1856891,Closed,CMS Interaction,CRM,Other,3/1/2026 5:51,3/1/2026 7:59,S630048,S630048,Escalated Tickets ,ARBOR SUPPORT
SD1856892,Closed,CMS Interaction,DDMS,DDMS Interface,3/1/2026 5:54,3/3/2026 21:05,P1832151,P1832151,Escalated Tickets ,BSS DDMS
SD1856893,Closed,CMS Interaction,Pending Order,Fixed Voic and Data,3/1/2026 5:53,3/2/2026 4:08,scheduledAction,W0213873,Escalated Tickets ,NEP Support
SD1856894,Closed,CMS Interaction,Pending Order,Mobile Postpaid,3/1/2026 5:53,3/1/2026 7:04,70274,70274,Escalated Tickets ,OSS Mediation Support
SD1856898,Closed,CMS Interaction,Pending Order,Fesibility Check Failure,3/1/2026 6:01,3/1/2026 6:52,70274,70274,Escalated Tickets ,OSS Mediation Support
SD1856899,Closed,CMS Interaction,Pending Order,Fixed Voic and Data,3/1/2026 6:03,3/1/2026 6:04,05766431,05766431,ITCMS,IT CMS
SD1856903,Closed,CMS Interaction,UOMS,Mobile,3/1/2026 6:08,3/1/2026 6:12,69577,69577,ITCMS,IT CMS
SD1856904,Closed,CMS Interaction,BIP Billing,Bill Issue,3/1/2026 6:09,3/8/2026 11:18,S5801880,S5801880,Escalated Tickets ,BIP Billing
SD1856908,Closed,CMS Interaction,Pending Order,Fixed Voic and Data,3/1/2026 6:12,3/10/2026 8:59,scheduledAction,8.54905E+11,Escalated Tickets ,NEP Support
SD1856909,Closed,CMS Interaction,UOMS,Mobile,3/1/2026 6:13,3/1/2026 6:15,05766431,05766431,ITCMS,IT CMS
SD1856910,Closed,CMS Interaction,Preorder Issue,System Error,3/1/2026 6:13,3/1/2026 6:20,69577,69577,ITCMS,IT CMS
SD1856913,Closed,CMS Interaction,UOMS,Mobile,3/1/2026 6:16,3/1/2026 6:17,05766431,11125603,ITCMS,IT CMS
SD1856914,Closed,CMS Interaction,BIP Billing,Bill Issue,3/1/2026 6:17,3/2/2026 7:00,J2226589,J2226589,Escalated Tickets ,BIP Billing
SD1856916,Closed,CMS Interaction,Pending Order,Mobile Postpaid,3/1/2026 6:23,3/1/2026 6:42,69577,69577,ITCMS,IT CMS
SD1856919,Closed,CMS Interaction,CRM,Other,3/1/2026 6:27,3/2/2026 10:18,71009,71009,Escalated Tickets ,OSS Mediation Support
SD1856923,Closed,CMS Interaction,Pending Order,BIP Failure,3/1/2026 6:32,3/1/2026 9:28,scheduledAction,19715928,Escalated Tickets ,ARBOR SUPPORT
SD1856932,Closed,CMS Interaction,BIP Billing,Bill Issue,3/1/2026 6:40,3/1/2026 7:59,J2226589,J2226589,Escalated Tickets ,BIP Billing
SD1856933,Closed,CMS Interaction,Pending Order,Fesibility Check Failure,3/1/2026 6:41,3/1/2026 7:13,LR1995699,LR1995699,Escalated Tickets ,NEP Support
SD1856941,Closed,CMS Interaction,UOMS,Connectivity Solutions,3/1/2026 6:49,3/9/2026 5:23,95811,69758,Escalated Tickets ,ARBOR SUPPORT
SD1856943,Closed,CMS Interaction,BIP Billing,Bill Issue,3/1/2026 6:50,3/7/2026 21:03,P1832151,P1832151,Escalated Tickets ,BIP Billing
SD1856944,Closed,CMS Interaction,CRM,Other,3/1/2026 6:51,3/4/2026 3:45,69517,69517,ITCMS,IT CMS
SD1856945,Closed,CMS Interaction,CRM,Other,3/1/2026 6:52,3/5/2026 7:56,LR1995699,LR1995699,Escalated Tickets ,NEP Support
SD1856946,Closed,CMS Interaction,CRM,Other,3/1/2026 6:52,3/1/2026 15:23,69496,69496,ITCMS,IT CMS
SD1856948,Closed,CMS Interaction,BIP Billing,Bill Issue,3/1/2026 6:53,3/3/2026 17:38,L7990290,L7990290,Escalated Tickets ,BSS iPDF
SD1856949,Closed,CMS Interaction,POS and CMA,Reversal,3/1/2026 6:55,3/8/2026 0:34,X6410019,X6410019,Escalated Tickets ,BSS POS
SD1856950,Closed,CMS Interaction,RTCS,Data Usage,3/1/2026 6:58,3/3/2026 5:33,19715928,19715928,Escalated Tickets ,ARBOR SUPPORT
SD1856951,Closed,CMS Interaction,CRM,Other,3/1/2026 6:56,3/3/2026 9:58,69517,69517,ITCMS,IT CMS
SD1856953,Closed,CMS Interaction,BIP Billing,Bill Issue,3/1/2026 6:57,3/2/2026 7:04,J2226589,J2226589,Escalated Tickets ,BIP Billing
SD1856957,Closed,CMS Interaction,CRM,CRM Down,3/1/2026 7:03,3/1/2026 7:10,11125603,11125603,ITCMS,IT CMS
SD1856959,Closed,CMS Interaction,Pending Order,Mobile Postpaid,3/1/2026 7:04,3/1/2026 7:11,05766431,05766431,ITCMS,IT CMS
SD1856961,Closed,CMS Interaction,Pending Order,BIP Failure,3/1/2026 7:06,3/1/2026 7:08,11125603,11125603,ITCMS,IT CMS
SD1856964,Closed,CMS Interaction,Pending Order,Mobile Postpaid,3/1/2026 7:07,3/1/2026 7:10,05766431,05766431,ITCMS,IT CMS
SD1856965,Closed,CMS Interaction,Pending Order,Fesibility Check Failure,3/1/2026 7:07,3/1/2026 9:28,scheduledAction,11125603,ITCMS,IT CMS
SD1856966,Closed,CMS Interaction,Pending Order,Mobile Prepaid,3/1/2026 7:08,3/1/2026 7:13,scheduledAction,05766431,ITCMS,IT CMS
SD1856967,Closed,CMS Interaction,Pending Order,Fixed Voic and Data,3/1/2026 7:08,3/1/2026 8:58,scheduledAction,LR1995699,Escalated Tickets ,NEP Support
SD1856969,Closed,CMS Interaction,Pending Order,Mobile Postpaid,3/1/2026 7:08,3/1/2026 10:12,69496,69496,ITCMS,IT CMS
SD1856970,Closed,CMS Interaction,Pending Order,Fixed Voic and Data,3/1/2026 7:10,3/2/2026 11:55,70699048,70699048,Escalated Tickets ,BSS Interface
SD1856971,Closed,CMS Interaction,Pending Order,Mobile Postpaid,3/1/2026 7:10,3/1/2026 10:27,69470,69470,ITCMS,IT CMS
SD1856972,Closed,CMS Interaction,CRM,Other,3/1/2026 7:11,3/4/2026 12:35,S630048,S630048,Escalated Tickets ,ARBOR SUPPORT
SD1856973,Closed,CMS Interaction,CRM,CRM Down,3/1/2026 7:12,3/1/2026 7:55,69566,69566,ITCMS,IT CMS
SD1856975,Closed,CMS Interaction,UOMS,Mobile,3/1/2026 7:13,3/1/2026 7:58,69566,69566,ITCMS,IT CMS
SD1856977,Closed,CMS Interaction,UOMS,Mobile,3/1/2026 7:15,3/3/2026 6:18,19715928,19715928,Escalated Tickets ,ARBOR SUPPORT
SD1856983,Closed,CMS Interaction,Pending Order,RTCS Failure,3/1/2026 7:18,3/2/2026 9:53,scheduledAction,71009,Escalated Tickets ,OSS Mediation Support
SD1856987,Closed,CMS Interaction,POS and CMA,Reversal,3/1/2026 7:19,3/8/2026 0:36,X6410019,X6410019,Escalated Tickets ,BSS POS
SD1856990,Closed,CMS Interaction,Pending Order,WFBB Order,3/1/2026 7:20,3/1/2026 8:12,69566,69566,ITCMS,IT CMS
SD1856992,Closed,CMS Interaction,Pending Order,Mobile Postpaid,3/1/2026 7:20,3/1/2026 7:22,05766431,05766431,ITCMS,IT CMS
SD1856993,Closed,CMS Interaction,Pending Order,RTCS Failure,3/1/2026 7:20,3/1/2026 7:23,05766431,05766431,ITCMS,IT CMS
SD1857002,Closed,CMS Interaction,Pending Order,RTCS Failure,3/1/2026 7:27,3/2/2026 9:19,scheduledAction,W0213873,Escalated Tickets ,NEP Support
SD1857004,Closed,CMS Interaction,POS and CMA,Pending Payment,3/1/2026 7:28,3/2/2026 3:41,X6410019,X6410019,Escalated Tickets ,BSS POS
SD1857005,Closed,CMS Interaction,Pending Order,Mobile Postpaid,3/1/2026 7:28,3/8/2026 11:06,S5801880,S5801880,Escalated Tickets ,BIP Billing
SD1857014,Closed,CMS Interaction,CRM,Other,3/1/2026 7:36,3/2/2026 11:54,70699048,70699048,Escalated Tickets ,BSS Interface
SD1857018,Closed,CMS Interaction,UOMS,Mobile,3/1/2026 7:37,3/1/2026 7:41,05766431,05766431,ITCMS,IT CMS
SD1857020,Closed,CMS Interaction,CRM,Other,3/1/2026 7:38,3/1/2026 7:59,S630048,S630048,Escalated Tickets ,ARBOR SUPPORT
SD1857023,Closed,CMS Interaction,Pending Order,Mobile Postpaid,3/1/2026 7:39,3/1/2026 7:45,scheduledAction,69566,ITCMS,IT CMS
SD1857027,Closed,CMS Interaction,Pending Order,WFBB Order,3/1/2026 7:40,3/1/2026 7:52,69566,69566,ITCMS,IT CMS
SD1857028,Closed,CMS Interaction,CRM,Slowness,3/1/2026 7:41,3/1/2026 7:44,69566,69566,ITCMS,IT CMS
SD1857033,Closed,CMS Interaction,Pending Order,Mobile Postpaid,3/1/2026 7:43,3/2/2026 10:16,71009,70002,Escalated Tickets ,OSS Mediation Support
SD1857039,Closed,CMS Interaction,Preorder Issue,System Error,3/1/2026 7:48,3/1/2026 9:10,S630048,S630048,Escalated Tickets ,ARBOR SUPPORT
SD1857044,Closed,CMS Interaction,Pending Order,Fixed Voic and Data,3/1/2026 7:52,3/1/2026 7:59,05766431,05766431,ITCMS,IT CMS
SD1857045,Closed,CMS Interaction,Pending Order,Mobile Postpaid,3/1/2026 7:53,3/1/2026 7:58,05766431,05766431,ITCMS,IT CMS
SD1857046,Closed,CMS Interaction,Pending Order,ITA order,3/1/2026 7:53,3/1/2026 7:57,05766431,05766431,ITCMS,IT CMS
SD1857047,Closed,CMS Interaction,Pending Order,Mobile Prepaid,3/1/2026 7:54,3/1/2026 7:57,05766431,05766431,ITCMS,IT CMS
SD1857048,Closed,CMS Interaction,Pending Order,Fixed Voic and Data,3/1/2026 7:55,3/1/2026 9:28,scheduledAction,69470,ITCMS,IT CMS
SD1857051,Closed,CMS Interaction,POS and CMA,Reversal,3/1/2026 7:57,3/8/2026 0:38,X6410019,X6410019,Escalated Tickets ,BSS POS
SD1857053,Closed,CMS Interaction,Pending Order,Fixed Voic and Data,3/1/2026 8:00,3/10/2026 11:06,70141,70141,Escalated Tickets ,BSS RTCS
SD1857054,Closed,CMS Interaction,CRM,Other,3/1/2026 8:04,3/2/2026 9:11,Q511636,Q511636,Escalated Tickets ,BSS CRM
SD1857055,Closed,CMS Interaction,POS and CMA,Reversal,3/1/2026 8:05,3/8/2026 0:40,X6410019,X6410019,Escalated Tickets ,BSS POS
SD1857056,Closed,CMS Interaction,UOMS,Mobile,3/1/2026 8:06,3/2/2026 3:23,X6410019,X6410019,Escalated Tickets ,BSS CRM
SD1857057,Closed,CMS Interaction,CRM,Other,3/1/2026 8:06,3/1/2026 10:06,69566,69566,ITCMS,IT CMS
SD1857058,Closed,CMS Interaction,POS and CMA,Reversal,3/1/2026 8:06,3/8/2026 0:42,X6410019,X6410019,Escalated Tickets ,BSS POS
SD1857059,Closed,CMS Interaction,Pending Order,WFBB Order,3/1/2026 8:06,3/16/2026 9:04,LR1995699,LR1995699,Escalated Tickets ,NEP Support
SD1857061,Closed,CMS Interaction,RTCS,Data Usage,3/1/2026 8:07,3/1/2026 10:22,69130,69130,ITCMS,IT CMS
SD1857062,Closed,CMS Interaction,CRM,Other,3/1/2026 8:08,3/3/2026 3:15,12349939,19715928,Escalated Tickets ,ARBOR SUPPORT
SD1857063,Closed,CMS Interaction,UOMS,Mobile,3/1/2026 8:11,3/1/2026 10:18,19715928,19715928,Escalated Tickets ,ARBOR SUPPORT
SD1857066,Closed,CMS Interaction,CRM,Other,3/1/2026 8:13,3/1/2026 8:19,69566,69566,ITCMS,IT CMS
SD1857072,Closed,CMS Interaction,Pending Order,Mobile Postpaid,3/1/2026 8:15,3/1/2026 9:43,69470,69470,ITCMS,IT CMS
SD1857073,Closed,CMS Interaction,POS and CMA,Reversal,3/1/2026 8:17,3/8/2026 0:43,X6410019,X6410019,Escalated Tickets ,BSS POS
SD1857074,Closed,CMS Interaction,BIP Billing,BIP Order Isuse,3/1/2026 8:17,3/1/2026 10:25,69470,69470,ITCMS,IT CMS
SD1857075,Closed,CMS Interaction,UOMS,Mobile,3/1/2026 8:18,3/1/2026 10:19,69130,69130,ITCMS,IT CMS
SD1857076,Closed,CMS Interaction,CRM,Other,3/1/2026 8:18,3/4/2026 6:13,19715928,19715928,Escalated Tickets ,ARBOR SUPPORT
SD1857077,Closed,CMS Interaction,CRM,Other,3/1/2026 8:19,3/1/2026 9:28,S630048,S630048,Escalated Tickets ,ARBOR SUPPORT
SD1857078,Closed,CMS Interaction,Pending Order,Mobile Postpaid,3/1/2026 8:21,3/1/2026 8:31,69470,69470,ITCMS,IT CMS
SD1857079,Closed,CMS Interaction,UOMS,Mobile,3/1/2026 8:21,3/4/2026 11:27,69566,69566,ITCMS,IT CMS
SD1857081,Closed,CMS Interaction,CRM,Other,3/1/2026 8:26,3/8/2026 11:20,S5801880,S5801880,Escalated Tickets ,BIP Billing
SD1857082,Closed,CMS Interaction,Pending Order,WFBB Order,3/1/2026 8:26,3/1/2026 10:15,69130,69130,ITCMS,IT CMS
SD1857083,Closed,CMS Interaction,ITA,ITA,3/1/2026 8:28,3/4/2026 5:54,11125603,11125603,ITCMS,IT CMS
SD1857086,Closed,CMS Interaction,CRM,Other,3/1/2026 8:30,3/4/2026 7:12,05766431,05766431,ITCMS,IT CMS
SD1857088,Closed,CMS Interaction,Pending Order,Mobile Postpaid,3/1/2026 8:31,3/1/2026 8:51,69470,69470,ITCMS,IT CMS
SD1857089,Closed,CMS Interaction,RTCS,Short code and SMS,3/1/2026 8:31,3/1/2026 10:12,69130,69130,ITCMS,IT CMS
SD1857090,Closed,CMS Interaction,BIP Billing,Collection,3/1/2026 8:31,3/1/2026 8:35,69470,69470,ITCMS,IT CMS
SD1857091,Closed,CMS Interaction,CRM,Other,3/1/2026 8:33,3/3/2026 6:27,19715928,19715928,Escalated Tickets ,ARBOR SUPPORT
SD1857092,Closed,CMS Interaction,CRM,Other,3/1/2026 8:34,3/1/2026 10:13,69566,69566,ITCMS,IT CMS
SD1857093,Closed,CMS Interaction,Pending Order,Fixed Voic and Data,3/1/2026 8:34,3/30/2026 10:54,W0213873,W0213873,Escalated Tickets ,NEP Support
SD1857096,Closed,CMS Interaction,POS and CMA,Reversal,3/1/2026 8:37,3/8/2026 0:45,X6410019,X6410019,Escalated Tickets ,BSS POS
SD1857098,Closed,CMS Interaction,CRM,Other,3/1/2026 8:41,3/4/2026 8:37,05766431,05766431,ITCMS,IT CMS
SD1857099,Closed,CMS Interaction,Pending Order,Mobile Postpaid,3/1/2026 8:43,3/1/2026 8:50,69470,69470,ITCMS,IT CMS
SD1857100,Closed,CMS Interaction,Pending Order,Fesibility Check Failure,3/1/2026 8:43,3/5/2026 7:58,LR1995699,LR1995699,Escalated Tickets ,NEP Support
SD1857101,Closed,CMS Interaction,Pending Order,Mobile Postpaid,3/1/2026 8:44,3/1/2026 8:58,scheduledAction,69470,ITCMS,IT CMS
SD1857104,Closed,CMS Interaction,Pending Order,Fixed Voic and Data,3/1/2026 8:49,3/1/2026 9:41,69496,69496,ITCMS,IT CMS
SD1857105,Closed,CMS Interaction,POS and CMA,Reversal,3/1/2026 8:48,3/8/2026 0:57,X6410019,X6410019,Escalated Tickets ,BSS POS
SD1857106,Closed,CMS Interaction,UOMS,HBB,3/1/2026 8:53,3/8/2026 0:58,X6410019,X6410019,Escalated Tickets ,BSS CRM
SD1857107,Closed,CMS Interaction,UOMS,Fixed Voic and Data,3/1/2026 8:55,3/1/2026 10:09,69130,69130,ITCMS,IT CMS
SD1857109,Closed,CMS Interaction,UOMS,Mobile,3/1/2026 8:56,3/1/2026 10:08,69130,69130,ITCMS,IT CMS
SD1857114,Closed,CMS Interaction,CRM,Other,3/1/2026 9:01,3/1/2026 9:43,S630048,S630048,Escalated Tickets ,ARBOR SUPPORT
SD1857115,Closed,CMS Interaction,UOMS,Fixed Voic and Data,3/1/2026 9:04,3/1/2026 10:07,69130,69130,ITCMS,IT CMS
SD1857116,Closed,CMS Interaction,BIP Billing,Bill Issue,3/1/2026 9:05,3/2/2026 7:09,J2226589,J2226589,Escalated Tickets ,BIP Billing
SD1857117,Closed,CMS Interaction,UOMS,Fixed Voic and Data,3/1/2026 9:05,3/1/2026 10:05,69130,69130,ITCMS,IT CMS
SD1857118,Closed,CMS Interaction,RTCS,Short code and SMS,3/1/2026 9:05,3/1/2026 10:05,69130,69130,ITCMS,IT CMS
SD1857119,Closed,CMS Interaction,CRM,No Data Found,3/1/2026 9:05,3/1/2026 18:14,37230,37230,ITCMS,IT CMS
SD1857121,Closed,CMS Interaction,POS and CMA,Reversal,3/1/2026 9:06,3/8/2026 1:00,X6410019,X6410019,Escalated Tickets ,BSS POS
SD1857123,Closed,CMS Interaction,Pending Order,Fesibility Check Failure,3/1/2026 9:09,3/1/2026 9:47,69577,69577,ITCMS,IT CMS
SD1857126,Closed,CMS Interaction,Pending Order,Mobile Postpaid,3/1/2026 9:15,3/2/2026 7:49,scheduledAction,19715928,Escalated Tickets ,ARBOR SUPPORT
SD1857127,Closed,CMS Interaction,POS and CMA,Reversal,3/1/2026 9:18,3/8/2026 1:02,X6410019,X6410019,Escalated Tickets ,BSS POS
SD1857128,Closed,CMS Interaction,Pending Order,Fixed Voic and Data,3/1/2026 9:19,3/1/2026 9:39,69577,69577,ITCMS,IT CMS
SD1857130,Closed,CMS Interaction,CRM,Other,3/1/2026 9:20,3/2/2026 4:50,05766431,05766431,ITCMS,IT CMS
SD1857131,Closed,CMS Interaction,Pending Order,RTCS Failure,3/1/2026 9:23,3/1/2026 10:03,69517,69517,ITCMS,IT CMS
SD1857135,Closed,CMS Interaction,UOMS,Mobile,3/1/2026 9:29,3/2/2026 6:10,71009,71009,Escalated Tickets ,OSS Mediation Support
SD1857137,Closed,CMS Interaction,Pending Order,IPTV Order,3/1/2026 9:31,3/1/2026 9:34,69577,69577,ITCMS,IT CMS
SD1857139,Closed,CMS Interaction,RTCS,Short code and SMS,3/1/2026 9:34,3/1/2026 10:04,69130,69130,ITCMS,IT CMS
SD1857141,Closed,CMS Interaction,CRM,Other,3/1/2026 9:34,3/1/2026 10:01,69130,69130,ITCMS,IT CMS
SD1857143,Closed,CMS Interaction,CRM,Other,3/1/2026 9:42,3/1/2026 10:00,69130,69130,ITCMS,IT CMS
SD1857144,Closed,CMS Interaction,CRM,Other,3/1/2026 9:43,3/1/2026 9:58,69130,69130,ITCMS,IT CMS
SD1857145,Closed,CMS Interaction,CRM,Other,3/1/2026 9:43,3/7/2026 2:06,S630048,S630048,Escalated Tickets ,ARBOR SUPPORT
SD1857146,Closed,CMS Interaction,Pending Order,BIP Failure,3/1/2026 9:46,3/3/2026 7:37,70274,70274,Escalated Tickets ,OSS Mediation Support
SD1857148,Closed,CMS Interaction,Pending Order,Fixed Voic and Data,3/1/2026 9:48,3/2/2026 7:14,scheduledAction,W0213873,Escalated Tickets ,NEP Support
SD1857152,Closed,CMS Interaction,Pending Order,Fixed Voic and Data,3/1/2026 9:50,3/2/2026 4:09,scheduledAction,69577,ITCMS,IT CMS
SD1857153,Closed,CMS Interaction,UOMS,Mobile,3/1/2026 9:52,3/4/2026 3:56,19715928,19715928,Escalated Tickets ,ARBOR SUPPORT
SD1857154,Closed,CMS Interaction,Pending Order,Mobile Prepaid,3/1/2026 9:54,3/1/2026 9:55,69130,69130,ITCMS,IT CMS
SD1857158,Closed,CMS Interaction,CRM,Other,3/1/2026 9:57,3/3/2026 9:48,S630048,S630048,Escalated Tickets ,ARBOR SUPPORT
SD1857160,Closed,CMS Interaction,RTCS,Short code and SMS,3/1/2026 9:58,3/1/2026 10:25,69027,69027,VAS,VAS
SD1857163,Closed,CMS Interaction,Pending Order,Mobile Prepaid,3/1/2026 10:02,3/1/2026 10:29,69496,69496,ITCMS,IT CMS
SD1857170,Closed,CMS Interaction,Pending Order,BIP Failure,3/1/2026 10:11,3/1/2026 10:19,69496,69496,ITCMS,IT CMS
SD1857172,Closed,CMS Interaction,Pending Order,Fixed Voic and Data,3/1/2026 10:13,3/1/2026 10:27,69496,69496,ITCMS,IT CMS
SD1857175,Closed,CMS Interaction,POS and CMA,Reversal,3/1/2026 10:18,3/8/2026 1:03,X6410019,X6410019,Escalated Tickets ,BSS POS
SD1857176,Closed,CMS Interaction,CRM,Other,3/1/2026 10:18,3/22/2026 7:46,X6410019,X6410019,Escalated Tickets ,BSS CRM
SD1857179,Closed,CMS Interaction,BIP Billing,Bill Issue,3/1/2026 10:22,3/7/2026 21:50,L7990290,L7990290,Escalated Tickets ,BSS iPDF
SD1857182,Closed,CMS Interaction,Apple watch,activation,3/1/2026 10:22,3/1/2026 10:26,69566,69566,ITCMS,IT CMS
SD1857184,Closed,CMS Interaction,Pending Order,Mobile Prepaid,3/1/2026 10:25,3/1/2026 10:32,69496,69496,ITCMS,IT CMS
SD1857185,Closed,CMS Interaction,Pending Order,Mobile Prepaid,3/1/2026 10:26,3/1/2026 10:28,69566,69566,ITCMS,IT CMS
SD1857187,Closed,CMS Interaction,Pending Order,Mobile Postpaid,3/1/2026 10:28,3/1/2026 10:32,69566,69566,ITCMS,IT CMS
SD1857189,Closed,CMS Interaction,Pending Order,Mobile Postpaid,3/1/2026 10:30,3/1/2026 10:32,69130,69130,ITCMS,IT CMS
SD1857191,Closed,CMS Interaction,UOMS,Mobile,3/1/2026 10:34,3/1/2026 13:23,69130,69130,ITCMS,IT CMS
SD1857193,Closed,CMS Interaction,Pending Order,Mobile Postpaid,3/1/2026 10:38,3/1/2026 11:00,69470,69470,ITCMS,IT CMS
SD1857194,Closed,CMS Interaction,CRM,Other,3/1/2026 10:39,3/3/2026 18:04,37230,37230,ITCMS,IT CMS
SD1857196,Closed,CMS Interaction,Preorder Issue,System Error,3/1/2026 10:41,3/4/2026 5:00,69577,69577,ITCMS,IT CMS
SD1857200,Closed,CMS Interaction,CRM,Other,3/1/2026 10:50,3/1/2026 13:20,69130,69130,ITCMS,IT CMS
SD1857202,Closed,CMS Interaction,CRM,Other,3/1/2026 10:51,3/1/2026 13:18,69130,69130,ITCMS,IT CMS
SD1857205,Closed,CMS Interaction,CRM,Other,3/1/2026 11:01,3/1/2026 16:36,69496,69496,ITCMS,IT CMS
SD1857206,Closed,CMS Interaction,POS and CMA,User Issue,3/1/2026 10:55,3/2/2026 5:38,X6410019,X6410019,Escalated Tickets ,BSS POS
SD1857207,Closed,CMS Interaction,UOMS,Mobile,3/1/2026 10:55,3/1/2026 11:04,69470,69470,ITCMS,IT CMS
SD1857209,Closed,CMS Interaction,UOMS,Fixed Voic and Data,3/1/2026 11:00,4/5/2026 3:35,P1832151,S5801880,Escalated Tickets ,BIP Billing
SD1857210,Closed,CMS Interaction,CRM,No Data Found,3/1/2026 11:01,3/2/2026 3:20,X6410019,X6410019,Escalated Tickets ,BSS CRM
SD1857215,Closed,CMS Interaction,UOMS,WFBB,3/1/2026 11:08,3/1/2026 11:41,69566,69566,ITCMS,IT CMS
SD1857217,Closed,CMS Interaction,Pending Order,Fixed Voic and Data,3/1/2026 11:11,3/2/2026 6:10,scheduledAction,8.54905E+11,Escalated Tickets ,NEP Support
SD1857226,Closed,CMS Interaction,Pending Order,Mobile Postpaid,3/1/2026 11:29,3/1/2026 11:32,69470,69470,ITCMS,IT CMS
SD1857227,Closed,CMS Interaction,Pending Order,Fesibility Check Failure,3/1/2026 11:30,3/1/2026 16:07,scheduledAction,W0213873,Escalated Tickets ,NEP Support
SD1857229,Closed,CMS Interaction,Pending Order,Mobile Prepaid,3/1/2026 11:35,3/1/2026 11:37,69470,69470,ITCMS,IT CMS
SD1857234,Closed,CMS Interaction,Pending Order,Mobile Postpaid,3/1/2026 11:44,3/1/2026 11:49,69130,69130,ITCMS,IT CMS
SD1857235,Closed,CMS Interaction,Pending Order,BIP Failure,3/1/2026 11:44,3/1/2026 11:47,69130,69130,ITCMS,IT CMS
SD1857239,Closed,CMS Interaction,Pending Order,Mobile Postpaid,3/1/2026 11:48,3/1/2026 11:52,69130,69130,ITCMS,IT CMS
SD1857240,Closed,CMS Interaction,Pending Order,Mobile Postpaid,3/1/2026 11:49,3/1/2026 11:51,69130,69130,ITCMS,IT CMS
SD1857243,Closed,CMS Interaction,Pending Order,RTCS Failure,3/1/2026 11:55,3/1/2026 12:05,69130,69130,ITCMS,IT CMS
SD1857245,Closed,CMS Interaction,Pending Order,Mobile Postpaid,3/1/2026 11:58,3/1/2026 12:03,69130,69130,ITCMS,IT CMS
SD1857249,Closed,CMS Interaction,Pending Order,RTCS Failure,3/1/2026 12:07,3/1/2026 12:10,scheduledAction,69130,ITCMS,IT CMS
SD1857252,Closed,CMS Interaction,Pending Order,RTCS Failure,3/1/2026 12:08,3/1/2026 13:09,scheduledAction,scheduledAction,ITCMS,IT CMS
SD1857253,Closed,CMS Interaction,Pending Order,RTCS Failure,3/1/2026 12:09,3/1/2026 17:29,37230,37230,ITCMS,IT CMS
SD1857257,Closed,CMS Interaction,Pending Order,RTCS Failure,3/1/2026 12:15,3/1/2026 13:09,69130,69130,ITCMS,IT CMS
SD1857258,Closed,CMS Interaction,Pending Order,Fixed Voic and Data,3/1/2026 12:17,3/5/2026 7:23,LR1995699,LR1995699,Escalated Tickets ,NEP Support
SD1857260,Closed,CMS Interaction,POS and CMA,Reversal,3/1/2026 12:22,3/8/2026 1:09,X6410019,X6410019,Escalated Tickets ,BSS POS
SD1857265,Closed,CMS Interaction,POS and CMA,Reversal,3/1/2026 12:32,3/8/2026 1:11,X6410019,X6410019,Escalated Tickets ,BSS POS
SD1857268,Closed,CMS Interaction,Pending Order,Fixed Voic and Data,3/1/2026 12:43,3/1/2026 13:04,69130,69130,ITCMS,IT CMS
SD1857269,Closed,CMS Interaction,POS and CMA,Reversal,3/1/2026 12:47,3/8/2026 1:14,X6410019,X6410019,Escalated Tickets ,BSS POS
SD1857270,Closed,CMS Interaction,Pending Order,Mobile Postpaid,3/1/2026 12:47,3/3/2026 12:11,scheduledAction,70002,Escalated Tickets ,OSS Mediation Support
SD1857272,Closed,CMS Interaction,POS and CMA,User Issue,3/1/2026 12:50,3/1/2026 17:47,37230,37230,ITCMS,IT CMS
SD1857273,Closed,CMS Interaction,Pending Order,Mobile Postpaid,3/1/2026 12:59,3/1/2026 13:03,69130,69130,ITCMS,IT CMS
SD1857274,Closed,CMS Interaction,POS and CMA,Reversal,3/1/2026 13:00,3/8/2026 1:15,X6410019,X6410019,Escalated Tickets ,BSS POS
SD1857275,Closed,CMS Interaction,RTCS,Short code and SMS,3/1/2026 13:07,3/1/2026 13:26,69130,69130,ITCMS,IT CMS
SD1857276,Closed,CMS Interaction,POS and CMA,Reversal,3/1/2026 13:10,3/8/2026 1:17,X6410019,X6410019,Escalated Tickets ,BSS POS
SD1857278,Closed,CMS Interaction,RTCS,Data Usage,3/1/2026 13:29,3/1/2026 18:10,37230,37230,ITCMS,IT CMS
SD1857279,Closed,CMS Interaction,Pending Order,Mobile Postpaid,3/1/2026 13:32,3/1/2026 17:27,37230,37230,ITCMS,IT CMS
SD1857280,Closed,CMS Interaction,RTCS,Short code and SMS,3/1/2026 13:38,3/1/2026 16:29,69496,69496,ITCMS,IT CMS
SD1857281,Closed,CMS Interaction,Pending Order,BIP Failure,3/1/2026 13:57,3/1/2026 14:58,69496,69496,ITCMS,IT CMS
SD1857282,Closed,CMS Interaction,RTCS,Short code and SMS,3/1/2026 14:01,3/1/2026 18:08,37230,37230,ITCMS,IT CMS
SD1857283,Closed,CMS Interaction,Pending Order,Mobile Postpaid,3/1/2026 14:04,3/1/2026 15:19,69496,69496,ITCMS,IT CMS
SD1857284,Closed,CMS Interaction,Pending Order,Mobile Postpaid,3/1/2026 14:13,3/1/2026 14:56,69496,69496,ITCMS,IT CMS
SD1857285,Closed,CMS Interaction,RTCS,Short code and SMS,3/1/2026 14:57,3/1/2026 17:38,37230,37230,ITCMS,IT CMS
SD1857286,Closed,CMS Interaction,RTCS,Short code and SMS,3/1/2026 14:57,3/1/2026 15:36,69496,69496,ITCMS,IT CMS
SD1857288,Closed,CMS Interaction,CRM,Call details Routine,3/1/2026 15:32,3/2/2026 6:05,71009,71009,Escalated Tickets ,OSS Mediation Support
SD1857292,Closed,CMS Interaction,UOMS,Fixed Voic and Data,3/1/2026 15:45,3/2/2026 3:51,69577,69577,ITCMS,IT CMS
SD1857293,Closed,CMS Interaction,RTCS,Short code and SMS,3/1/2026 15:47,3/1/2026 15:49,69496,69496,ITCMS,IT CMS
SD1857294,Closed,CMS Interaction,RTCS,Short code and SMS,3/1/2026 15:47,3/1/2026 17:34,37230,37230,ITCMS,IT CMS
SD1857295,Closed,CMS Interaction,Pending Order,Mobile Prepaid,3/1/2026 15:52,3/1/2026 16:07,scheduledAction,scheduledAction,ITCMS,IT CMS
SD1857296,Closed,CMS Interaction,CRM,Other,3/1/2026 16:08,3/1/2026 16:19,69496,69496,ITCMS,IT CMS
SD1857297,Closed,CMS Interaction,ITA,ITA,3/1/2026 16:11,3/1/2026 18:07,37230,37230,ITCMS,IT CMS
SD1857298,Closed,CMS Interaction,Pending Order,Fesibility Check Failure,3/1/2026 16:15,3/2/2026 6:02,71009,71009,Escalated Tickets ,OSS Mediation Support
SD1857300,Closed,CMS Interaction,Pending Order,Mobile Postpaid,3/1/2026 16:25,3/1/2026 17:42,scheduledAction,37230,ITCMS,IT CMS
SD1857301,Closed,CMS Interaction,Pending Order,WFBB Order,3/1/2026 16:32,3/2/2026 17:44,scheduledAction,19715928,Escalated Tickets ,ARBOR SUPPORT
SD1857302,Closed,CMS Interaction,Pending Order,RTCS Failure,3/1/2026 16:37,3/1/2026 17:38,37230,37230,ITCMS,IT CMS
SD1857303,Closed,CMS Interaction,Pending Order,Mobile Postpaid,3/1/2026 16:42,3/1/2026 17:44,37230,37230,ITCMS,IT CMS
SD1857304,Closed,CMS Interaction,UOMS,Fixed Voic and Data,3/1/2026 16:47,3/1/2026 18:06,37230,37230,ITCMS,IT CMS
SD1857305,Closed,CMS Interaction,UOMS,Mobile,3/1/2026 16:48,3/2/2026 3:18,X6410019,X6410019,Escalated Tickets ,BSS CRM
SD1857307,Closed,CMS Interaction,BIP Billing,Bill Issue,3/1/2026 16:52,3/2/2026 7:34,J2226589,J2226589,Escalated Tickets ,BIP Billing
SD1857308,Closed,CMS Interaction,Pending Order,Mobile Postpaid,3/1/2026 16:55,3/3/2026 6:52,Q511636,Q511636,Escalated Tickets ,BSS CRM
SD1857309,Closed,CMS Interaction,Pending Order,RTCS Failure,3/1/2026 16:57,3/1/2026 18:10,scheduledAction,19715928,Escalated Tickets ,ARBOR SUPPORT
SD1857310,Closed,CMS Interaction,UOMS,Mobile,3/1/2026 16:57,3/2/2026 5:53,71009,71009,Escalated Tickets ,OSS Mediation Support
SD1857311,Closed,CMS Interaction,Pending Order,Mobile Prepaid,3/1/2026 17:08,3/1/2026 17:45,37230,37230,ITCMS,IT CMS
SD1857312,Closed,CMS Interaction,RTCS,Short code and SMS,3/1/2026 17:10,3/2/2026 7:34,69566,69566,ITCMS,IT CMS
SD1857313,Closed,CMS Interaction,UOMS,Mobile,3/1/2026 17:18,3/1/2026 18:21,37230,37230,ITCMS,IT CMS
SD1857314,Closed,CMS Interaction,Pending Order,Mobile Prepaid,3/1/2026 17:20,3/1/2026 17:42,scheduledAction,37230,ITCMS,IT CMS
SD1857315,Closed,CMS Interaction,CRM,Other,3/1/2026 17:25,3/1/2026 18:19,37230,37230,ITCMS,IT CMS
SD1857316,Closed,CMS Interaction,BIP Billing,Bill Issue,3/1/2026 17:28,3/7/2026 21:48,L7990290,L7990290,Escalated Tickets ,BSS iPDF
SD1857317,Closed,CMS Interaction,Pending Order,Mobile Prepaid,3/1/2026 17:38,3/1/2026 17:58,37230,37230,ITCMS,IT CMS
SD1857318,Closed,CMS Interaction,UOMS,Mobile,3/1/2026 17:40,3/2/2026 2:54,69496,69496,ITCMS,IT CMS
SD1857320,Closed,CMS Interaction,UOMS,Mobile,3/1/2026 17:47,3/3/2026 3:12,12349939,19715928,Escalated Tickets ,ARBOR SUPPORT
SD1857321,Closed,CMS Interaction,CRM,Other,3/1/2026 17:49,3/1/2026 18:01,37230,37230,ITCMS,IT CMS
SD1857322,Closed,CMS Interaction,UOMS,Mobile,3/1/2026 17:50,3/1/2026 18:02,37230,37230,ITCMS,IT CMS
SD1857323,Closed,CMS Interaction,UOMS,Mobile,3/1/2026 17:51,3/3/2026 8:56,19715928,19715928,Escalated Tickets ,ARBOR SUPPORT
SD1857324,Closed,CMS Interaction,Enterprise Billing,Reversal Issue,3/1/2026 17:52,3/8/2026 1:19,X6410019,X6410019,Escalated Tickets ,BSS POS
SD1857327,Closed,CMS Interaction,UOMS,Mobile,3/1/2026 17:56,3/2/2026 4:58,05766431,05766431,ITCMS,IT CMS
SD1857331,Closed,CMS Interaction,UOMS,Mobile,3/1/2026 17:58,3/2/2026 5:50,71009,71009,Escalated Tickets ,OSS Mediation Support
SD1857332,Closed,CMS Interaction,CRM,Realize Number Issue,3/1/2026 17:59,3/1/2026 18:05,37230,37230,ITCMS,IT CMS
SD1857333,Closed,CMS Interaction,CRM,Realize Number Issue,3/1/2026 18:00,3/1/2026 18:04,37230,37230,ITCMS,IT CMS
SD1857334,Closed,CMS Interaction,BIP Billing,Bill Amount Mismatch,3/1/2026 18:01,3/2/2026 7:38,J2226589,J2226589,Escalated Tickets ,BIP Billing
SD1857335,Closed,CMS Interaction,UOMS,WFBB,3/1/2026 18:08,3/2/2026 7:39,J2226589,J2226589,Escalated Tickets ,BIP Billing
SD1857336,Closed,CMS Interaction,RTCS,Short code and SMS,3/1/2026 18:17,3/1/2026 18:22,37230,37230,ITCMS,IT CMS
SD1857337,Closed,CMS Interaction,Pending Order,BIP Failure,3/1/2026 18:25,3/1/2026 19:19,scheduledAction,scheduledAction,ITCMS,IT CMS
SD1857338,Closed,CMS Interaction,BIP Billing,Bill Issue,3/1/2026 18:27,3/2/2026 7:41,J2226589,J2226589,Escalated Tickets ,BIP Billing
SD1857339,Closed,CMS Interaction,Pending Order,WFBB Order,3/1/2026 18:36,3/1/2026 19:24,37230,37230,ITCMS,IT CMS
SD1857340,Closed,CMS Interaction,Pending Order,BIP Failure,3/1/2026 18:42,3/1/2026 19:19,scheduledAction,scheduledAction,ITCMS,IT CMS
SD1857341,Closed,CMS Interaction,Preorder Issue,Others,3/1/2026 18:45,3/8/2026 1:20,X6410019,X6410019,Escalated Tickets ,BSS CRM
SD1857342,Closed,CMS Interaction,Pending Order,Mobile Postpaid,3/1/2026 18:46,3/1/2026 19:25,37230,37230,ITCMS,IT CMS
SD1857343,Closed,CMS Interaction,Pending Order,Fixed Voic and Data,3/1/2026 18:58,3/1/2026 19:25,37230,37230,ITCMS,IT CMS
SD1857344,Closed,CMS Interaction,Pending Order,BIP Failure,3/1/2026 18:59,3/1/2026 19:19,scheduledAction,scheduledAction,ITCMS,IT CMS
SD1857345,Closed,CMS Interaction,Pending Order,Mobile Prepaid,3/1/2026 18:59,3/1/2026 19:19,scheduledAction,scheduledAction,ITCMS,IT CMS
SD1857346,Closed,CMS Interaction,Pending Order,BIP Failure,3/1/2026 19:05,3/1/2026 19:19,scheduledAction,scheduledAction,ITCMS,IT CMS
SD1857347,Closed,CMS Interaction,RTCS,Short code and SMS,3/1/2026 19:19,3/1/2026 19:29,37230,37230,ITCMS,IT CMS
SD1857348,Closed,CMS Interaction,CRM,CRM Down,3/1/2026 19:23,3/1/2026 19:27,37230,37230,ITCMS,IT CMS
SD1857349,Closed,CMS Interaction,UOMS,PortOut/PortIN,3/1/2026 19:54,3/2/2026 5:44,71009,71009,Escalated Tickets ,OSS Mediation Support
SD1857350,Closed,CMS Interaction,UOMS,Mobile,3/1/2026 20:11,3/2/2026 13:56,69130,69130,ITCMS,IT CMS
SD1857351,Closed,CMS Interaction,RTCS,Short code and SMS,3/1/2026 20:57,3/2/2026 2:38,69496,69496,ITCMS,IT CMS
SD1857352,Closed,CMS Interaction,UOMS,Mobile,3/1/2026 21:02,3/2/2026 3:47,69577,69577,ITCMS,IT CMS
SD1857353,Closed,CMS Interaction,RTCS,Short code and SMS,3/1/2026 23:21,3/2/2026 2:31,69496,69496,ITCMS,IT CMS
SD1857354,Closed,CMS Interaction,BIP Billing,Others,3/2/2026 0:40,3/2/2026 3:45,69577,69577,ITCMS,IT CMS
SD1857355,Closed,CMS Interaction,BIP Billing,Others,3/2/2026 1:09,3/2/2026 7:45,J2226589,J2226589,Escalated Tickets ,BIP Billing
SD1857356,Closed,CMS Interaction,CRM,No Data Found,3/2/2026 1:15,3/2/2026 3:44,69577,69577,ITCMS,IT CMS
SD1857358,Closed,CMS Interaction,BIP Billing,Others,3/2/2026 2:24,3/2/2026 3:37,69577,69577,ITCMS,IT CMS
SD1857360,Closed,CMS Interaction,Pending Order,Mobile Postpaid,3/2/2026 3:34,3/2/2026 3:39,scheduledAction,69517,ITCMS,IT CMS
SD1857361,Closed,CMS Interaction,Pending Order,MPLS order,3/2/2026 4:01,4/6/2026 5:29,scheduledAction,68523,Activation Support,Activation Support
SD1857362,Closed,CMS Interaction,Pending Order,MPLS order,3/2/2026 4:01,3/2/2026 4:09,scheduledAction,scheduledAction,Activation Support,Activation Support
SD1857363,Closed,CMS Interaction,Pending Order,MPLS order,3/2/2026 4:01,4/6/2026 5:29,scheduledAction,68523,Activation Support,Activation Support
SD1857364,Closed,CMS Interaction,Pending Order,MPLS order,3/2/2026 4:01,3/2/2026 15:46,scheduledAction,69509,Activation Support,Activation Support
SD1857365,Closed,CMS Interaction,Pending Order,MPLS order,3/2/2026 4:01,4/6/2026 5:29,scheduledAction,68523,Activation Support,Activation Support
SD1857366,Closed,CMS Interaction,Pending Order,MPLS order,3/2/2026 4:01,3/8/2026 11:24,scheduledAction,69509,Activation Support,Activation Support
SD1857367,Closed,CMS Interaction,Pending Order,MPLS order,3/2/2026 4:01,4/6/2026 5:29,scheduledAction,68523,Activation Support,Activation Support
SD1857368,Closed,CMS Interaction,Pending Order,MPLS order,3/2/2026 4:02,3/2/2026 4:09,scheduledAction,scheduledAction,Activation Support,Activation Support
SD1857369,Closed,CMS Interaction,Pending Order,MPLS order,3/2/2026 4:02,3/2/2026 4:09,scheduledAction,scheduledAction,Activation Support,Activation Support
SD1857370,Closed,CMS Interaction,Pending Order,MPLS order,3/2/2026 4:02,4/6/2026 5:56,scheduledAction,68523,Activation Support,Activation Support
SD1857371,Closed,CMS Interaction,Pending Order,MPLS order,3/2/2026 4:02,4/6/2026 5:56,scheduledAction,68523,Activation Support,Activation Support
SD1857372,Closed,CMS Interaction,Pending Order,MPLS order,3/2/2026 4:02,4/6/2026 5:29,scheduledAction,68523,Activation Support,Activation Support
SD1857373,Closed,CMS Interaction,Pending Order,MPLS order,3/2/2026 4:02,4/6/2026 5:29,scheduledAction,68523,Activation Support,Activation Support
SD1857374,Closed,CMS Interaction,Pending Order,MPLS order,3/2/2026 4:02,3/9/2026 7:49,scheduledAction,68523,Activation Support,Activation Support
SD1857375,Closed,CMS Interaction,Pending Order,MPLS order,3/2/2026 4:02,4/6/2026 5:29,scheduledAction,68523,Activation Support,Activation Support
SD1857376,Closed,CMS Interaction,Pending Order,MPLS order,3/2/2026 4:02,4/6/2026 5:29,scheduledAction,68523,Activation Support,Activation Support
SD1857377,Closed,CMS Interaction,Pending Order,MPLS order,3/2/2026 4:02,4/6/2026 5:29,scheduledAction,68523,Activation Support,Activation Support
SD1857378,Closed,CMS Interaction,Pending Order,MPLS order,3/2/2026 4:02,4/6/2026 5:29,scheduledAction,68523,Activation Support,Activation Support
SD1857379,In Progress,CMS Interaction,Pending Order,MPLS order,3/2/2026 4:03,,,68523,Activation Support,Activation Support
SD1857380,Closed,CMS Interaction,Pending Order,MPLS order,3/2/2026 4:03,4/6/2026 5:29,scheduledAction,68523,Activation Support,Activation Support
SD1857381,Closed,CMS Interaction,Pending Order,MPLS order,3/2/2026 4:03,4/6/2026 5:29,scheduledAction,68523,Activation Support,Activation Support
SD1857382,Closed,CMS Interaction,Pending Order,MPLS order,3/2/2026 4:03,4/6/2026 5:29,scheduledAction,68523,Activation Support,Activation Support
SD1857383,Closed,CMS Interaction,Pending Order,MPLS order,3/2/2026 4:03,4/6/2026 5:56,scheduledAction,68523,Activation Support,Activation Support
SD1857385,Closed,CMS Interaction,Pending Order,Mobile Postpaid,3/2/2026 4:16,3/2/2026 4:48,05766431,05766431,ITCMS,IT CMS
SD1857386,Closed,CMS Interaction,UOMS,Mobile,3/2/2026 4:21,3/15/2026 6:29,19715928,19715928,Escalated Tickets ,ARBOR SUPPORT
SD1857398,Closed,CMS Interaction,CRM,Other,3/2/2026 5:16,3/4/2026 7:21,19715928,19715928,Escalated Tickets ,ARBOR SUPPORT
SD1857405,Closed,CMS Interaction,Pending Order,Fixed Voic and Data,3/2/2026 5:22,3/2/2026 5:24,69517,69517,ITCMS,IT CMS
SD1857406,Closed,CMS Interaction,Pending Order,Fixed Voic and Data,3/2/2026 5:25,3/4/2026 7:24,19715928,19715928,Escalated Tickets ,ARBOR SUPPORT
SD1857407,Pending Other,CMS Interaction,Pending Order,WFBB Order,3/2/2026 5:25,,,LR1995699,Escalated Tickets ,NEP Support
SD1857413,Closed,CMS Interaction,CRM,Other,3/2/2026 5:32,3/2/2026 7:02,05766431,05766431,ITCMS,IT CMS
SD1857416,Closed,CMS Interaction,Pending Order,WFBB Order,3/2/2026 5:35,3/2/2026 8:24,69496,69496,ITCMS,IT CMS
SD1857417,Closed,CMS Interaction,CRM,Other,3/2/2026 5:35,3/2/2026 6:53,05766431,05766431,ITCMS,IT CMS
SD1857422,Closed,CMS Interaction,Pending Order,Mobile Postpaid,3/2/2026 5:40,3/2/2026 6:12,69517,69517,ITCMS,IT CMS
SD1857424,Closed,CMS Interaction,Pending Order,Mobile Postpaid,3/2/2026 5:42,3/2/2026 6:10,69517,69517,ITCMS,IT CMS
SD1857432,Closed,CMS Interaction,Pending Order,Mobile Prepaid,3/2/2026 5:48,3/2/2026 10:45,70699048,70699048,Escalated Tickets ,BSS Interface
SD1857433,Closed,CMS Interaction,Pending Order,Mobile Postpaid,3/2/2026 5:50,3/2/2026 6:10,scheduledAction,69517,ITCMS,IT CMS
SD1857450,Closed,CMS Interaction,UOMS,Mobile,3/2/2026 5:59,3/5/2026 3:39,19715928,19715928,Escalated Tickets ,ARBOR SUPPORT
SD1857480,Closed,CMS Interaction,Pending Order,Mobile Postpaid,3/2/2026 6:25,3/2/2026 7:00,05766431,05766431,ITCMS,IT CMS
SD1857485,Closed,CMS Interaction,Pending Order,Mobile Postpaid,3/2/2026 6:27,3/2/2026 6:49,05766431,05766431,ITCMS,IT CMS
SD1857488,Closed,CMS Interaction,CRM,Other,3/2/2026 6:29,3/2/2026 7:44,69566,69566,ITCMS,IT CMS
SD1857491,Closed,CMS Interaction,UOMS,Fixed Voic and Data,3/2/2026 6:30,3/3/2026 7:55,05766431,05766431,ITCMS,IT CMS
SD1857495,Closed,CMS Interaction,Billing,Arbor,3/2/2026 6:36,3/7/2026 2:07,S630048,S630048,Escalated Tickets ,ARBOR SUPPORT
SD1857496,Closed,CMS Interaction,Pending Order,Mobile Prepaid,3/2/2026 6:35,3/2/2026 6:58,05766431,05766431,ITCMS,IT CMS
SD1857498,Closed,CMS Interaction,UOMS,WFBB,3/2/2026 6:36,3/17/2026 23:06,S630048,S630048,Escalated Tickets ,ARBOR SUPPORT
SD1857499,Closed,CMS Interaction,CRM,Other,3/2/2026 6:36,3/2/2026 6:48,05766431,05766431,ITCMS,IT CMS
SD1857501,Closed,CMS Interaction,Pending Order,BIP Failure,3/2/2026 6:37,3/2/2026 10:43,70699048,70699048,Escalated Tickets ,BSS Interface
SD1857505,Closed,CMS Interaction,Pending Order,RTCS Failure,3/2/2026 6:43,3/2/2026 6:46,05766431,05766431,ITCMS,IT CMS
SD1857506,Closed,CMS Interaction,HBB User Name,User ID Inactive,3/2/2026 6:45,3/2/2026 7:06,05766431,05766431,ITCMS,IT CMS
SD1857508,Closed,CMS Interaction,POS and CMA,Reversal,3/2/2026 6:45,3/8/2026 1:26,X6410019,X6410019,Escalated Tickets ,BSS POS
SD1857513,Closed,CMS Interaction,Pending Order,WFBB Order,3/2/2026 6:48,3/2/2026 6:55,05766431,05766431,ITCMS,IT CMS
SD1857515,Closed,CMS Interaction,CRM,Other,3/2/2026 6:48,3/2/2026 6:55,05766431,05766431,ITCMS,IT CMS
SD1857524,Closed,CMS Interaction,Pending Order,Fixed Voic and Data,3/2/2026 6:51,3/8/2026 1:28,X6410019,X6410019,Escalated Tickets ,BSS CRM
SD1857525,Closed,CMS Interaction,RTCS,Short code and SMS,3/2/2026 6:51,3/2/2026 7:16,21498,21498,VAS,VAS
SD1857536,Closed,CMS Interaction,Pending Order,Mobile Postpaid,3/2/2026 6:56,3/2/2026 6:59,05766431,05766431,ITCMS,IT CMS
SD1857538,Closed,CMS Interaction,Pending Order,Mobile Postpaid,3/2/2026 6:57,3/3/2026 15:24,70699048,70699048,Escalated Tickets ,BSS Interface
SD1857544,Closed,CMS Interaction,Pending Order,WFBB Order,3/2/2026 6:58,3/2/2026 7:05,69577,69577,ITCMS,IT CMS
SD1857546,Closed,CMS Interaction,RTCS,Short code and SMS,3/2/2026 6:59,3/3/2026 4:49,69577,69577,ITCMS,IT CMS
SD1857556,Closed,CMS Interaction,Pending Order,Fixed Voic and Data,3/2/2026 7:02,3/3/2026 4:26,scheduledAction,8.54905E+11,Escalated Tickets ,NEP Support
SD1857558,Closed,CMS Interaction,Pending Order,Mobile Prepaid,3/2/2026 7:03,3/2/2026 7:05,05766431,05766431,ITCMS,IT CMS
SD1857561,Closed,CMS Interaction,Pending Order,Mobile Prepaid,3/2/2026 7:07,3/2/2026 7:13,05766431,05766431,ITCMS,IT CMS
SD1857564,Closed,CMS Interaction,Pending Order,Fesibility Check Failure,3/2/2026 7:08,3/2/2026 7:49,scheduledAction,69577,ITCMS,IT CMS
SD1857567,Closed,CMS Interaction,Pending Order,Mobile Prepaid,3/2/2026 7:10,3/2/2026 7:17,05766431,05766431,ITCMS,IT CMS
SD1857580,Closed,CMS Interaction,Pending Order,RTCS Failure,3/2/2026 7:19,3/2/2026 7:43,05766431,05766431,ITCMS,IT CMS
SD1857588,Closed,CMS Interaction,Pending Order,Fixed Voic and Data,3/2/2026 7:24,3/2/2026 11:29,scheduledAction,W0213873,Escalated Tickets ,NEP Support
SD1857590,Closed,CMS Interaction,Pending Order,WFBB Order,3/2/2026 7:26,3/2/2026 10:33,70699048,70699048,Escalated Tickets ,BSS Interface
SD1857596,Closed,CMS Interaction,UOMS,Mobile,3/2/2026 7:27,3/3/2026 10:22,19715928,19715928,Escalated Tickets ,ARBOR SUPPORT
SD1857602,Closed,CMS Interaction,Pending Order,Fesibility Check Failure,3/2/2026 7:31,3/2/2026 9:54,scheduledAction,70274,Escalated Tickets ,OSS Mediation Support
SD1857609,Closed,CMS Interaction,BIP Billing,Others,3/2/2026 7:33,3/2/2026 21:27,L7990290,L7990290,Escalated Tickets ,BSS iPDF
SD1857610,Closed,CMS Interaction,Pending Order,Mobile Postpaid,3/2/2026 7:34,3/2/2026 7:41,05766431,05766431,ITCMS,IT CMS
SD1857617,Closed,CMS Interaction,UOMS,Mobile,3/2/2026 7:39,3/2/2026 10:32,05766431,05766431,ITCMS,IT CMS
SD1857619,Closed,CMS Interaction,Pending Order,Fixed Voic and Data,3/2/2026 7:40,3/2/2026 7:49,scheduledAction,scheduledAction,ITCMS,IT CMS
SD1857621,Closed,CMS Interaction,Pending Order,Mobile Prepaid,3/2/2026 7:41,3/2/2026 7:42,05766431,05766431,ITCMS,IT CMS
SD1857622,Closed,CMS Interaction,Pending Order,Mobile Postpaid,3/2/2026 7:42,3/2/2026 9:54,scheduledAction,69517,ITCMS,IT CMS
SD1857623,Closed,CMS Interaction,CRM,Other,3/2/2026 7:43,3/2/2026 10:32,05766431,05766431,ITCMS,IT CMS
SD1857624,Closed,CMS Interaction,CRM,Other,3/2/2026 7:45,3/2/2026 9:28,69566,69566,ITCMS,IT CMS
SD1857626,Closed,CMS Interaction,RTCS,Short code and SMS,3/2/2026 7:47,3/3/2026 10:49,19715928,19715928,Escalated Tickets ,ARBOR SUPPORT
SD1857627,Closed,CMS Interaction,Pending Order,Mobile Prepaid,3/2/2026 7:50,3/2/2026 8:06,69517,69517,ITCMS,IT CMS
SD1857629,Closed,CMS Interaction,CRM,Other,3/2/2026 7:52,3/2/2026 10:15,71009,71009,Escalated Tickets ,OSS Mediation Support
SD1857630,Closed,CMS Interaction,CRM,No Data Found,3/2/2026 7:56,3/23/2026 4:23,19715928,19715928,Escalated Tickets ,ARBOR SUPPORT
SD1857631,Closed,CMS Interaction,Pending Order,Mobile Postpaid,3/2/2026 7:56,3/3/2026 7:03,69496,69496,ITCMS,IT CMS
SD1857632,Closed,CMS Interaction,Pending Order,RTCS Failure,3/2/2026 7:58,3/2/2026 8:03,69517,69517,ITCMS,IT CMS
SD1857635,Closed,CMS Interaction,RTCS,Short code and SMS,3/2/2026 7:59,3/2/2026 8:18,21498,21498,VAS,VAS
SD1857636,Closed,CMS Interaction,Pending Order,Fixed Voic and Data,3/2/2026 8:00,3/2/2026 8:02,69566,69566,ITCMS,IT CMS
SD1857640,Closed,CMS Interaction,Pending Order,Mobile Postpaid,3/2/2026 8:01,3/2/2026 8:55,19715928,69517,ITCMS,IT CMS
SD1857647,Closed,CMS Interaction,Pending Order,Mobile Postpaid,3/2/2026 8:04,3/2/2026 8:13,69496,69496,ITCMS,IT CMS
SD1857650,Closed,CMS Interaction,CRM,Other,3/2/2026 8:05,3/2/2026 9:42,69566,69566,ITCMS,IT CMS
SD1857651,Closed,CMS Interaction,CRM,Other,3/2/2026 8:05,3/10/2026 8:55,69566,69566,ITCMS,IT CMS
SD1857655,Closed,CMS Interaction,UOMS,PortOut/PortIN,3/2/2026 8:07,3/2/2026 9:41,69566,69566,ITCMS,IT CMS
SD1857657,Closed,CMS Interaction,Pending Order,Mobile Prepaid,3/2/2026 8:09,3/2/2026 10:37,69470,69470,ITCMS,IT CMS
SD1857658,Closed,CMS Interaction,Pending Order,BIP Failure,3/2/2026 8:09,3/2/2026 8:26,05766431,05766431,ITCMS,IT CMS
SD1857659,Closed,CMS Interaction,Pending Order,ITA order,3/2/2026 8:10,3/4/2026 4:15,19715928,19715928,Escalated Tickets ,ARBOR SUPPORT
SD1857661,Closed,CMS Interaction,Pending Order,Mobile Prepaid,3/2/2026 8:12,3/2/2026 8:15,69470,69470,ITCMS,IT CMS
SD1857662,Closed,CMS Interaction,CRM,Other,3/2/2026 8:13,3/2/2026 10:38,69470,69470,ITCMS,IT CMS
SD1857664,Closed,CMS Interaction,Pending Order,ITA order,3/2/2026 8:16,3/2/2026 8:22,scheduledAction,69470,ITCMS,IT CMS
SD1857665,Closed,CMS Interaction,CRM,Other,3/2/2026 8:16,3/2/2026 8:22,05766431,05766431,ITCMS,IT CMS
SD1857666,Closed,CMS Interaction,CRM,Other,3/2/2026 8:17,3/2/2026 8:20,05766431,05766431,ITCMS,IT CMS
SD1857674,Closed,CMS Interaction,RTCS,Short code and SMS,3/2/2026 8:22,3/4/2026 6:43,11125603,11125603,ITCMS,IT CMS
SD1857676,Closed,CMS Interaction,Pending Order,Fixed Voic and Data,3/2/2026 8:27,3/4/2026 8:03,19715928,19715928,Escalated Tickets ,ARBOR SUPPORT
SD1857677,Closed,CMS Interaction,Pending Order,Mobile Prepaid,3/2/2026 8:27,3/2/2026 8:28,69470,69470,ITCMS,IT CMS
SD1857679,Closed,CMS Interaction,UOMS,Fixed Voic and Data,3/2/2026 8:28,3/4/2026 7:11,Q511636,Q511636,Escalated Tickets ,BSS CRM
SD1857680,Closed,CMS Interaction,Apple watch,activation,3/2/2026 8:29,3/2/2026 8:33,05766431,05766431,ITCMS,IT CMS
SD1857682,Closed,CMS Interaction,UOMS,WFBB,3/2/2026 8:31,3/4/2026 4:42,19715928,19715928,Escalated Tickets ,ARBOR SUPPORT
SD1857683,Closed,CMS Interaction,BIP Billing,Bill Issue,3/2/2026 8:32,3/3/2026 17:52,37230,37230,ITCMS,IT CMS
SD1857684,Closed,CMS Interaction,Pending Order,Mobile Prepaid,3/2/2026 8:34,3/2/2026 8:35,05766431,05766431,ITCMS,IT CMS
SD1857687,Closed,CMS Interaction,UOMS,Mobile,3/2/2026 8:35,3/2/2026 8:39,05766431,05766431,ITCMS,IT CMS
SD1857691,Closed,CMS Interaction,Pending Order,RTCS Failure,3/2/2026 8:41,3/2/2026 8:54,69470,69470,ITCMS,IT CMS
SD1857693,Closed,CMS Interaction,Enterprise Billing,Waiver/ Disocunt issue,3/2/2026 8:42,3/2/2026 18:45,37230,37230,ITCMS,IT-CMS Support
SD1857694,Closed,CMS Interaction,UOMS,Mobile,3/2/2026 8:42,3/2/2026 9:08,05766431,05766431,ITCMS,IT CMS
SD1857696,Closed,CMS Interaction,Pending Order,Fixed Voic and Data,3/2/2026 8:43,3/2/2026 9:06,05766431,05766431,ITCMS,IT CMS
SD1857698,Closed,CMS Interaction,Pending Order,Fixed Voic and Data,3/2/2026 8:45,3/2/2026 9:02,05766431,05766431,ITCMS,IT CMS
SD1857700,Closed,CMS Interaction,BIP Billing,Bill Issue,3/2/2026 8:49,3/2/2026 21:40,L7990290,L7990290,Escalated Tickets ,BSS iPDF
SD1857702,Closed,CMS Interaction,Pending Order,Fixed Voic and Data,3/2/2026 8:52,3/2/2026 13:44,69130,69130,ITCMS,IT CMS
SD1857707,Closed,CMS Interaction,Pending Order,Mobile Prepaid,3/2/2026 9:02,3/2/2026 9:04,69470,69470,ITCMS,IT CMS
SD1857709,Closed,CMS Interaction,RTCS,Data Usage,3/2/2026 9:06,3/2/2026 18:38,37230,37230,ITCMS,IT CMS
SD1857710,Closed,CMS Interaction,CRM,Other,3/2/2026 9:06,3/4/2026 7:13,Q511636,Q511636,Escalated Tickets ,BSS CRM
SD1857714,Closed,CMS Interaction,Pending Order,ITA order,3/2/2026 9:08,3/2/2026 13:41,69130,69130,ITCMS,IT CMS
SD1857715,Closed,CMS Interaction,CRM,Other,3/2/2026 9:09,3/2/2026 10:32,69130,69130,ITCMS,IT CMS
SD1857717,Closed,CMS Interaction,CRM,Other,3/2/2026 9:13,3/2/2026 9:16,69470,69470,ITCMS,IT CMS
SD1857718,Closed,CMS Interaction,Pending Order,Mobile Postpaid,3/2/2026 9:13,3/2/2026 9:17,69470,69470,ITCMS,IT CMS
SD1857721,Closed,CMS Interaction,Pending Order,Fixed Voic and Data,3/2/2026 9:16,3/2/2026 11:59,scheduledAction,scheduledAction,ITCMS,IT CMS
SD1857722,Closed,CMS Interaction,POS and CMA,Reversal,3/2/2026 9:19,3/8/2026 3:31,X6410019,X6410019,Escalated Tickets ,BSS POS
SD1857723,Closed,CMS Interaction,CRM,Other,3/2/2026 9:19,3/2/2026 10:28,69130,69130,ITCMS,IT CMS
SD1857724,Closed,CMS Interaction,BSS-iPDF,Old Bills,3/2/2026 9:19,3/23/2026 10:27,X6410019,X6410019,Escalated Tickets ,BSS CRM
SD1857725,Closed,CMS Interaction,Pending Order,Fixed Voic and Data,3/2/2026 9:22,3/2/2026 9:47,05766431,05766431,ITCMS,IT CMS
SD1857728,Closed,CMS Interaction,CRM,Other,3/2/2026 9:24,3/2/2026 18:36,37230,37230,ITCMS,IT CMS
SD1857729,Closed,CMS Interaction,Pending Order,Mobile Postpaid,3/2/2026 9:25,3/2/2026 18:18,37230,37230,ITCMS,IT CMS
SD1857731,Closed,CMS Interaction,Pending Order,Mobile Postpaid,3/2/2026 9:26,3/2/2026 18:15,37230,37230,ITCMS,IT CMS
SD1857734,Closed,CMS Interaction,Pending Order,Fesibility Check Failure,3/2/2026 9:30,3/2/2026 12:06,69566,69566,ITCMS,IT CMS
SD1857739,Closed,CMS Interaction,Pending Order,Mobile Prepaid,3/2/2026 9:36,3/2/2026 10:31,69470,69470,ITCMS,IT CMS
SD1857742,Closed,CMS Interaction,RTCS,Short code and SMS,3/2/2026 9:38,3/2/2026 11:10,69130,69130,ITCMS,IT CMS
SD1857743,Closed,CMS Interaction,Pending Order,Mobile Postpaid,3/2/2026 9:39,3/2/2026 9:49,69566,69566,ITCMS,IT CMS
SD1857747,Closed,CMS Interaction,UOMS,PortOut/PortIN,3/2/2026 9:42,3/2/2026 9:44,05766431,05766431,ITCMS,IT CMS
SD1857749,Closed,CMS Interaction,Pending Order,Mobile Prepaid,3/2/2026 9:44,3/2/2026 9:45,05766431,05766431,ITCMS,IT CMS
SD1857753,Closed,CMS Interaction,CRM,Other,3/2/2026 9:46,3/9/2026 2:05,12349939,12349939,Escalated Tickets ,ARBOR SUPPORT
SD1857755,Closed,CMS Interaction,UOMS,Fixed Voic and Data,3/2/2026 9:47,3/2/2026 10:02,69470,69470,ITCMS,IT CMS
SD1857756,Closed,CMS Interaction,Pending Order,Mobile Prepaid,3/2/2026 9:48,3/2/2026 9:49,05766431,05766431,ITCMS,IT CMS
SD1857757,Closed,CMS Interaction,Pending Order,Mobile Prepaid,3/2/2026 9:50,3/2/2026 9:52,69566,69566,ITCMS,IT CMS
SD1857762,Closed,CMS Interaction,Pending Order,Mobile Postpaid,3/2/2026 9:52,3/2/2026 10:03,69470,69470,ITCMS,IT CMS
SD1857764,Closed,CMS Interaction,RTCS,Short code and SMS,3/2/2026 9:55,3/2/2026 10:26,69130,69130,ITCMS,IT CMS
SD1857765,Closed,CMS Interaction,Pending Order,Mobile Prepaid,3/2/2026 9:56,3/2/2026 10:26,scheduledAction,69470,ITCMS,IT CMS
SD1857768,Closed,CMS Interaction,UOMS,Fixed Voic and Data,3/2/2026 10:02,3/2/2026 12:00,69566,69566,ITCMS,IT CMS
SD1857769,Closed,CMS Interaction,Pending Order,Mobile Postpaid,3/2/2026 10:03,3/2/2026 10:07,69470,69470,ITCMS,IT CMS
SD1857774,Closed,CMS Interaction,UOMS,Mobile,3/2/2026 10:06,3/3/2026 7:09,Q511636,Q511636,Escalated Tickets ,BSS CRM
SD1857775,Closed,CMS Interaction,Pending Order,Mobile Prepaid,3/2/2026 10:06,3/2/2026 10:26,69470,69470,ITCMS,IT CMS
SD1857776,Closed,CMS Interaction,CRM,No Data Found,3/2/2026 10:07,3/2/2026 10:25,69470,69470,ITCMS,IT CMS
SD1857781,Closed,CMS Interaction,CRM,Other,3/2/2026 10:09,3/2/2026 10:13,69470,69470,ITCMS,IT CMS
SD1857782,Closed,CMS Interaction,Pending Order,Fixed Voic and Data,3/2/2026 10:10,3/2/2026 10:24,69470,69470,ITCMS,IT CMS
SD1857783,Closed,CMS Interaction,Pending Order,Mobile Postpaid,3/2/2026 10:12,3/2/2026 10:20,69470,69470,ITCMS,IT CMS
SD1857785,Closed,CMS Interaction,Pending Order,BIP Failure,3/2/2026 10:13,3/2/2026 10:18,69470,69470,ITCMS,IT CMS
SD1857787,Closed,CMS Interaction,Pending Order,Mobile Prepaid,3/2/2026 10:16,3/2/2026 10:26,scheduledAction,69470,ITCMS,IT CMS
SD1857794,Closed,CMS Interaction,UOMS,Mobile,3/2/2026 10:26,3/3/2026 5:48,J2226589,J2226589,Escalated Tickets ,BIP Billing
SD1857797,Closed,CMS Interaction,Pending Order,Fixed Voic and Data,3/2/2026 10:27,3/2/2026 10:29,05766431,05766431,ITCMS,IT CMS
SD1857802,Closed,CMS Interaction,CRM,Other,3/2/2026 10:28,3/3/2026 5:53,J2226589,J2226589,Escalated Tickets ,BIP Billing
SD1857804,Closed,CMS Interaction,CRM,Other,3/2/2026 10:29,3/9/2026 6:40,Q511636,X6410019,Escalated Tickets ,BSS CRM
SD1857805,Closed,CMS Interaction,ITA,ITA,3/2/2026 10:30,3/2/2026 11:50,69566,69566,ITCMS,IT CMS
SD1857806,Closed,CMS Interaction,CRM,Other,3/2/2026 10:30,3/4/2026 7:22,11125603,11125603,ITCMS,IT CMS
SD1857807,Closed,CMS Interaction,Pending Order,Mobile Postpaid,3/2/2026 10:30,3/2/2026 10:36,05766431,05766431,ITCMS,IT CMS
SD1857811,Closed,CMS Interaction,Pending Order,RTCS Failure,3/2/2026 10:33,3/2/2026 10:40,05766431,05766431,ITCMS,IT CMS
SD1857813,Closed,CMS Interaction,CRM,Other,3/2/2026 10:35,3/2/2026 10:37,05766431,05766431,ITCMS,IT CMS
SD1857816,Closed,CMS Interaction,Pending Order,BIP Failure,3/2/2026 10:37,3/2/2026 10:40,69470,69470,ITCMS,IT CMS
SD1857821,Closed,CMS Interaction,UOMS,Fixed Voic and Data,3/2/2026 10:44,3/2/2026 11:07,69130,69130,ITCMS,IT CMS
SD1857823,Closed,CMS Interaction,Pending Order,Mobile Postpaid,3/2/2026 10:44,3/2/2026 10:49,69470,69470,ITCMS,IT CMS
SD1857826,Closed,CMS Interaction,CRM,Other,3/2/2026 10:47,3/3/2026 5:51,19715928,19715928,Escalated Tickets ,ARBOR SUPPORT
SD1857827,Closed,CMS Interaction,Pending Order,RTCS Failure,3/2/2026 10:49,3/2/2026 10:51,69470,69470,ITCMS,IT CMS
SD1857829,Closed,CMS Interaction,CRM,Other,3/2/2026 10:50,3/3/2026 8:24,69566,69566,ITCMS,IT CMS
SD1857832,Closed,CMS Interaction,CRM,Other,3/2/2026 10:57,3/2/2026 11:04,69130,69130,ITCMS,IT CMS
SD1857835,Closed,CMS Interaction,Pending Order,Mobile Postpaid,3/2/2026 11:01,3/2/2026 11:44,69566,69566,ITCMS,IT CMS
SD1857836,Closed,CMS Interaction,CRM,Other,3/2/2026 11:01,3/2/2026 11:43,69566,69566,ITCMS,IT CMS
SD1857837,Closed,CMS Interaction,CRM,Other,3/2/2026 11:02,3/2/2026 11:42,69566,69566,ITCMS,IT CMS
SD1857842,Closed,CMS Interaction,BIP Billing,Bill Issue,3/2/2026 11:08,3/2/2026 11:23,J2226589,J2226589,Escalated Tickets ,BIP Billing
SD1857847,Closed,CMS Interaction,Pending Order,Mobile Postpaid,3/2/2026 11:13,3/2/2026 11:39,69566,69566,ITCMS,IT CMS
SD1857848,Closed,CMS Interaction,CRM,Other,3/2/2026 11:20,3/22/2026 9:28,X6410019,X6410019,Escalated Tickets ,BSS CRM
SD1857851,Closed,CMS Interaction,BIP Billing,Bill Issue,3/2/2026 11:23,3/3/2026 5:58,J2226589,J2226589,Escalated Tickets ,BIP Billing
SD1857852,Closed,CMS Interaction,Pending Order,RTCS Failure,3/2/2026 11:25,3/2/2026 11:33,69566,69566,ITCMS,IT CMS
SD1857853,Closed,CMS Interaction,Pending Order,Mobile Postpaid,3/2/2026 11:26,3/2/2026 11:31,69566,69566,ITCMS,IT CMS
SD1857858,Closed,CMS Interaction,RTCS,Short code and SMS,3/2/2026 11:31,3/3/2026 6:01,J2226589,J2226589,Escalated Tickets ,BIP Billing
SD1857867,Closed,CMS Interaction,Pending Order,Fixed Voic and Data,3/2/2026 11:58,3/2/2026 12:02,69566,69566,ITCMS,IT CMS
SD1857870,Closed,CMS Interaction,Pending Order,RTCS Failure,3/2/2026 12:06,3/2/2026 12:19,69496,69496,ITCMS,IT CMS
SD1857873,Closed,CMS Interaction,UOMS,Mobile,3/2/2026 12:05,3/2/2026 18:07,37230,37230,ITCMS,IT CMS
SD1857877,Closed,CMS Interaction,Pending Order,Mobile Prepaid,3/2/2026 12:13,3/2/2026 12:18,69496,69496,ITCMS,IT CMS
SD1857880,Closed,CMS Interaction,Pending Order,Mobile Postpaid,3/2/2026 12:15,3/2/2026 12:17,69496,69496,ITCMS,IT CMS
SD1857889,Closed,CMS Interaction,UOMS,Fixed Voic and Data,3/2/2026 12:18,3/3/2026 8:13,71009,71009,Escalated Tickets ,OSS Mediation Support
SD1857914,Closed,CMS Interaction,UOMS,Mobile,3/2/2026 12:36,3/2/2026 13:26,69496,69496,ITCMS,IT CMS
SD1857928,Closed,CMS Interaction,UOMS,Mobile,3/2/2026 12:49,3/2/2026 18:06,37230,37230,ITCMS,IT CMS
SD1857940,Closed,CMS Interaction,RTCS,Data Usage,3/2/2026 13:03,3/2/2026 13:28,69130,69130,ITCMS,IT CMS
SD1857941,Closed,CMS Interaction,Pending Order,Mobile Postpaid,3/2/2026 13:12,3/2/2026 13:16,69496,69496,ITCMS,IT CMS
SD1857942,Closed,CMS Interaction,Pending Order,Mobile Prepaid,3/2/2026 13:16,3/2/2026 13:25,scheduledAction,scheduledAction,ITCMS,IT CMS
SD1857944,Closed,CMS Interaction,Pending Order,Mobile Prepaid,3/2/2026 13:25,3/2/2026 13:27,69130,69130,ITCMS,IT CMS
SD1857945,Closed,CMS Interaction,CRM,Other,3/2/2026 13:29,3/2/2026 13:31,69130,69130,ITCMS,IT CMS
SD1857946,Closed,CMS Interaction,RTCS,Data Usage,3/2/2026 13:30,3/3/2026 7:54,05766431,05766431,ITCMS,IT CMS
SD1857947,Closed,CMS Interaction,UOMS,Mobile,3/2/2026 13:32,3/3/2026 7:55,05766431,05766431,ITCMS,IT CMS
SD1857948,Closed,CMS Interaction,CRM,No Data Found,3/2/2026 13:34,3/2/2026 13:37,69130,69130,ITCMS,IT CMS
SD1857949,Closed,CMS Interaction,BIP Billing,Bill Issue,3/2/2026 13:55,3/3/2026 6:04,J2226589,J2226589,Escalated Tickets ,BIP Billing
SD1857950,Closed,CMS Interaction,CRM,Other,3/2/2026 13:57,3/17/2026 23:08,S630048,S630048,Escalated Tickets ,ARBOR SUPPORT
SD1857952,Closed,CMS Interaction,BIP Billing,Bill Issue,3/2/2026 14:01,3/3/2026 6:05,J2226589,J2226589,Escalated Tickets ,BIP Billing
SD1857953,Closed,CMS Interaction,UOMS,Mobile,3/2/2026 14:01,3/7/2026 2:17,S630048,S630048,Escalated Tickets ,ARBOR SUPPORT
SD1857954,Closed,CMS Interaction,Pending Order,Mobile Prepaid,3/2/2026 14:06,3/2/2026 14:22,scheduledAction,scheduledAction,ITCMS,IT CMS
SD1857956,Closed,CMS Interaction,BIP Billing,Bill Issue,3/2/2026 14:12,3/3/2026 6:07,J2226589,J2226589,Escalated Tickets ,BIP Billing
SD1857958,Closed,CMS Interaction,CRM,No Data Found,3/2/2026 14:36,3/3/2026 6:18,70141,70141,Escalated Tickets ,BSS RTCS
SD1857959,Closed,CMS Interaction,UOMS,Mobile,3/2/2026 14:57,3/3/2026 6:09,J2226589,J2226589,Escalated Tickets ,BIP Billing
SD1857960,Closed,CMS Interaction,BIP Billing,Bill Issue,3/2/2026 15:03,3/3/2026 6:10,J2226589,J2226589,Escalated Tickets ,BIP Billing
SD1857961,Closed,CMS Interaction,UOMS,Mobile,3/2/2026 15:10,3/3/2026 4:59,69577,69577,ITCMS,IT CMS
SD1857962,Closed,CMS Interaction,BIP Billing,Bill Issue,3/2/2026 15:16,3/3/2026 6:10,J2226589,J2226589,Escalated Tickets ,BIP Billing
SD1857963,Closed,CMS Interaction,Pending Order,Fixed Voic and Data,3/2/2026 15:17,3/8/2026 12:58,W0213873,8.54905E+11,Escalated Tickets ,NEP Support
SD1857964,Closed,CMS Interaction,UOMS,Mobile,3/2/2026 15:18,3/2/2026 18:33,37230,37230,ITCMS,IT CMS
SD1857965,Closed,CMS Interaction,RTCS,Data Usage,3/2/2026 15:32,3/3/2026 8:15,12085,12085,Escalated Tickets ,BSS RTCS
SD1857966,Closed,CMS Interaction,UOMS,Fixed Voic and Data,3/2/2026 15:33,3/3/2026 8:10,71009,71009,Escalated Tickets ,OSS Mediation Support
SD1857967,Closed,CMS Interaction,Pending Order,Mobile Postpaid,3/2/2026 15:38,3/2/2026 15:46,scheduledAction,scheduledAction,ITCMS,IT CMS
SD1857968,Closed,CMS Interaction,BIP Billing,Bill Issue,3/2/2026 15:41,3/3/2026 6:11,J2226589,J2226589,Escalated Tickets ,BIP Billing
SD1857971,Closed,CMS Interaction,UOMS,Fixed Voic and Data,3/2/2026 16:20,3/3/2026 17:43,37230,37230,ITCMS,IT CMS
SD1857972,Closed,CMS Interaction,Pending Order,RTCS Failure,3/2/2026 16:28,3/2/2026 17:52,37230,37230,ITCMS,IT CMS
SD1857973,Closed,CMS Interaction,RTCS,Data Usage,3/2/2026 16:28,3/3/2026 5:00,69577,69577,ITCMS,IT CMS
SD1857974,Closed,CMS Interaction,Pending Order,Fixed Voic and Data,3/2/2026 16:29,3/2/2026 19:09,37230,37230,ITCMS,IT CMS
SD1857975,Closed,CMS Interaction,CRM,No Data Found,3/2/2026 16:31,3/2/2026 18:32,37230,37230,ITCMS,IT CMS
SD1857976,Closed,CMS Interaction,Pending Order,WFBB Order,3/2/2026 16:39,3/2/2026 17:51,37230,37230,ITCMS,IT CMS
SD1857978,Closed,CMS Interaction,Pending Order,Mobile Prepaid,3/2/2026 16:51,3/2/2026 18:10,scheduledAction,70699048,Escalated Tickets ,BSS Interface
SD1857979,Closed,CMS Interaction,Pending Order,Fesibility Check Failure,3/2/2026 16:54,3/4/2026 7:36,scheduledAction,19715928,Escalated Tickets ,ARBOR SUPPORT
SD1857981,Closed,CMS Interaction,Pending Order,Mobile Postpaid,3/2/2026 16:59,3/3/2026 13:28,70699048,70699048,Escalated Tickets ,BSS Interface
SD1857982,Closed,CMS Interaction,Pending Order,BIP Failure,3/2/2026 16:59,3/2/2026 17:54,37230,37230,ITCMS,IT CMS
SD1857983,Closed,CMS Interaction,CRM,Other,3/2/2026 17:00,3/2/2026 18:17,37230,37230,ITCMS,IT CMS
SD1857984,Closed,CMS Interaction,UOMS,WFBB,3/2/2026 17:02,3/2/2026 18:30,37230,37230,ITCMS,IT CMS
SD1857986,Closed,CMS Interaction,Pending Order,Mobile Postpaid,3/2/2026 17:08,3/2/2026 17:58,37230,37230,ITCMS,IT CMS
SD1857989,Closed,CMS Interaction,Pending Order,Fixed Voic and Data,3/2/2026 17:15,3/3/2026 5:26,19715928,19715928,Escalated Tickets ,ARBOR SUPPORT
SD1857991,Closed,CMS Interaction,Pending Order,Fixed Voic and Data,3/2/2026 17:47,3/2/2026 18:19,37230,37230,ITCMS,IT CMS
SD1857992,Closed,CMS Interaction,RTCS,Short code and SMS,3/2/2026 17:48,3/2/2026 18:30,37230,37230,ITCMS,IT CMS
SD1857993,Closed,CMS Interaction,CRM,Other,3/2/2026 17:50,3/3/2026 3:02,12349939,69758,Escalated Tickets ,ARBOR SUPPORT
SD1857994,Closed,CMS Interaction,Pending Order,Mobile Prepaid,3/2/2026 17:51,3/2/2026 18:10,scheduledAction,37230,ITCMS,IT CMS
SD1857998,Closed,CMS Interaction,Pending Order,Mobile Prepaid,3/2/2026 18:17,3/2/2026 18:28,37230,37230,ITCMS,IT CMS
SD1858001,Closed,CMS Interaction,UOMS,Mobile,3/2/2026 18:22,3/3/2026 3:05,12349939,69840,Escalated Tickets ,ARBOR SUPPORT
SD1858002,Closed,CMS Interaction,Pending Order,WFBB Order,3/2/2026 18:38,3/2/2026 18:42,37230,37230,ITCMS,IT CMS
SD1858004,Closed,CMS Interaction,Pending Order,BIP Failure,3/2/2026 18:40,3/2/2026 18:43,37230,37230,ITCMS,IT CMS
SD1858006,Closed,CMS Interaction,Pending Order,Mobile Postpaid,3/2/2026 18:44,3/2/2026 18:46,37230,37230,ITCMS,IT CMS
SD1858008,Closed,CMS Interaction,Pending Order,Mobile Postpaid,3/2/2026 18:56,3/2/2026 19:10,37230,37230,ITCMS,IT CMS
SD1858009,Closed,CMS Interaction,Pending Order,BIP Failure,3/2/2026 18:56,3/2/2026 19:11,37230,37230,ITCMS,IT CMS
SD1858010,Closed,CMS Interaction,CRM,Call details Routine,3/2/2026 19:07,3/3/2026 8:08,71009,71009,Escalated Tickets ,OSS Mediation Support
SD1858011,Closed,CMS Interaction,RTCS,Short code and SMS,3/2/2026 19:13,3/2/2026 19:16,37230,37230,ITCMS,IT CMS
SD1858012,Closed,CMS Interaction,BIP Billing,Bill Issue,3/2/2026 19:19,3/3/2026 6:13,J2226589,J2226589,Escalated Tickets ,BIP Billing
SD1858013,Closed,CMS Interaction,Pending Order,Mobile Prepaid,3/2/2026 19:22,3/2/2026 19:39,scheduledAction,scheduledAction,Escalated Tickets ,ARBOR SUPPORT
SD1858014,Closed,CMS Interaction,CRM,Other,3/2/2026 19:35,3/2/2026 19:37,37230,37230,ITCMS,IT CMS
SD1858015,Closed,CMS Interaction,CRM,Other,3/2/2026 19:41,3/3/2026 21:56,S630048,S630048,Escalated Tickets ,ARBOR SUPPORT
SD1858016,Closed,CMS Interaction,CRM,Reconnection Routine Issue,3/2/2026 19:45,3/7/2026 2:23,S630048,S630048,Escalated Tickets ,ARBOR SUPPORT
SD1858017,Closed,CMS Interaction,Pending Order,Mobile Prepaid,3/2/2026 19:49,3/2/2026 20:10,scheduledAction,scheduledAction,ITCMS,IT CMS
SD1858018,Closed,CMS Interaction,CRM,No Data Found,3/2/2026 19:58,3/3/2026 4:40,69577,69577,ITCMS,IT CMS
SD1858019,Closed,CMS Interaction,BIP Billing,Commitment,3/2/2026 20:20,3/8/2026 10:07,19715928,19715928,Escalated Tickets ,ARBOR SUPPORT
SD1858020,Closed,CMS Interaction,RTCS,Data Usage,3/2/2026 20:35,3/3/2026 5:47,69577,69577,ITCMS,IT CMS
SD1858021,Closed,CMS Interaction,RTCS,Short code and SMS,3/2/2026 20:50,3/5/2026 4:08,19715928,19715928,Escalated Tickets ,ARBOR SUPPORT
SD1858022,Closed,CMS Interaction,CRM,Other,3/2/2026 21:04,3/3/2026 3:18,69517,69517,ITCMS,IT CMS
SD1858024,Closed,CMS Interaction,CRM,Other,3/2/2026 21:09,3/3/2026 3:16,69517,69517,ITCMS,IT CMS
SD1858025,Closed,CMS Interaction,CRM,No Data Found,3/2/2026 21:20,3/3/2026 3:03,69130,69130,ITCMS,IT CMS
SD1858027,Closed,CMS Interaction,BIP Billing,Commitment,3/2/2026 21:35,3/5/2026 4:11,19715928,19715928,Escalated Tickets ,ARBOR SUPPORT
SD1858028,Closed,CMS Interaction,RTCS,Short code and SMS,3/2/2026 21:37,3/3/2026 3:02,69130,69130,ITCMS,IT CMS
SD1858029,Closed,CMS Interaction,UOMS,Mobile,3/2/2026 21:39,3/3/2026 3:01,69130,69130,ITCMS,IT CMS
SD1858030,Closed,CMS Interaction,Pending Order,Mobile Postpaid,3/2/2026 21:42,3/5/2026 4:12,19715928,19715928,Escalated Tickets ,ARBOR SUPPORT
SD1858031,Closed,CMS Interaction,UOMS,Mobile,3/2/2026 21:57,3/3/2026 2:40,69130,69130,ITCMS,IT CMS
SD1858032,Closed,CMS Interaction,CRM,No Data Found,3/2/2026 21:58,3/3/2026 2:39,69130,69130,ITCMS,IT CMS
SD1858033,Closed,CMS Interaction,RTCS,Data Usage,3/2/2026 23:10,3/3/2026 2:38,69130,69130,ITCMS,IT CMS
SD1858035,Closed,CMS Interaction,RTCS,Data Usage,3/3/2026 1:15,3/3/2026 2:36,69130,69130,ITCMS,IT CMS
SD1858040,Closed,CMS Interaction,Pending Order,MPLS order,3/3/2026 4:01,3/9/2026 8:52,scheduledAction,68523,Activation Support,Activation Support
SD1858041,Closed,CMS Interaction,Pending Order,MPLS order,3/3/2026 4:01,3/9/2026 8:52,scheduledAction,68523,Activation Support,Activation Support
SD1858042,Closed,CMS Interaction,Pending Order,MPLS order,3/3/2026 4:02,3/3/2026 4:26,scheduledAction,scheduledAction,Activation Support,Activation Support
SD1858043,Closed,CMS Interaction,Pending Order,MPLS order,3/3/2026 4:02,3/3/2026 7:23,95809,95809,Activation Support,Activation Support
SD1858044,Closed,CMS Interaction,Pending Order,MPLS order,3/3/2026 4:02,3/4/2026 10:13,scheduledAction,95809,Activation Support,Activation Support
SD1858045,Assign,CMS Interaction,Pending Order,MPLS order,3/3/2026 4:02,,,34120,Activation Support,Activation Support
SD1858046,In Progress,CMS Interaction,Pending Order,MPLS order,3/3/2026 4:02,,,69509,Activation Support,Activation Support
SD1858047,Closed,CMS Interaction,Pending Order,MPLS order,3/3/2026 4:02,3/3/2026 20:06,scheduledAction,69509,Activation Support,Activation Support
SD1858048,Closed,CMS Interaction,Pending Order,MPLS order,3/3/2026 4:02,3/7/2026 16:23,scheduledAction,69509,Activation Support,Activation Support
SD1858049,Closed,CMS Interaction,Pending Order,MPLS order,3/3/2026 4:02,3/3/2026 4:26,scheduledAction,scheduledAction,Activation Support,Activation Support
SD1858050,Closed,CMS Interaction,Pending Order,MPLS order,3/3/2026 4:02,3/4/2026 5:57,scheduledAction,69509,Activation Support,Activation Support
SD1858051,Assign,CMS Interaction,Pending Order,MPLS order,3/3/2026 4:02,,,,Activation Support,Activation Support
SD1858052,Closed,CMS Interaction,Pending Order,MPLS order,3/3/2026 4:02,3/3/2026 4:26,scheduledAction,scheduledAction,Activation Support,Activation Support
SD1858053,Assign,CMS Interaction,Pending Order,MPLS order,3/3/2026 4:03,,,,Activation Support,Activation Support
SD1858054,Assign,CMS Interaction,Pending Order,MPLS order,3/3/2026 4:03,,,,Activation Support,Activation Support
SD1858055,Assign,CMS Interaction,Pending Order,MPLS order,3/3/2026 4:03,,,,Activation Support,Activation Support
SD1858056,Closed,CMS Interaction,Pending Order,MPLS order,3/3/2026 4:03,3/5/2026 9:29,scheduledAction,scheduledAction,Activation Support,Activation Support
SD1858057,Assign,CMS Interaction,Pending Order,MPLS order,3/3/2026 4:03,,,,Activation Support,Activation Support
SD1858058,Assign,CMS Interaction,Pending Order,MPLS order,3/3/2026 4:03,,,,Activation Support,Activation Support
SD1858059,Assign,CMS Interaction,Pending Order,MPLS order,3/3/2026 4:03,,,,Activation Support,Activation Support
SD1858060,Closed,CMS Interaction,Pending Order,MPLS order,3/3/2026 4:03,3/5/2026 9:29,scheduledAction,scheduledAction,Activation Support,Activation Support
SD1858061,Closed,CMS Interaction,Pending Order,MPLS order,3/3/2026 4:03,3/26/2026 5:53,scheduledAction,69509,Activation Support,Activation Support
SD1858062,Closed,CMS Interaction,Pending Order,MPLS order,3/3/2026 4:03,3/3/2026 18:04,scheduledAction,69509,Activation Support,Activation Support
SD1858063,Closed,CMS Interaction,Pending Order,MPLS order,3/3/2026 4:03,3/8/2026 6:07,scheduledAction,69509,Activation Support,Activation Support
SD1858064,Closed,CMS Interaction,Pending Order,MPLS order,3/3/2026 4:03,3/3/2026 4:27,scheduledAction,scheduledAction,Activation Support,Activation Support
SD1858065,Closed,CMS Interaction,Pending Order,MPLS order,3/3/2026 4:03,3/3/2026 4:27,scheduledAction,scheduledAction,Activation Support,Activation Support
SD1858066,Closed,CMS Interaction,Pending Order,MPLS order,3/3/2026 4:04,3/3/2026 4:27,scheduledAction,scheduledAction,Activation Support,Activation Support
SD1858067,Assign,CMS Interaction,Pending Order,MPLS order,3/3/2026 4:04,,,,Activation Support,Activation Support
SD1858068,Assign,CMS Interaction,Pending Order,MPLS order,3/3/2026 4:04,,,,Activation Support,Activation Support
SD1858069,Assign,CMS Interaction,Pending Order,MPLS order,3/3/2026 4:04,,,,Activation Support,Activation Support
SD1858070,Closed,CMS Interaction,Pending Order,MPLS order,3/3/2026 4:04,3/3/2026 4:27,scheduledAction,scheduledAction,Activation Support,Activation Support
SD1858071,Closed,CMS Interaction,Pending Order,MPLS order,3/3/2026 4:04,3/3/2026 4:27,scheduledAction,scheduledAction,Activation Support,Activation Support
SD1858072,Closed,CMS Interaction,Pending Order,MPLS order,3/3/2026 4:04,3/12/2026 15:39,scheduledAction,69509,Activation Support,Activation Support
SD1858073,Closed,CMS Interaction,Pending Order,MPLS order,3/3/2026 4:04,3/5/2026 9:29,scheduledAction,scheduledAction,Activation Support,Activation Support
SD1858074,Closed,CMS Interaction,Pending Order,MPLS order,3/3/2026 4:04,3/3/2026 4:27,scheduledAction,scheduledAction,Activation Support,Activation Support
SD1858075,Closed,CMS Interaction,Pending Order,MPLS order,3/3/2026 4:04,3/5/2026 8:30,scheduledAction,69509,Activation Support,Activation Support
SD1858076,Assign,CMS Interaction,Pending Order,MPLS order,3/3/2026 4:04,,,,Activation Support,Activation Support
SD1858077,Closed,CMS Interaction,Pending Order,MPLS order,3/3/2026 4:04,3/3/2026 4:27,scheduledAction,scheduledAction,Activation Support,Activation Support
SD1858078,Closed,CMS Interaction,Pending Order,MPLS order,3/3/2026 4:05,3/3/2026 4:27,scheduledAction,scheduledAction,Activation Support,Activation Support
SD1858079,Closed,CMS Interaction,Pending Order,MPLS order,3/3/2026 4:05,3/3/2026 4:27,scheduledAction,scheduledAction,Activation Support,Activation Support
SD1858080,Closed,CMS Interaction,Pending Order,MPLS order,3/3/2026 4:05,3/3/2026 4:27,scheduledAction,scheduledAction,Activation Support,Activation Support
SD1858081,Closed,CMS Interaction,Pending Order,MPLS order,3/3/2026 4:05,3/5/2026 9:29,scheduledAction,scheduledAction,Activation Support,Activation Support
SD1858082,Closed,CMS Interaction,Pending Order,MPLS order,3/3/2026 4:05,3/3/2026 4:27,scheduledAction,scheduledAction,Activation Support,Activation Support
SD1858083,Assign,CMS Interaction,Pending Order,MPLS order,3/3/2026 4:05,,,,Activation Support,Activation Support
SD1858084,Closed,CMS Interaction,Pending Order,MPLS order,3/3/2026 4:05,3/4/2026 18:07,scheduledAction,69509,Activation Support,Activation Support
SD1858085,Closed,CMS Interaction,Pending Order,MPLS order,3/3/2026 4:05,4/6/2026 8:41,scheduledAction,68523,Activation Support,Activation Support
SD1858086,Assign,CMS Interaction,Pending Order,MPLS order,3/3/2026 4:05,,,34120,Activation Support,Activation Support
SD1858087,Closed,CMS Interaction,Pending Order,MPLS order,3/3/2026 4:05,3/3/2026 6:58,scheduledAction,69509,Activation Support,Activation Support
SD1858088,Closed,CMS Interaction,Pending Order,MPLS order,3/3/2026 4:05,3/3/2026 4:27,scheduledAction,scheduledAction,Activation Support,Activation Support
SD1858089,Assign,CMS Interaction,Pending Order,MPLS order,3/3/2026 4:05,,,,Activation Support,Activation Support
SD1858090,Closed,CMS Interaction,Pending Order,MPLS order,3/3/2026 4:05,3/3/2026 14:13,scheduledAction,scheduledAction,Activation Support,Activation Support
SD1858091,Closed,CMS Interaction,Pending Order,MPLS order,3/3/2026 4:06,4/6/2026 8:41,scheduledAction,68523,Activation Support,Activation Support
SD1858092,Closed,CMS Interaction,Pending Order,MPLS order,3/3/2026 4:06,3/3/2026 10:10,scheduledAction,scheduledAction,Activation Support,Activation Support
SD1858093,Closed,CMS Interaction,Pending Order,MPLS order,3/3/2026 4:06,3/3/2026 4:27,scheduledAction,scheduledAction,Activation Support,Activation Support
SD1858094,Closed,CMS Interaction,Pending Order,MPLS order,3/3/2026 4:06,3/3/2026 4:27,scheduledAction,scheduledAction,Activation Support,Activation Support
SD1858095,Closed,CMS Interaction,Pending Order,MPLS order,3/3/2026 4:06,3/3/2026 4:27,scheduledAction,scheduledAction,Activation Support,Activation Support
SD1858096,Closed,CMS Interaction,Pending Order,MPLS order,3/3/2026 4:06,3/3/2026 4:31,scheduledAction,69509,Activation Support,Activation Support
SD1858097,Assign,CMS Interaction,Pending Order,MPLS order,3/3/2026 4:06,,,,Activation Support,Activation Support
SD1858098,Closed,CMS Interaction,Pending Order,MPLS order,3/3/2026 4:06,4/6/2026 8:41,scheduledAction,68523,Activation Support,Activation Support
SD1858099,Closed,CMS Interaction,Pending Order,MPLS order,3/3/2026 4:06,3/4/2026 11:48,scheduledAction,69509,Activation Support,Activation Support
SD1858100,Closed,CMS Interaction,Pending Order,MPLS order,3/3/2026 4:06,3/5/2026 9:29,scheduledAction,68523,Activation Support,Activation Support
SD1858101,Closed,CMS Interaction,Pending Order,MPLS order,3/3/2026 4:06,3/15/2026 9:57,scheduledAction,69509,Activation Support,Activation Support
SD1858108,Closed,CMS Interaction,DDMS,DDMS Interface,3/3/2026 4:57,3/9/2026 17:50,P1832151,P1832151,Escalated Tickets ,BSS DDMS
SD1858114,Closed,CMS Interaction,UOMS,Fixed Voic and Data,3/3/2026 5:07,3/3/2026 5:10,05766431,05766431,ITCMS,IT CMS
SD1858115,Closed,CMS Interaction,UOMS,Fixed Voic and Data,3/3/2026 5:09,3/3/2026 5:11,05766431,05766431,ITCMS,IT CMS
SD1858119,Closed,CMS Interaction,BIP Billing,Bill Issue,3/3/2026 5:11,3/3/2026 17:47,L7990290,L7990290,Escalated Tickets ,BSS iPDF
SD1858120,Closed,CMS Interaction,Pending Order,RTCS Failure,3/3/2026 5:12,3/3/2026 6:09,19715928,19715928,Escalated Tickets ,ARBOR SUPPORT
SD1858125,Closed,CMS Interaction,Pending Order,Mobile Postpaid,3/3/2026 5:29,3/3/2026 13:43,scheduledAction,69517,ITCMS,IT CMS
SD1858142,Closed,CMS Interaction,CRM,Other,3/3/2026 5:45,3/3/2026 6:22,69470,69470,ITCMS,IT CMS
SD1858145,Closed,CMS Interaction,Pending Order,RTCS Failure,3/3/2026 5:48,3/3/2026 6:01,05766431,05766431,ITCMS,IT CMS
SD1858147,Closed,CMS Interaction,Billing,Arbor,3/3/2026 6:01,3/5/2026 4:14,19715928,19715928,Escalated Tickets ,ARBOR SUPPORT
SD1858148,Closed,CMS Interaction,POS and CMA,User Issue,3/3/2026 5:52,3/3/2026 6:02,05766431,05766431,ITCMS,IT CMS
SD1858149,Closed,CMS Interaction,BIP Billing,Commitment,3/3/2026 5:53,3/3/2026 6:03,05766431,05766431,ITCMS,IT CMS
SD1858151,Closed,CMS Interaction,POS and CMA,Reversal,3/3/2026 5:54,3/8/2026 1:47,X6410019,X6410019,Escalated Tickets ,BSS POS
SD1858154,Closed,CMS Interaction,UOMS,Mobile,3/3/2026 5:55,3/4/2026 7:17,Q511636,Q511636,Escalated Tickets ,BSS CRM
SD1858156,Closed,CMS Interaction,BIP Billing,Bill Issue,3/3/2026 5:58,3/12/2026 12:06,L7990290,L7990290,Escalated Tickets ,BSS iPDF
SD1858165,Closed,CMS Interaction,Pending Order,WFBB Order,3/3/2026 6:04,3/5/2026 4:16,19715928,19715928,Escalated Tickets ,ARBOR SUPPORT
SD1858167,Closed,CMS Interaction,Pending Order,Fixed Voic and Data,3/3/2026 6:05,3/3/2026 7:08,W0213873,8.54905E+11,Escalated Tickets ,NEP Support
SD1858170,Closed,CMS Interaction,Pending Order,Mobile Postpaid,3/3/2026 6:08,3/3/2026 6:11,69470,69470,ITCMS,IT CMS
SD1858172,Closed,CMS Interaction,BIP Billing,Sample Bills,3/3/2026 6:11,3/3/2026 17:51,L7990290,L7990290,Escalated Tickets ,BSS iPDF
SD1858177,Closed,CMS Interaction,CRM,Other,3/3/2026 6:12,3/3/2026 7:07,S630048,S630048,Escalated Tickets ,ARBOR SUPPORT
SD1858178,Closed,CMS Interaction,Pending Order,Mobile Postpaid,3/3/2026 6:14,3/3/2026 6:18,69470,69470,ITCMS,IT CMS
SD1858179,Closed,CMS Interaction,BIP Billing,Bill Issue,3/3/2026 6:16,3/4/2026 8:00,L7990290,L7990290,Escalated Tickets ,BSS iPDF
SD1858180,Closed,CMS Interaction,RTCS,CPN,3/3/2026 6:16,3/5/2026 4:39,19715928,19715928,Escalated Tickets ,ARBOR SUPPORT
SD1858182,Closed,CMS Interaction,Pending Order,Mobile Postpaid,3/3/2026 6:17,3/3/2026 6:20,05766431,05766431,ITCMS,IT CMS
SD1858185,Closed,CMS Interaction,Pending Order,Fixed Voic and Data,3/3/2026 6:22,3/5/2026 4:58,19715928,19715928,Escalated Tickets ,ARBOR SUPPORT
SD1858188,Closed,CMS Interaction,CRM,Other,3/3/2026 6:23,3/3/2026 6:39,S630048,S630048,Escalated Tickets ,ARBOR SUPPORT
SD1858189,Pending Billing,CMS Interaction,Pending Order,Mobile Prepaid,3/3/2026 6:23,,,T3741892,BSS UMAS,BSS UMAS
SD1858192,Closed,CMS Interaction,Pending Order,Fixed Voic and Data,3/3/2026 6:29,3/4/2026 3:33,05766431,05766431,ITCMS,IT CMS
SD1858196,Closed,CMS Interaction,Pending Order,Mobile Prepaid,3/3/2026 6:36,3/3/2026 10:22,69496,69496,ITCMS,IT CMS
SD1858199,Closed,CMS Interaction,RTCS,Data Usage,3/3/2026 6:39,3/4/2026 6:07,11125603,11125603,ITCMS,IT CMS
SD1858202,Closed,CMS Interaction,Pending Order,RTCS Failure,3/3/2026 6:40,3/8/2026 13:01,W0213873,W0213873,Escalated Tickets ,NEP Support
SD1858209,Closed,CMS Interaction,RTCS,Data Usage,3/3/2026 6:46,3/10/2026 12:00,69566,69566,ITCMS,IT CMS
SD1858210,Closed,CMS Interaction,CRM,No Data Found,3/3/2026 6:46,3/3/2026 9:41,69517,69517,ITCMS,IT CMS
SD1858212,Closed,CMS Interaction,Pending Order,Fesibility Check Failure,3/3/2026 6:48,3/3/2026 7:22,W0213873,8.54905E+11,Escalated Tickets ,NEP Support
SD1858214,Closed,CMS Interaction,Pending Order,Mobile Prepaid,3/3/2026 6:50,3/3/2026 6:52,69517,69517,ITCMS,IT CMS
SD1858215,Closed,CMS Interaction,Pending Order,BIP Failure,3/3/2026 6:50,3/3/2026 6:58,scheduledAction,69517,ITCMS,IT CMS
SD1858218,Closed,CMS Interaction,POS and CMA,User Issue,3/3/2026 6:56,3/8/2026 1:48,X6410019,X6410019,Escalated Tickets ,BSS POS
SD1858219,Closed,CMS Interaction,CRM,Other,3/3/2026 6:58,3/3/2026 7:52,05766431,05766431,ITCMS,IT CMS
SD1858222,Closed,CMS Interaction,UOMS,Mobile,3/3/2026 6:59,3/3/2026 7:02,69496,69496,ITCMS,IT CMS
SD1858223,Closed,CMS Interaction,Pending Order,Mobile Postpaid,3/3/2026 7:02,3/4/2026 21:02,scheduledAction,19715928,Escalated Tickets ,ARBOR SUPPORT
SD1858227,Closed,CMS Interaction,Pending Order,Fixed Voic and Data,3/3/2026 7:11,3/3/2026 8:32,69496,69496,ITCMS,IT CMS
SD1858229,Closed,CMS Interaction,Pending Order,Fixed Voic and Data,3/3/2026 7:11,3/3/2026 8:29,05766431,05766431,ITCMS,IT CMS
SD1858237,Closed,CMS Interaction,HBB User Name,User ID Inactive,3/3/2026 7:15,3/3/2026 7:43,S630048,S630048,Escalated Tickets ,ARBOR SUPPORT
SD1858238,Closed,CMS Interaction,Pending Order,Mobile Postpaid,3/3/2026 7:16,3/3/2026 7:18,69517,69517,ITCMS,IT CMS
SD1858239,Closed,CMS Interaction,CRM,Other,3/3/2026 7:16,3/3/2026 7:18,69470,69470,ITCMS,IT CMS
SD1858240,Closed,CMS Interaction,CRM,No Data Found,3/3/2026 7:16,3/3/2026 7:18,69470,69470,ITCMS,IT CMS
SD1858242,Closed,CMS Interaction,Pending Order,BIP Failure,3/3/2026 7:19,3/4/2026 4:45,70141,70141,Escalated Tickets ,BSS RTCS
SD1858250,Closed,CMS Interaction,Pending Order,Mobile Prepaid,3/3/2026 7:31,3/3/2026 7:39,69470,69470,ITCMS,IT CMS
SD1858251,Closed,CMS Interaction,Pending Order,Mobile Prepaid,3/3/2026 7:33,3/3/2026 8:01,S0544374,69470,ITCMS,IT CMS
SD1858253,Closed,CMS Interaction,Pending Order,WFBB Order,3/3/2026 7:35,3/3/2026 7:43,69470,69470,ITCMS,IT CMS
SD1858255,Closed,CMS Interaction,DDMS,Reconnection,3/3/2026 7:41,3/3/2026 9:57,19715928,70507,Escalated Tickets ,BSS DDMS
SD1858256,Closed,CMS Interaction,BIP Billing,VAT Update,3/3/2026 7:42,3/3/2026 9:20,J2226589,J2226589,Escalated Tickets ,BIP Billing
SD1858257,Closed,CMS Interaction,CRM,Other,3/3/2026 7:44,3/3/2026 7:48,69470,69470,ITCMS,IT CMS
SD1858260,Closed,CMS Interaction,CRM,Other,3/3/2026 7:46,3/7/2026 2:49,S630048,S630048,Escalated Tickets ,ARBOR SUPPORT
SD1858261,Closed,CMS Interaction,Pending Order,WFBB Order,3/3/2026 7:47,3/3/2026 7:58,69566,69566,ITCMS,IT CMS
SD1858265,Closed,CMS Interaction,CRM,Other,3/3/2026 7:59,3/3/2026 8:56,S630048,S630048,Escalated Tickets ,ARBOR SUPPORT
SD1858267,Pending Billing,CMS Interaction,CRM,No Data Found,3/3/2026 8:02,,,T3741892,BSS UMAS,BSS UMAS
SD1858268,Closed,CMS Interaction,CRM,Other,3/3/2026 8:04,3/3/2026 8:05,05766431,05766431,ITCMS,IT CMS
SD1858269,Closed,CMS Interaction,BIP Billing,Bill Issue,3/3/2026 8:04,3/3/2026 17:55,L7990290,L7990290,Escalated Tickets ,BSS iPDF
SD1858272,Closed,CMS Interaction,CRM,Other,3/3/2026 8:12,3/3/2026 9:22,J2226589,J2226589,Escalated Tickets ,BIP Billing
SD1858273,Closed,CMS Interaction,Pending Order,Mobile Postpaid,3/3/2026 8:12,3/3/2026 9:08,69496,69496,ITCMS,IT CMS
SD1858274,Closed,CMS Interaction,RTCS,Short code and SMS,3/3/2026 8:14,3/3/2026 8:17,69566,69566,ITCMS,IT CMS
SD1858275,Closed,CMS Interaction,CRM,Other,3/3/2026 8:16,3/21/2026 2:37,S630048,12349939,Escalated Tickets ,ARBOR SUPPORT
SD1858276,Closed,CMS Interaction,Pending Order,IPTV Order,3/3/2026 8:18,3/3/2026 8:24,05766431,05766431,ITCMS,IT CMS
SD1858279,Closed,CMS Interaction,RTCS,Short code and SMS,3/3/2026 8:24,3/3/2026 8:26,05766431,05766431,ITCMS,IT CMS
SD1858287,Closed,CMS Interaction,Pending Order,Fixed Voic and Data,3/3/2026 8:39,3/3/2026 10:10,scheduledAction,19715928,Escalated Tickets ,ARBOR SUPPORT
SD1858289,Closed,CMS Interaction,Billing,Arbor,3/3/2026 8:41,3/7/2026 3:16,S630048,S630048,Escalated Tickets ,ARBOR SUPPORT
SD1858290,Closed,CMS Interaction,POS and CMA,User Issue,3/3/2026 8:43,3/5/2026 10:37,X6410019,X6410019,Escalated Tickets ,BSS POS
SD1858292,Closed,CMS Interaction,CRM,Realize Number Issue,3/3/2026 8:46,3/3/2026 9:35,05766431,05766431,ITCMS,IT CMS
SD1858293,Closed,CMS Interaction,Pending Order,Fixed Voic and Data,3/3/2026 8:46,3/3/2026 12:12,scheduledAction,70699048,Escalated Tickets ,BSS Interface
SD1858295,Closed,CMS Interaction,POS and CMA,Reversal,3/3/2026 8:47,3/8/2026 1:51,X6410019,X6410019,Escalated Tickets ,BSS POS
SD1858296,Closed,CMS Interaction,CRM,Other,3/3/2026 8:52,3/3/2026 8:54,69566,69566,ITCMS,IT CMS
SD1858297,Closed,CMS Interaction,CRM,Other,3/3/2026 8:55,3/3/2026 9:05,69566,69566,ITCMS,IT CMS
SD1858298,Closed,CMS Interaction,DDMS,Dunning,3/3/2026 8:56,3/7/2026 18:23,P1832151,69574,Escalated Tickets ,BSS DDMS
SD1858301,Closed,CMS Interaction,Pending Order,Mobile Prepaid,3/3/2026 8:57,3/3/2026 9:03,69566,69566,ITCMS,IT CMS
SD1858313,Closed,CMS Interaction,Enterprise Billing,Order Issue,3/3/2026 9:07,3/5/2026 8:55,19715928,19715928,Escalated Tickets ,ARBOR SUPPORT
SD1858316,Closed,CMS Interaction,CRM,Other,3/3/2026 9:09,3/4/2026 6:13,71009,71009,Escalated Tickets ,OSS Mediation Support
SD1858317,Closed,CMS Interaction,Pending Order,Mobile Prepaid,3/3/2026 9:09,3/3/2026 9:36,scheduledAction,69470,ITCMS,IT CMS
SD1858320,Closed,CMS Interaction,DDMS,SMS,3/3/2026 9:15,3/3/2026 10:32,69574,69574,Escalated Tickets ,BSS DDMS
SD1858321,Closed,CMS Interaction,POS and CMA,Reversal,3/3/2026 9:15,3/8/2026 1:53,X6410019,X6410019,Escalated Tickets ,BSS POS
SD1858322,Closed,CMS Interaction,Pending Order,Mobile Postpaid,3/3/2026 9:19,3/3/2026 9:22,69470,69470,ITCMS,IT CMS
SD1858323,Closed,CMS Interaction,Pending Order,Mobile Postpaid,3/3/2026 9:20,3/8/2026 1:59,X6410019,X6410019,Escalated Tickets ,BSS CRM
SD1858327,Closed,CMS Interaction,CRM,Other,3/3/2026 9:22,3/3/2026 9:24,69470,69470,ITCMS,IT CMS
SD1858328,Closed,CMS Interaction,Pending Order,Mobile Prepaid,3/3/2026 9:24,3/3/2026 9:25,69470,69470,ITCMS,IT CMS
SD1858330,Closed,CMS Interaction,Pending Order,Mobile Prepaid,3/3/2026 9:27,3/3/2026 9:29,69470,69470,ITCMS,IT CMS
SD1858333,Categorize,CMS Interaction,RTCS,CPN,3/3/2026 9:33,,,,BSS Apple Watch,BSS Apple Watch
SD1858338,Closed,CMS Interaction,Preorder Issue,Others,3/3/2026 9:36,3/3/2026 9:38,69130,69130,ITCMS,IT CMS
SD1858339,Closed,CMS Interaction,CRM,Other,3/3/2026 9:37,3/3/2026 9:37,69130,69130,ITCMS,IT CMS
SD1858340,Closed,CMS Interaction,Pending Order,Mobile Postpaid,3/3/2026 9:37,3/4/2026 2:30,69496,69496,ITCMS,IT CMS
SD1858343,Closed,CMS Interaction,CRM,Other,3/3/2026 9:43,3/3/2026 10:14,69130,69130,ITCMS,IT CMS
SD1858344,Closed,CMS Interaction,BIP Billing,Bill Issue,3/3/2026 9:44,3/3/2026 9:52,69566,22674,Escalated Tickets ,BIP Billing
SD1858351,Closed,CMS Interaction,Pending Order,WFBB Order,3/3/2026 9:54,3/3/2026 10:01,69470,69470,ITCMS,IT CMS
SD1858352,Closed,CMS Interaction,BIP Billing,Bill Issue,3/3/2026 9:55,3/3/2026 10:08,J2226589,69517,ITCMS,IT CMS
SD1858355,Closed,CMS Interaction,UOMS,Fixed Voic and Data,3/3/2026 9:57,3/3/2026 10:14,69130,69130,ITCMS,IT CMS
SD1858357,Closed,CMS Interaction,UOMS,Mobile,3/3/2026 9:58,3/3/2026 17:46,37230,37230,ITCMS,IT CMS
SD1858358,Closed,CMS Interaction,UOMS,Mobile,3/3/2026 10:00,3/3/2026 10:04,69470,69470,ITCMS,IT CMS
SD1858371,Closed,CMS Interaction,UOMS,Mobile,3/3/2026 10:09,3/4/2026 11:19,70274,70274,Escalated Tickets ,OSS Mediation Support
SD1858374,Closed,CMS Interaction,UOMS,Mobile,3/3/2026 10:10,3/3/2026 10:55,69496,69496,ITCMS,IT CMS
SD1858375,Closed,CMS Interaction,RTCS,Data Usage,3/3/2026 10:11,3/3/2026 10:32,19715928,19715928,Escalated Tickets ,ARBOR SUPPORT
SD1858379,Closed,CMS Interaction,CRM,Other,3/3/2026 10:14,3/4/2026 7:27,Q511636,Q511636,Escalated Tickets ,BSS CRM
SD1858380,Closed,CMS Interaction,Pending Order,WFBB Order,3/3/2026 10:14,3/3/2026 10:20,69566,69566,ITCMS,IT CMS
SD1858386,Closed,CMS Interaction,BIP Billing,Others,3/3/2026 10:21,3/3/2026 17:53,L7990290,L7990290,Escalated Tickets ,BSS iPDF
SD1858388,Closed,CMS Interaction,UOMS,Mobile,3/3/2026 10:22,3/4/2026 7:49,Q511636,Q511636,Escalated Tickets ,BSS CRM
SD1858391,Closed,CMS Interaction,RTCS,Short code and SMS,3/3/2026 10:28,3/3/2026 17:39,37230,37230,ITCMS,IT CMS
SD1858397,Closed,CMS Interaction,UOMS,WFBB,3/3/2026 10:34,3/3/2026 10:36,69130,69130,ITCMS,IT CMS
SD1858398,Closed,CMS Interaction,UOMS,Mobile,3/3/2026 10:35,3/3/2026 12:06,69566,69566,ITCMS,IT CMS
SD1858400,Closed,CMS Interaction,CRM,Other,3/3/2026 10:38,3/9/2026 8:32,Q511636,Q511636,Escalated Tickets ,BSS CRM
SD1858401,Closed,CMS Interaction,CRM,Other,3/3/2026 10:38,3/3/2026 10:42,69130,69130,ITCMS,IT CMS
SD1858403,Closed,CMS Interaction,Pending Order,RTCS Failure,3/3/2026 10:42,3/3/2026 11:05,19715928,19715928,Escalated Tickets ,ARBOR SUPPORT
SD1858404,Closed,CMS Interaction,Pending Order,Mobile Postpaid,3/3/2026 10:43,3/3/2026 10:45,69130,69130,ITCMS,IT CMS
SD1858406,Closed,CMS Interaction,CRM,Other,3/3/2026 10:45,3/5/2026 9:23,19715928,19715928,Escalated Tickets ,ARBOR SUPPORT
SD1858408,Closed,CMS Interaction,UOMS,Fixed Voic and Data,3/3/2026 10:46,3/3/2026 13:35,J2226589,J2226589,Escalated Tickets ,BIP Billing
SD1858410,Closed,CMS Interaction,CRM,Realize Number Issue,3/3/2026 10:55,3/3/2026 10:57,69566,69566,ITCMS,IT CMS
SD1858413,Closed,CMS Interaction,DDMS,SMS,3/3/2026 11:01,3/7/2026 18:26,P1832151,69758,Escalated Tickets ,BSS DDMS
SD1858414,Closed,CMS Interaction,UOMS,Mobile,3/3/2026 11:04,3/4/2026 17:05,S630048,S630048,Escalated Tickets ,ARBOR SUPPORT
SD1858415,Closed,CMS Interaction,BIP Billing,Commitment,3/3/2026 11:07,3/5/2026 5:20,J2226589,J2226589,Escalated Tickets ,BIP Billing
SD1858417,Closed,CMS Interaction,RTCS,Short code and SMS,3/3/2026 11:09,3/6/2026 10:33,19715928,19715928,Escalated Tickets ,ARBOR SUPPORT
SD1858418,Closed,CMS Interaction,RTCS,Short code and SMS,3/3/2026 11:10,3/3/2026 11:57,69566,69566,ITCMS,IT CMS
SD1858419,Closed,CMS Interaction,UOMS,HBB,3/3/2026 11:15,3/4/2026 3:25,05766431,05766431,ITCMS,IT CMS
SD1858420,Closed,CMS Interaction,POS and CMA,Pending Payment,3/3/2026 11:18,3/12/2026 8:08,X6410019,X6410019,Escalated Tickets ,BSS POS
SD1858421,Closed,CMS Interaction,RTCS,Short code and SMS,3/3/2026 11:23,3/4/2026 9:20,19715928,19715928,Escalated Tickets ,ARBOR SUPPORT
SD1858422,Closed,CMS Interaction,POS and CMA,Pending Payment,3/3/2026 11:25,3/12/2026 8:23,X6410019,X6410019,Escalated Tickets ,BSS POS
SD1858425,Closed,CMS Interaction,POS and CMA,Pending Payment,3/3/2026 11:28,3/12/2026 8:32,X6410019,X6410019,Escalated Tickets ,BSS POS
SD1858426,Closed,CMS Interaction,Pending Order,Fixed Voic and Data,3/3/2026 11:33,3/4/2026 11:48,scheduledAction,W0213873,Escalated Tickets ,NEP Support
SD1858427,Closed,CMS Interaction,Pending Order,RTCS Failure,3/3/2026 11:35,3/3/2026 12:12,scheduledAction,70266,Escalated Tickets ,OSS Mediation Support
SD1858429,Closed,CMS Interaction,POS and CMA,Pending Payment,3/3/2026 11:38,3/12/2026 8:43,X6410019,X6410019,Escalated Tickets ,BSS POS
SD1858432,Closed,CMS Interaction,CRM,Other,3/3/2026 11:40,3/3/2026 11:44,69566,69566,ITCMS,IT CMS
SD1858455,Closed,CMS Interaction,CRM,No Data Found,3/3/2026 12:12,3/4/2026 6:59,19715928,Q511636,Escalated Tickets ,BSS CRM
SD1858456,Closed,CMS Interaction,DDMS,Dunning,3/3/2026 12:30,3/5/2026 8:59,70507,70507,Escalated Tickets ,BSS DDMS
SD1858461,Closed,CMS Interaction,Pending Order,Fixed Voic and Data,3/3/2026 12:34,3/3/2026 21:05,scheduledAction,S5801880,Escalated Tickets ,BSS LMS
SD1858466,Closed,CMS Interaction,Pending Order,WFBB Order,3/3/2026 12:44,3/3/2026 17:38,37230,37230,ITCMS,IT CMS
SD1858467,Closed,CMS Interaction,CRM,Other,3/3/2026 12:50,3/3/2026 17:31,37230,37230,ITCMS,IT CMS
SD1858471,Closed,CMS Interaction,BIP Billing,Bill Issue,3/3/2026 13:17,3/4/2026 5:44,J2226589,J2226589,Escalated Tickets ,BIP Billing
SD1858474,Closed,CMS Interaction,RTCS,Short code and SMS,3/3/2026 13:32,3/3/2026 17:36,37230,37230,ITCMS,IT CMS
SD1858477,Closed,CMS Interaction,RTCS,Short code and SMS,3/3/2026 15:47,3/3/2026 17:36,37230,37230,ITCMS,IT CMS
SD1858478,Closed,CMS Interaction,UOMS,Mobile,3/3/2026 15:53,3/3/2026 17:26,37230,37230,ITCMS,IT CMS
SD1858479,Closed,CMS Interaction,UOMS,Mobile,3/3/2026 15:58,3/3/2026 17:46,37230,37230,ITCMS,IT CMS
SD1858480,Closed,CMS Interaction,Pending Order,BIP Failure,3/3/2026 16:04,3/4/2026 7:55,70274,70274,Escalated Tickets ,OSS Mediation Support
SD1858482,Closed,CMS Interaction,Pending Order,RTCS Failure,3/3/2026 16:10,3/7/2026 3:18,S630048,S630048,Escalated Tickets ,ARBOR SUPPORT
SD1858483,Closed,CMS Interaction,POS and CMA,Reversal,3/3/2026 16:25,3/8/2026 3:02,X6410019,X6410019,Escalated Tickets ,BSS POS
SD1858484,Closed,CMS Interaction,Pending Order,Fixed Voic and Data,3/3/2026 16:28,3/3/2026 17:43,37230,37230,ITCMS,IT CMS
SD1858485,Closed,CMS Interaction,UOMS,HBB,3/3/2026 16:49,3/17/2026 23:09,S630048,S630048,Escalated Tickets ,ARBOR SUPPORT
SD1858487,Closed,CMS Interaction,RTCS,Short code and SMS,3/3/2026 17:22,3/3/2026 17:25,37230,37230,ITCMS,IT CMS
SD1858488,Closed,CMS Interaction,Pending Order,Fesibility Check Failure,3/3/2026 17:23,3/8/2026 13:04,W0213873,8.54905E+11,Escalated Tickets ,NEP Support
SD1858489,Closed,CMS Interaction,RTCS,Short code and SMS,3/3/2026 17:35,3/3/2026 17:48,37230,37230,ITCMS,IT CMS
SD1858490,Closed,CMS Interaction,POS and CMA,User Issue,3/3/2026 17:44,3/8/2026 2:22,X6410019,X6410019,Escalated Tickets ,BSS POS
SD1858491,Assign,CMS Interaction,Pending Order,RTCS Failure,3/3/2026 17:46,,,,BSS Apple Watch,BSS Apple Watch
SD1858492,Closed,CMS Interaction,Pending Order,Mobile Prepaid,3/3/2026 17:48,3/17/2026 23:10,S630048,S630048,Escalated Tickets ,ARBOR SUPPORT
SD1858493,Closed,CMS Interaction,Pending Order,BIP Failure,3/3/2026 17:57,3/3/2026 18:04,scheduledAction,scheduledAction,Escalated Tickets ,ARBOR SUPPORT
SD1858494,Closed,CMS Interaction,RTCS,Short code and SMS,3/3/2026 17:57,3/3/2026 17:59,37230,37230,ITCMS,IT CMS
SD1858495,Closed,CMS Interaction,Pending Order,RTCS Failure,3/3/2026 17:59,3/3/2026 18:02,37230,37230,ITCMS,IT CMS
SD1858497,Closed,CMS Interaction,Pending Order,Mobile Prepaid,3/3/2026 18:05,3/3/2026 18:07,37230,37230,ITCMS,IT CMS
SD1858498,Closed,CMS Interaction,Pending Order,BIP Failure,3/3/2026 18:05,3/3/2026 18:08,37230,37230,ITCMS,IT CMS
SD1858499,Closed,CMS Interaction,Pending Order,Fixed Voic and Data,3/3/2026 18:12,3/9/2026 4:50,scheduledAction,22674,Escalated Tickets ,BIP Billing
SD1858500,Closed,CMS Interaction,RTCS,Short code and SMS,3/3/2026 18:14,3/3/2026 19:28,37230,37230,ITCMS,IT CMS
SD1858501,Closed,CMS Interaction,UOMS,PortOut/PortIN,3/3/2026 18:18,3/4/2026 6:08,71009,71009,Escalated Tickets ,OSS Mediation Support
SD1858502,Closed,CMS Interaction,CRM,Other,3/3/2026 18:23,4/2/2026 2:45,19715928,19715928,Escalated Tickets ,ARBOR SUPPORT
SD1858503,Closed,CMS Interaction,CRM,Other,3/3/2026 18:44,3/7/2026 3:21,S630048,S630048,Escalated Tickets ,ARBOR SUPPORT
SD1858504,Closed,CMS Interaction,CRM,Other,3/3/2026 18:45,3/4/2026 3:20,05766431,05766431,ITCMS,IT CMS
SD1858509,Closed,CMS Interaction,Pending Order,WFBB Order,3/3/2026 18:51,3/3/2026 19:22,37230,37230,ITCMS,IT CMS
SD1858511,Closed,CMS Interaction,Apple watch,activation,3/3/2026 18:55,3/4/2026 3:18,05766431,05766431,ITCMS,IT CMS
SD1858513,Closed,CMS Interaction,UOMS,Mobile,3/3/2026 19:18,3/4/2026 6:06,71009,71009,Escalated Tickets ,OSS Mediation Support
SD1858514,Closed,CMS Interaction,Pending Order,Mobile Postpaid,3/3/2026 19:25,3/3/2026 21:05,scheduledAction,19715928,Escalated Tickets ,ARBOR SUPPORT
SD1858516,Closed,CMS Interaction,Pending Order,Fixed Voic and Data,3/3/2026 19:28,3/3/2026 19:31,37230,37230,ITCMS,IT CMS
SD1858517,Closed,CMS Interaction,CRM,Other,3/3/2026 19:32,3/4/2026 3:17,05766431,05766431,ITCMS,IT CMS
SD1858518,Closed,CMS Interaction,Pending Order,Fixed Voic and Data,3/3/2026 19:38,3/3/2026 19:39,37230,37230,ITCMS,IT CMS
SD1858519,Closed,CMS Interaction,RTCS,Short code and SMS,3/3/2026 19:52,3/3/2026 19:56,69130,69130,ITCMS,IT CMS
SD1858520,Closed,CMS Interaction,Pending Order,Fixed Voic and Data,3/3/2026 19:55,3/4/2026 2:42,69496,69496,ITCMS,IT CMS
SD1858521,Closed,CMS Interaction,Pending Order,WFBB Order,3/3/2026 19:55,3/3/2026 19:58,69130,69130,ITCMS,IT CMS
SD1858522,Closed,CMS Interaction,Pending Order,Fixed Voic and Data,3/3/2026 19:59,3/3/2026 21:05,scheduledAction,scheduledAction,ITCMS,IT CMS
SD1858523,Closed,CMS Interaction,POS and CMA,Reversal,3/3/2026 20:02,3/8/2026 2:04,X6410019,X6410019,Escalated Tickets ,BSS POS
SD1858524,Closed,CMS Interaction,Pending Order,Fixed Voic and Data,3/3/2026 20:03,3/3/2026 20:07,69130,69130,ITCMS,IT CMS
SD1858525,Closed,CMS Interaction,RTCS,CPN,3/3/2026 20:05,3/8/2026 7:54,69566,69566,ITCMS,IT CMS
SD1858526,Closed,CMS Interaction,Pending Order,Fixed Voic and Data,3/3/2026 20:06,3/3/2026 21:05,scheduledAction,scheduledAction,ITCMS,IT CMS
SD1858527,Closed,CMS Interaction,Pending Order,Fixed Voic and Data,3/3/2026 20:11,3/4/2026 2:44,69496,69496,ITCMS,IT CMS
SD1858528,Closed,CMS Interaction,Pending Order,Fixed Voic and Data,3/3/2026 20:15,3/4/2026 2:46,69496,69496,ITCMS,IT CMS
SD1858529,Closed,CMS Interaction,RTCS,Short code and SMS,3/3/2026 20:19,3/4/2026 2:58,69130,69130,ITCMS,IT CMS
SD1858530,Closed,CMS Interaction,Pending Order,Fixed Voic and Data,3/3/2026 20:39,3/4/2026 2:48,69496,69496,ITCMS,IT CMS
SD1858531,Closed,CMS Interaction,BIP Billing,Bill Issue,3/3/2026 20:39,3/4/2026 5:54,J2226589,J2226589,Escalated Tickets ,BIP Billing
SD1858532,Closed,CMS Interaction,Pending Order,Fixed Voic and Data,3/3/2026 20:46,3/4/2026 2:56,69130,69130,ITCMS,IT CMS
SD1858533,Closed,CMS Interaction,Pending Order,Fixed Voic and Data,3/3/2026 20:46,3/4/2026 2:49,69496,69496,ITCMS,IT CMS
SD1858534,Closed,CMS Interaction,Pending Order,Fixed Voic and Data,3/3/2026 20:54,3/4/2026 2:51,69496,69496,ITCMS,IT CMS
SD1858535,Closed,CMS Interaction,Pending Order,Fixed Voic and Data,3/3/2026 21:00,3/4/2026 3:07,69496,69496,ITCMS,IT CMS
SD1858536,Closed,CMS Interaction,Pending Order,Fixed Voic and Data,3/3/2026 21:06,3/4/2026 3:08,05766431,05766431,ITCMS,IT CMS
SD1858537,Closed,CMS Interaction,UOMS,Mobile,3/3/2026 21:09,3/4/2026 2:55,69130,69130,ITCMS,IT CMS
SD1858538,Closed,CMS Interaction,Pending Order,Fixed Voic and Data,3/3/2026 21:13,3/4/2026 3:06,05766431,05766431,ITCMS,IT CMS
SD1858539,Closed,CMS Interaction,BIP Billing,Bill Issue,3/3/2026 21:24,3/4/2026 6:04,J2226589,J2226589,Escalated Tickets ,BIP Billing
SD1858540,Closed,CMS Interaction,RTCS,Short code and SMS,3/3/2026 21:28,3/4/2026 2:53,69130,69130,ITCMS,IT CMS
SD1858541,Closed,CMS Interaction,RTCS,Short code and SMS,3/3/2026 21:31,3/4/2026 2:51,69130,69130,ITCMS,IT CMS
SD1858542,Closed,CMS Interaction,RTCS,Data Usage,3/3/2026 21:34,3/4/2026 4:51,69577,69577,ITCMS,IT CMS
SD1858552,Closed,CMS Interaction,Pending Order,Fixed Voic and Data,3/3/2026 22:23,3/4/2026 3:09,05766431,05766431,ITCMS,IT CMS
SD1858553,Closed,CMS Interaction,Pending Order,Fixed Voic and Data,3/3/2026 22:29,3/4/2026 3:12,05766431,05766431,ITCMS,IT CMS
SD1858554,Closed,CMS Interaction,Pending Order,Fixed Voic and Data,3/3/2026 22:32,3/4/2026 2:48,69130,69130,ITCMS,IT CMS
SD1858555,Closed,CMS Interaction,Pending Order,Fixed Voic and Data,3/3/2026 22:34,3/4/2026 3:00,69496,69496,ITCMS,IT CMS
SD1858556,Closed,CMS Interaction,Pending Order,Fixed Voic and Data,3/3/2026 22:36,3/4/2026 2:44,69130,69130,ITCMS,IT CMS
SD1858557,Closed,CMS Interaction,Pending Order,Fixed Voic and Data,3/3/2026 22:39,3/4/2026 3:00,scheduledAction,69496,ITCMS,IT CMS
SD1858559,Closed,CMS Interaction,Pending Order,Mobile Prepaid,3/3/2026 22:52,3/5/2026 4:26,scheduledAction,69840,Escalated Tickets ,ARBOR SUPPORT
SD1858560,Closed,CMS Interaction,RTCS,Short code and SMS,3/3/2026 23:57,3/4/2026 2:41,69130,69130,ITCMS,IT CMS
SD1858562,Closed,CMS Interaction,Pending Order,Fixed Voic and Data,3/4/2026 2:22,3/4/2026 2:56,69496,69496,ITCMS,IT CMS
SD1858563,Closed,CMS Interaction,Pending Order,Fixed Voic and Data,3/4/2026 2:40,4/2/2026 6:30,scheduledAction,8.54905E+11,Escalated Tickets ,NEP Support
SD1858564,Closed,CMS Interaction,UOMS,Mobile,3/4/2026 2:50,3/4/2026 2:54,69496,69496,ITCMS,IT CMS
SD1858565,Closed,CMS Interaction,Pending Order,MPLS order,3/4/2026 4:02,3/10/2026 5:28,scheduledAction,68523,Activation Support,Activation Support
SD1858566,Closed,CMS Interaction,Pending Order,MPLS order,3/4/2026 4:02,3/5/2026 18:56,scheduledAction,95809,Activation Support,Activation Support
SD1858567,Closed,CMS Interaction,Pending Order,MPLS order,3/4/2026 4:03,3/4/2026 19:05,scheduledAction,95809,Activation Support,Activation Support
SD1858568,Closed,CMS Interaction,Pending Order,MPLS order,3/4/2026 4:03,3/10/2026 5:28,scheduledAction,68523,Activation Support,Activation Support
SD1858569,Closed,CMS Interaction,Pending Order,MPLS order,3/4/2026 4:03,3/4/2026 4:27,scheduledAction,scheduledAction,Activation Support,Activation Support
SD1858570,Closed,CMS Interaction,Pending Order,MPLS order,3/4/2026 4:03,3/4/2026 10:14,scheduledAction,95809,Activation Support,Activation Support
SD1858571,Closed,CMS Interaction,Pending Order,MPLS order,3/4/2026 4:03,3/18/2026 7:52,scheduledAction,95809,Activation Support,Activation Support
SD1858572,Closed,CMS Interaction,Pending Order,MPLS order,3/4/2026 4:03,3/10/2026 5:58,scheduledAction,68523,Activation Support,Activation Support
SD1858573,In Progress,CMS Interaction,Pending Order,MPLS order,3/4/2026 4:03,,,95809,Activation Support,Activation Support
SD1858574,Closed,CMS Interaction,Pending Order,MPLS order,3/4/2026 4:03,3/4/2026 22:59,scheduledAction,95809,Activation Support,Activation Support
SD1858575,Closed,CMS Interaction,Pending Order,MPLS order,3/4/2026 4:03,3/4/2026 4:27,scheduledAction,scheduledAction,Activation Support,Activation Support
SD1858576,In Progress,CMS Interaction,Pending Order,MPLS order,3/4/2026 4:03,,,95809,Activation Support,Activation Support
SD1858577,Closed,CMS Interaction,Pending Order,MPLS order,3/4/2026 4:03,3/4/2026 4:27,scheduledAction,scheduledAction,Activation Support,Activation Support
SD1858578,Closed,CMS Interaction,Pending Order,MPLS order,3/4/2026 4:03,4/6/2026 9:08,scheduledAction,68523,Activation Support,Activation Support
SD1858579,Closed,CMS Interaction,Pending Order,MPLS order,3/4/2026 4:03,3/10/2026 5:58,scheduledAction,68523,Activation Support,Activation Support
SD1858580,Closed,CMS Interaction,Pending Order,MPLS order,3/4/2026 4:04,3/10/2026 5:58,scheduledAction,68523,Activation Support,Activation Support
SD1858581,Closed,CMS Interaction,Pending Order,MPLS order,3/4/2026 4:04,3/4/2026 4:27,scheduledAction,scheduledAction,Activation Support,Activation Support
SD1858582,Closed,CMS Interaction,Pending Order,MPLS order,3/4/2026 4:04,3/4/2026 7:04,scheduledAction,95809,Activation Support,Activation Support
SD1858583,Closed,CMS Interaction,Pending Order,MPLS order,3/4/2026 4:04,3/10/2026 5:58,scheduledAction,68523,Activation Support,Activation Support
SD1858584,Closed,CMS Interaction,Pending Order,MPLS order,3/4/2026 4:04,3/4/2026 4:27,scheduledAction,scheduledAction,Activation Support,Activation Support
SD1858585,Assign,CMS Interaction,Pending Order,MPLS order,3/4/2026 4:04,,,34120,Activation Support,Activation Support
SD1858586,In Progress,CMS Interaction,Pending Order,MPLS order,3/4/2026 4:04,,,68523,Activation Support,Activation Support
SD1858587,Closed,CMS Interaction,Pending Order,MPLS order,3/4/2026 4:04,3/4/2026 4:27,scheduledAction,scheduledAction,Activation Support,Activation Support
SD1858588,Closed,CMS Interaction,Pending Order,MPLS order,3/4/2026 4:04,3/10/2026 5:58,scheduledAction,68523,Activation Support,Activation Support
SD1858589,Closed,CMS Interaction,Pending Order,MPLS order,3/4/2026 4:04,3/4/2026 9:41,scheduledAction,95809,Activation Support,Activation Support
SD1858590,Closed,CMS Interaction,Pending Order,MPLS order,3/4/2026 4:04,3/4/2026 4:27,scheduledAction,scheduledAction,Activation Support,Activation Support
SD1858591,Closed,CMS Interaction,Pending Order,MPLS order,3/4/2026 4:04,3/4/2026 4:27,scheduledAction,scheduledAction,Activation Support,Activation Support
SD1858592,Closed,CMS Interaction,Pending Order,MPLS order,3/4/2026 4:05,3/11/2026 6:49,scheduledAction,95809,Activation Support,Activation Support
SD1858593,Closed,CMS Interaction,Pending Order,MPLS order,3/4/2026 4:05,3/4/2026 11:48,scheduledAction,95809,Activation Support,Activation Support
SD1858594,Closed,CMS Interaction,Pending Order,MPLS order,3/4/2026 4:05,3/11/2026 6:49,scheduledAction,95809,Activation Support,Activation Support
SD1858595,Closed,CMS Interaction,Pending Order,MPLS order,3/4/2026 4:05,4/6/2026 7:02,scheduledAction,95809,Activation Support,Activation Support
SD1858596,Closed,CMS Interaction,Pending Order,MPLS order,3/4/2026 4:05,3/4/2026 4:27,scheduledAction,scheduledAction,Activation Support,Activation Support
SD1858597,Closed,CMS Interaction,Pending Order,MPLS order,3/4/2026 4:05,3/4/2026 4:27,scheduledAction,scheduledAction,Activation Support,Activation Support
SD1858598,Closed,CMS Interaction,Pending Order,MPLS order,3/4/2026 4:05,3/4/2026 4:27,scheduledAction,scheduledAction,Activation Support,Activation Support
SD1858599,Closed,CMS Interaction,Pending Order,MPLS order,3/4/2026 4:05,3/4/2026 4:27,scheduledAction,scheduledAction,Activation Support,Activation Support
SD1858600,Closed,CMS Interaction,Pending Order,MPLS order,3/4/2026 4:05,3/4/2026 4:27,scheduledAction,scheduledAction,Activation Support,Activation Support
SD1858601,Closed,CMS Interaction,Pending Order,MPLS order,3/4/2026 4:05,3/11/2026 8:47,scheduledAction,95809,Activation Support,Activation Support
SD1858602,Closed,CMS Interaction,Pending Order,MPLS order,3/4/2026 4:05,3/4/2026 4:27,scheduledAction,scheduledAction,Activation Support,Activation Support
SD1858603,Closed,CMS Interaction,Pending Order,MPLS order,3/4/2026 4:05,3/11/2026 7:18,scheduledAction,95809,Activation Support,Activation Support
SD1858604,Closed,CMS Interaction,Pending Order,MPLS order,3/4/2026 4:05,3/4/2026 10:14,scheduledAction,95809,Activation Support,Activation Support
SD1858605,Closed,CMS Interaction,Pending Order,MPLS order,3/4/2026 4:06,3/4/2026 4:27,scheduledAction,95809,Activation Support,Activation Support
SD1858606,Closed,CMS Interaction,Pending Order,MPLS order,3/4/2026 4:06,3/4/2026 4:25,scheduledAction,95809,Activation Support,Activation Support
SD1858607,Closed,CMS Interaction,Pending Order,MPLS order,3/4/2026 4:06,3/8/2026 13:23,scheduledAction,95809,Activation Support,Activation Support
SD1858608,Closed,CMS Interaction,RTCS,Short code and SMS,3/4/2026 4:08,3/4/2026 4:15,69577,69577,ITCMS,IT CMS
SD1858610,Closed,CMS Interaction,RTCS,Data Usage,3/4/2026 4:38,3/4/2026 5:10,70141,70141,Escalated Tickets ,BSS RTCS
SD1858611,Closed,CMS Interaction,Pending Order,WFBB Order,3/4/2026 4:44,3/4/2026 9:15,19715928,19715928,Escalated Tickets ,ARBOR SUPPORT
SD1858613,Closed,CMS Interaction,Pending Order,Fixed Voic and Data,3/4/2026 4:53,3/4/2026 4:59,69577,69577,ITCMS,IT CMS
SD1858626,Closed,CMS Interaction,BIP Billing,Bill Issue,3/4/2026 5:11,3/4/2026 8:23,L7990290,L7990290,Escalated Tickets ,BSS iPDF
SD1858627,Closed,CMS Interaction,CRM,Other,3/4/2026 5:12,3/4/2026 5:40,69517,69517,ITCMS,IT CMS
SD1858628,Closed,CMS Interaction,Pending Order,Fixed Voic and Data,3/4/2026 5:12,3/4/2026 5:28,69517,69517,ITCMS,IT CMS
SD1858631,Closed,CMS Interaction,CRM,Other,3/4/2026 5:25,3/10/2026 9:22,69566,69566,ITCMS,IT CMS
SD1858632,Closed,CMS Interaction,CRM,Other,3/4/2026 5:29,3/4/2026 5:41,S630048,S630048,Escalated Tickets ,ARBOR SUPPORT
SD1858636,Closed,CMS Interaction,Pending Order,BIP Failure,3/4/2026 5:39,3/4/2026 5:58,scheduledAction,69517,ITCMS,IT CMS
SD1858639,Closed,CMS Interaction,Pending Order,Fixed Voic and Data,3/4/2026 5:44,3/8/2026 13:14,W0213873,W0213873,Escalated Tickets ,NEP Support
SD1858641,Closed,CMS Interaction,BIP Billing,Bill Issue,3/4/2026 5:46,3/11/2026 5:42,J2226589,J2226589,Escalated Tickets ,BIP Billing
SD1858652,Closed,CMS Interaction,BIP Billing,Bill Issue,3/4/2026 5:56,3/4/2026 8:11,J2226589,J2226589,Escalated Tickets ,BIP Billing
SD1858655,Closed,CMS Interaction,UOMS,Fixed Voic and Data,3/4/2026 5:58,3/4/2026 6:16,69496,69496,ITCMS,IT CMS
SD1858656,Closed,CMS Interaction,CRM,Other,3/4/2026 5:58,3/7/2026 3:25,S630048,S630048,Escalated Tickets ,ARBOR SUPPORT
SD1858659,Closed,CMS Interaction,Pending Order,Mobile Postpaid,3/4/2026 5:59,3/4/2026 17:11,S630048,S630048,Escalated Tickets ,ARBOR SUPPORT
SD1858665,Closed,CMS Interaction,Pending Order,Fixed Voic and Data,3/4/2026 6:05,3/4/2026 6:13,69496,69496,ITCMS,IT CMS
SD1858667,Closed,CMS Interaction,Pending Order,WFBB Order,3/4/2026 6:05,3/8/2026 8:21,71009,71009,Escalated Tickets ,OSS Mediation Support
SD1858668,Closed,CMS Interaction,POS and CMA,Reversal,3/4/2026 6:06,3/8/2026 3:00,X6410019,X6410019,Escalated Tickets ,BSS POS
SD1858670,Closed,CMS Interaction,CRM,Other,3/4/2026 6:08,3/8/2026 8:20,71009,71009,Escalated Tickets ,OSS Mediation Support
SD1858672,Closed,CMS Interaction,Pending Order,BIP Failure,3/4/2026 6:11,3/4/2026 6:18,69470,69470,ITCMS,IT CMS
SD1858673,Closed,CMS Interaction,Pending Order,Mobile Prepaid,3/4/2026 6:17,3/4/2026 7:10,05766431,05766431,ITCMS,IT CMS
SD1858674,Closed,CMS Interaction,Pending Order,Mobile Postpaid,3/4/2026 6:17,3/4/2026 6:35,05766431,05766431,ITCMS,IT CMS
SD1858675,Closed,CMS Interaction,Pending Order,Fixed Voic and Data,3/4/2026 6:18,3/4/2026 6:21,05766431,05766431,ITCMS,IT CMS
SD1858676,Closed,CMS Interaction,Pending Order,Mobile Postpaid,3/4/2026 6:18,3/4/2026 6:20,69470,69470,ITCMS,IT CMS
SD1858678,Closed,CMS Interaction,Pending Order,Fixed Voic and Data,3/4/2026 6:21,3/4/2026 6:26,69470,69470,ITCMS,IT CMS
SD1858679,Closed,CMS Interaction,Pending Order,Mobile Postpaid,3/4/2026 6:21,3/4/2026 11:18,scheduledAction,69470,ITCMS,IT CMS
SD1858680,Closed,CMS Interaction,CRM,Other,3/4/2026 6:25,3/4/2026 8:07,Q511636,Q511636,Escalated Tickets ,BSS CRM
SD1858683,Closed,CMS Interaction,Pending Order,Mobile Postpaid,3/4/2026 6:28,3/4/2026 6:32,69496,69496,ITCMS,IT CMS
SD1858684,Closed,CMS Interaction,CRM,Other,3/4/2026 6:28,3/4/2026 6:50,69577,69577,ITCMS,IT CMS
SD1858685,Closed,CMS Interaction,CRM,Other,3/4/2026 6:28,3/4/2026 6:33,05766431,05766431,ITCMS,IT CMS
SD1858688,Closed,CMS Interaction,Pending Order,RTCS Failure,3/4/2026 6:30,3/28/2026 18:50,W0213873,8.54905E+11,Escalated Tickets ,NEP Support
SD1858691,Closed,CMS Interaction,UOMS,HBB,3/4/2026 6:34,3/8/2026 4:49,19715928,19715928,Escalated Tickets ,ARBOR SUPPORT
SD1858694,Resolved,CMS Interaction,Pending Order,Mobile Postpaid,3/4/2026 6:37,4/9/2026 8:12,11125603,11125603,ITCMS,IT CMS
SD1858696,Closed,CMS Interaction,UOMS,Fixed Voic and Data,3/4/2026 6:38,3/4/2026 8:20,69566,69566,ITCMS,IT CMS
SD1858701,Closed,CMS Interaction,Preorder Issue,Others,3/4/2026 6:38,3/4/2026 7:04,69577,69577,ITCMS,IT CMS
SD1858707,Closed,CMS Interaction,Pending Order,RTCS Failure,3/4/2026 6:40,3/4/2026 6:41,05766431,05766431,ITCMS,IT CMS
SD1858708,Closed,CMS Interaction,Pending Order,Mobile Postpaid,3/4/2026 6:40,3/4/2026 6:46,69517,69517,ITCMS,IT CMS
SD1858709,Assign,CMS Interaction,RTCS,Data Usage,3/4/2026 6:40,,,W2054126,Escalated Tickets ,BSS Campaign Management System
SD1858714,Assign,CMS Interaction,Pending Order,Fesibility Check Failure,3/4/2026 6:47,,,,Escalated Tickets ,Unified Back Office Team
SD1858718,Closed,CMS Interaction,DDMS,DDMS Interface,3/4/2026 7:06,3/7/2026 18:28,P1832151,P1832151,Escalated Tickets ,BSS DDMS
SD1858726,Closed,CMS Interaction,DDMS,Dunning,3/4/2026 6:58,3/4/2026 10:42,69574,69574,Escalated Tickets ,BSS DDMS
SD1858729,Closed,CMS Interaction,BIP Billing,Bill Issue,3/4/2026 7:06,3/7/2026 7:44,L7990290,L7990290,Escalated Tickets ,BSS iPDF
SD1858730,Closed,CMS Interaction,Pending Order,Mobile Postpaid,3/4/2026 7:00,3/4/2026 7:02,69470,69470,ITCMS,IT CMS
SD1858741,Closed,CMS Interaction,Pending Order,Mobile Postpaid,3/4/2026 7:11,3/4/2026 7:14,05766431,05766431,ITCMS,IT CMS
SD1858742,Closed,CMS Interaction,RTCS,Short code and SMS,3/4/2026 7:15,3/4/2026 7:23,11125603,11125603,ITCMS,IT CMS
SD1858744,Closed,CMS Interaction,Pending Order,Fixed Voic and Data,3/4/2026 7:18,3/4/2026 7:44,05766431,05766431,ITCMS,IT CMS
SD1858746,Closed,CMS Interaction,Pending Order,Fixed Voic and Data,3/4/2026 7:19,3/5/2026 6:55,scheduledAction,8.54905E+11,Escalated Tickets ,NEP Support
SD1858747,Closed,CMS Interaction,Pending Order,Fixed Voic and Data,3/4/2026 7:20,3/4/2026 7:33,11125603,11125603,ITCMS,IT CMS
SD1858748,Closed,CMS Interaction,Pending Order,Fixed Voic and Data,3/4/2026 7:20,3/4/2026 7:29,69577,69577,ITCMS,IT CMS
SD1858752,Closed,CMS Interaction,RTCS,Data Usage,3/4/2026 7:32,3/4/2026 8:55,109720587,109720587,Escalated Tickets ,BSS RTCS
SD1858753,Closed,CMS Interaction,POS and CMA,Reversal,3/4/2026 7:24,3/8/2026 2:58,X6410019,X6410019,Escalated Tickets ,BSS POS
SD1858756,Closed,CMS Interaction,POS and CMA,Pending Payment,3/4/2026 7:27,3/8/2026 2:55,X6410019,X6410019,Escalated Tickets ,BSS POS
SD1858759,Closed,CMS Interaction,CRM,Other,3/4/2026 7:32,3/4/2026 7:46,69577,69577,ITCMS,IT CMS
SD1858766,Closed,CMS Interaction,Pending Order,Fixed Voic and Data,3/4/2026 7:40,3/4/2026 7:42,05766431,05766431,ITCMS,IT CMS
SD1858768,Closed,CMS Interaction,RTCS,Short code and SMS,3/4/2026 7:41,3/4/2026 7:45,69470,69470,ITCMS,IT CMS
SD1858769,Closed,CMS Interaction,CRM,No Data Found,3/4/2026 7:43,3/8/2026 6:41,Q511636,Q511636,Escalated Tickets ,BSS CRM
SD1858771,Closed,CMS Interaction,Pending Order,Mobile Postpaid,3/4/2026 7:45,3/4/2026 7:59,70274,70274,Escalated Tickets ,OSS Mediation Support
SD1858774,Closed,CMS Interaction,BIP Billing,Others,3/4/2026 7:47,3/4/2026 8:12,J2226589,J2226589,Escalated Tickets ,BIP Billing
SD1858778,Closed,CMS Interaction,CRM,Other,3/4/2026 7:51,3/4/2026 8:07,11125603,11125603,ITCMS,IT CMS
SD1858781,Closed,CMS Interaction,POS and CMA,Reversal,3/4/2026 7:52,3/8/2026 2:46,X6410019,X6410019,Escalated Tickets ,BSS POS
SD1858783,Closed,CMS Interaction,Pending Order,Mobile Prepaid,3/4/2026 7:53,3/4/2026 7:58,69470,69470,ITCMS,IT CMS
SD1858786,Closed,CMS Interaction,RTCS,Short code and SMS,3/4/2026 7:55,3/23/2026 9:28,X6410019,X6410019,Escalated Tickets ,BSS CRM
SD1858787,Closed,CMS Interaction,ITA,ITA,3/4/2026 7:55,3/4/2026 11:16,71009,71009,Escalated Tickets ,OSS Mediation Support
SD1858788,Closed,CMS Interaction,RTCS,Short code and SMS,3/4/2026 7:56,3/4/2026 8:00,69470,69470,ITCMS,IT CMS
SD1858789,Closed,CMS Interaction,RTCS,Short code and SMS,3/4/2026 7:56,3/4/2026 8:08,69566,69566,ITCMS,IT CMS
SD1858791,Closed,CMS Interaction,CRM,Other,3/4/2026 8:00,3/8/2026 4:54,19715928,19715928,Escalated Tickets ,ARBOR SUPPORT
SD1858793,Closed,CMS Interaction,CRM,Other,3/4/2026 8:01,3/4/2026 8:04,69577,69577,ITCMS,IT CMS
SD1858798,Closed,CMS Interaction,Pending Order,Mobile Postpaid,3/4/2026 8:06,3/5/2026 11:30,70699048,70699048,Escalated Tickets ,BSS Interface
SD1858800,Closed,CMS Interaction,BIP Billing,Bill Issue,3/4/2026 8:10,3/4/2026 8:32,J2226589,22674,Escalated Tickets ,BIP Billing
SD1858801,Closed,CMS Interaction,BIP Billing,Bill Issue,3/4/2026 8:10,3/4/2026 8:27,69577,69577,ITCMS,IT CMS
SD1858808,Closed,CMS Interaction,CRM,Other,3/4/2026 8:16,3/4/2026 8:20,11125603,11125603,ITCMS,IT CMS
SD1858811,Closed,CMS Interaction,BIP Billing,Bill Issue,3/4/2026 8:16,3/4/2026 8:38,J2226589,J2226589,Escalated Tickets ,BIP Billing
SD1858812,Closed,CMS Interaction,POS and CMA,Reversal,3/4/2026 8:16,3/8/2026 2:44,X6410019,X6410019,Escalated Tickets ,BSS POS
SD1858814,Closed,CMS Interaction,Pending Order,Fixed Voic and Data,3/4/2026 8:19,3/4/2026 8:33,05766431,05766431,ITCMS,IT CMS
SD1858815,Closed,CMS Interaction,BIP Billing,Bill Issue,3/4/2026 8:20,3/4/2026 8:42,J2226589,22674,Escalated Tickets ,BIP Billing
SD1858818,Closed,CMS Interaction,Pending Order,RTCS Failure,3/4/2026 8:21,3/4/2026 8:25,69130,69130,ITCMS,IT CMS
SD1858819,Closed,CMS Interaction,Pending Order,RTCS Failure,3/4/2026 8:22,3/4/2026 8:25,69517,69517,ITCMS,IT CMS
SD1858820,Closed,CMS Interaction,BIP Billing,Bill Issue,3/4/2026 8:23,3/7/2026 21:43,L7990290,L7990290,Escalated Tickets ,BSS iPDF
SD1858825,Closed,CMS Interaction,Pending Order,ITA order,3/4/2026 8:27,3/10/2026 7:46,71009,71009,Escalated Tickets ,OSS Mediation Support
SD1858826,Closed,CMS Interaction,UOMS,Mobile,3/4/2026 8:27,3/9/2026 20:53,70699048,69840,Escalated Tickets ,ARBOR SUPPORT
SD1858827,Closed,CMS Interaction,BIP Billing,Bill Issue,3/4/2026 8:28,3/7/2026 7:50,L7990290,L7990290,Escalated Tickets ,BSS iPDF
SD1858832,Closed,CMS Interaction,BIP Billing,Others,3/4/2026 8:30,3/4/2026 8:40,J2226589,J2226589,Escalated Tickets ,BIP Billing
SD1858834,Closed,CMS Interaction,UOMS,Fixed Voic and Data,3/4/2026 8:33,3/5/2026 4:34,05766431,05766431,ITCMS,IT CMS
SD1858835,Closed,CMS Interaction,BIP Billing,Bill Issue,3/4/2026 8:36,3/4/2026 8:46,J2226589,22674,Escalated Tickets ,BIP Billing
SD1858836,Closed,CMS Interaction,CRM,Other,3/4/2026 8:36,3/4/2026 8:51,69470,69470,ITCMS,IT CMS
SD1858838,Closed,CMS Interaction,Pending Order,Mobile Postpaid,3/4/2026 8:39,3/4/2026 8:43,05766431,05766431,ITCMS,IT CMS
SD1858842,Closed,CMS Interaction,Pending Order,Mobile Postpaid,3/4/2026 8:41,3/10/2026 7:46,71009,71009,Escalated Tickets ,OSS Mediation Support
SD1858843,Closed,CMS Interaction,BIP Billing,Bill Issue,3/4/2026 8:43,3/7/2026 7:54,L7990290,L7990290,Escalated Tickets ,BSS iPDF
SD1858845,Closed,CMS Interaction,Pending Order,Mobile Postpaid,3/4/2026 8:45,3/4/2026 8:58,69470,69470,ITCMS,IT CMS
SD1858852,Closed,CMS Interaction,Pending Order,ITA order,3/4/2026 8:53,3/7/2026 3:26,scheduledAction,19715928,Escalated Tickets ,ARBOR SUPPORT
SD1858853,Closed,CMS Interaction,DDMS,Dunning,3/4/2026 8:53,3/5/2026 8:58,70507,70507,Escalated Tickets ,BSS DDMS
SD1858855,Closed,CMS Interaction,Pending Order,Mobile Postpaid,3/4/2026 8:55,3/5/2026 4:32,05766431,05766431,ITCMS,IT CMS
SD1858857,Closed,CMS Interaction,Pending Order,Mobile Postpaid,3/4/2026 8:56,3/4/2026 9:01,69470,69470,ITCMS,IT CMS
SD1858869,Closed,CMS Interaction,UOMS,Mobile,3/4/2026 9:09,3/5/2026 7:06,Q511636,Q511636,Escalated Tickets ,BSS CRM
SD1858871,Closed,CMS Interaction,Preorder Issue,Others,3/4/2026 9:09,3/4/2026 9:16,05766431,05766431,ITCMS,IT CMS
SD1858873,Closed,CMS Interaction,RTCS,Data Usage,3/4/2026 9:13,3/5/2026 4:54,05766431,05766431,ITCMS,IT CMS
SD1858875,Closed,CMS Interaction,RTCS,Short code and SMS,3/4/2026 9:14,3/4/2026 9:16,69470,69470,ITCMS,IT CMS
SD1858882,Closed,CMS Interaction,CRM,Other,3/4/2026 9:23,3/8/2026 2:42,X6410019,X6410019,Escalated Tickets ,BSS POS
SD1858883,Closed,CMS Interaction,CRM,Other,3/4/2026 9:23,3/6/2026 14:59,S0544374,Q511636,Escalated Tickets ,BSS CRM
SD1858886,Closed,CMS Interaction,CRM,Other,3/4/2026 9:27,3/8/2026 2:56,69496,69496,ITCMS,IT CMS
SD1858892,Closed,CMS Interaction,BIP Billing,Bill Issue,3/4/2026 9:34,3/9/2026 9:48,L7990290,L7990290,Escalated Tickets ,BSS iPDF
SD1858897,Closed,CMS Interaction,Pending Order,Fesibility Check Failure,3/4/2026 9:39,3/4/2026 9:46,69566,69566,ITCMS,IT CMS
SD1858911,Closed,CMS Interaction,Pending Order,Fixed Voic and Data,3/4/2026 9:52,3/4/2026 10:14,scheduledAction,scheduledAction,ITCMS,IT CMS
SD1858912,Closed,CMS Interaction,UOMS,Mobile,3/4/2026 9:55,3/17/2026 23:24,S630048,S630048,Escalated Tickets ,ARBOR SUPPORT
SD1858914,Closed,CMS Interaction,UOMS,Mobile,3/4/2026 9:58,3/8/2026 5:07,19715928,19715928,Escalated Tickets ,ARBOR SUPPORT
SD1858917,Closed,CMS Interaction,Pending Order,Fixed Voic and Data,3/4/2026 10:04,3/4/2026 10:15,05766431,05766431,ITCMS,IT CMS
SD1858919,Closed,CMS Interaction,Pending Order,Mobile Prepaid,3/4/2026 10:05,3/4/2026 10:17,05766431,05766431,ITCMS,IT CMS
SD1858920,Closed,CMS Interaction,BIP Billing,Bill Issue,3/4/2026 10:12,3/7/2026 7:59,L7990290,L7990290,Escalated Tickets ,BSS iPDF
SD1858921,Closed,CMS Interaction,POS and CMA,Reversal,3/4/2026 10:05,3/8/2026 2:39,X6410019,X6410019,Escalated Tickets ,BSS POS
SD1858922,Closed,CMS Interaction,CRM,Call details Routine,3/4/2026 10:06,3/4/2026 11:08,71009,71009,Escalated Tickets ,OSS Mediation Support
SD1858931,Closed,CMS Interaction,DDMS,Dunning,3/4/2026 10:11,3/7/2026 18:31,P1832151,P1832151,Escalated Tickets ,BSS DDMS
SD1858936,Closed,CMS Interaction,POS and CMA,Reversal,3/4/2026 10:16,3/8/2026 2:38,X6410019,X6410019,Escalated Tickets ,BSS POS
SD1858939,Closed,CMS Interaction,Pending Order,Fixed Voic and Data,3/4/2026 10:18,3/4/2026 10:29,69517,69517,ITCMS,IT CMS
SD1858944,Closed,CMS Interaction,UOMS,Mobile,3/4/2026 10:22,3/4/2026 10:29,05766431,05766431,ITCMS,IT CMS
SD1858946,Closed,CMS Interaction,Pending Order,RTCS Failure,3/4/2026 10:25,3/10/2026 7:47,71009,71009,Escalated Tickets ,OSS Mediation Support
SD1858950,Closed,CMS Interaction,UOMS,Mobile,3/4/2026 10:28,3/5/2026 6:37,71009,71009,Escalated Tickets ,OSS Mediation Support
SD1858952,Closed,CMS Interaction,Pending Order,Fixed Voic and Data,3/4/2026 10:36,3/4/2026 10:42,69566,69566,ITCMS,IT CMS
SD1858954,Closed,CMS Interaction,BIP Billing,Bill Issue,3/4/2026 10:42,3/7/2026 8:05,L7990290,L7990290,Escalated Tickets ,BSS iPDF
SD1858956,Closed,CMS Interaction,Pending Order,Mobile Postpaid,3/4/2026 10:46,3/4/2026 11:05,71009,71009,Escalated Tickets ,OSS Mediation Support
SD1858965,Closed,CMS Interaction,RTCS,Short code and SMS,3/4/2026 10:56,3/9/2026 21:13,70699048,S630048,Escalated Tickets ,ARBOR SUPPORT
SD1858967,Closed,CMS Interaction,Pending Order,ITA order,3/4/2026 10:59,3/4/2026 11:21,69566,69566,ITCMS,IT CMS
SD1858968,Closed,CMS Interaction,Pending Order,Mobile Prepaid,3/4/2026 11:00,3/4/2026 11:18,scheduledAction,scheduledAction,ITCMS,IT CMS
SD1858969,Closed,CMS Interaction,CRM,Other,3/4/2026 11:00,3/4/2026 12:30,S630048,S630048,Escalated Tickets ,ARBOR SUPPORT
SD1858972,Closed,CMS Interaction,CRM,Other,3/4/2026 11:02,3/8/2026 8:25,19715928,19715928,Escalated Tickets ,ARBOR SUPPORT
SD1858975,Closed,CMS Interaction,UOMS,Mobile,3/4/2026 11:06,3/9/2026 8:51,69566,69566,ITCMS,IT CMS
SD1858977,Closed,CMS Interaction,Pending Order,Fixed Voic and Data,3/4/2026 11:08,3/5/2026 7:32,LR1995699,LR1995699,Escalated Tickets ,NEP Support
SD1858979,Closed,CMS Interaction,UOMS,Mobile,3/4/2026 11:13,3/4/2026 11:14,69566,69566,ITCMS,IT CMS
SD1858980,Closed,CMS Interaction,Pending Order,Mobile Postpaid,3/4/2026 11:14,3/10/2026 7:59,scheduledAction,scheduledAction,Digital CICM L1 Support,Digital CICM L1 Support
SD1858982,Closed,CMS Interaction,UOMS,Mobile,3/4/2026 11:20,3/4/2026 12:08,S630048,S630048,Escalated Tickets ,ARBOR SUPPORT
SD1858984,Closed,CMS Interaction,Pending Order,RTCS Failure,3/4/2026 11:21,3/4/2026 11:22,69566,69566,ITCMS,IT CMS
SD1858985,Closed,CMS Interaction,Pending Order,RTCS Failure,3/4/2026 11:22,3/4/2026 11:23,69566,69566,ITCMS,IT CMS
SD1858987,Closed,CMS Interaction,CRM,Other,3/4/2026 11:25,3/5/2026 5:28,05766431,05766431,ITCMS,IT CMS
SD1858989,Closed,CMS Interaction,Pending Order,Mobile Prepaid,3/4/2026 11:39,3/4/2026 11:54,69566,69566,ITCMS,IT CMS
SD1858990,Closed,CMS Interaction,Pending Order,Mobile Postpaid,3/4/2026 11:41,3/4/2026 11:53,69566,69566,ITCMS,IT CMS
SD1858993,Closed,CMS Interaction,Preorder Issue,Validation Error,3/4/2026 11:47,3/5/2026 4:25,05766431,05766431,ITCMS,IT CMS
SD1858994,Closed,CMS Interaction,CRM,Other,3/4/2026 11:48,3/9/2026 8:51,69566,69566,ITCMS,IT CMS
SD1858999,Closed,CMS Interaction,UOMS,Mobile,3/4/2026 12:02,3/5/2026 4:21,05766431,05766431,ITCMS,IT CMS
SD1859003,Closed,CMS Interaction,BIP Billing,Bill Issue,3/4/2026 12:18,3/7/2026 8:06,L7990290,L7990290,Escalated Tickets ,BSS iPDF
SD1859004,Closed,CMS Interaction,Pending Order,Mobile Prepaid,3/4/2026 12:37,3/5/2026 4:20,05766431,05766431,ITCMS,IT CMS
SD1859010,Closed,CMS Interaction,RTCS,Short code and SMS,3/4/2026 12:57,3/4/2026 13:26,69130,69130,ITCMS,IT CMS
SD1859011,Closed,CMS Interaction,Pending Order,Mobile Postpaid,3/4/2026 13:01,3/5/2026 3:04,69130,69130,ITCMS,IT CMS
SD1859012,Closed,CMS Interaction,Pending Order,Fixed Voic and Data,3/4/2026 13:04,3/4/2026 13:24,69130,69130,ITCMS,IT CMS
SD1859013,Closed,CMS Interaction,CRM,Other,3/4/2026 13:31,3/10/2026 12:54,S630048,S630048,Escalated Tickets ,ARBOR SUPPORT
SD1859014,Closed,CMS Interaction,Pending Order,Mobile Prepaid,3/4/2026 13:41,3/4/2026 18:12,37230,37230,ITCMS,IT CMS
SD1859018,Closed,CMS Interaction,RTCS,Short code and SMS,3/4/2026 14:06,3/4/2026 18:37,37230,37230,ITCMS,IT CMS
SD1859021,Closed,CMS Interaction,Pending Order,Mobile Prepaid,3/4/2026 14:42,3/4/2026 15:40,scheduledAction,scheduledAction,ITCMS,IT CMS
SD1859022,Closed,CMS Interaction,Pending Order,Fixed Voic and Data,3/4/2026 14:42,3/4/2026 18:07,37230,37230,ITCMS,IT CMS
SD1859023,Closed,CMS Interaction,RTCS,Short code and SMS,3/4/2026 15:05,3/4/2026 18:36,37230,37230,ITCMS,IT CMS
SD1859024,Closed,CMS Interaction,Pending Order,Mobile Postpaid,3/4/2026 15:49,3/4/2026 18:07,scheduledAction,37230,ITCMS,IT CMS
SD1859025,Closed,CMS Interaction,Pending Order,WFBB Order,3/4/2026 15:50,3/4/2026 18:05,37230,37230,ITCMS,IT CMS
SD1859026,Closed,CMS Interaction,UOMS,PortOut/PortIN,3/4/2026 16:08,3/5/2026 16:17,12349939,69840,Escalated Tickets ,ARBOR SUPPORT
SD1859027,Closed,CMS Interaction,CRM,Other,3/4/2026 16:16,3/5/2026 16:14,12349939,12349939,Escalated Tickets ,ARBOR SUPPORT
SD1859028,Closed,CMS Interaction,Preorder Issue,Others,3/4/2026 16:21,3/8/2026 7:29,11125603,11125603,ITCMS,IT CMS
SD1859031,Closed,CMS Interaction,UOMS,Mobile,3/4/2026 16:32,3/10/2026 7:47,71009,71009,Escalated Tickets ,OSS Mediation Support
SD1859032,Closed,CMS Interaction,UOMS,PortOut/PortIN,3/4/2026 16:34,3/5/2026 16:16,12349939,69840,Escalated Tickets ,ARBOR SUPPORT
SD1859033,Closed,CMS Interaction,CRM,Other,3/4/2026 16:35,3/4/2026 18:48,37230,37230,ITCMS,IT CMS
SD1859034,Closed,CMS Interaction,Pending Order,Mobile Prepaid,3/4/2026 16:36,3/4/2026 17:11,scheduledAction,scheduledAction,ITCMS,IT CMS
SD1859035,Closed,CMS Interaction,Pending Order,BIP Failure,3/4/2026 16:38,3/4/2026 18:23,37230,37230,ITCMS,IT CMS
SD1859036,Closed,CMS Interaction,UOMS,Fixed Voic and Data,3/4/2026 16:40,3/5/2026 6:33,71009,71009,Escalated Tickets ,OSS Mediation Support
SD1859037,Closed,CMS Interaction,Pending Order,Fixed Voic and Data,3/4/2026 16:41,4/6/2026 9:07,W0213873,LR1995699,Escalated Tickets ,NEP Support
SD1859040,Closed,CMS Interaction,Pending Order,Mobile Postpaid,3/4/2026 16:51,3/4/2026 18:17,37230,37230,ITCMS,IT CMS
SD1859042,Closed,CMS Interaction,Pending Order,BIP Failure,3/4/2026 17:00,3/4/2026 18:15,37230,37230,ITCMS,IT CMS
SD1859043,Closed,CMS Interaction,RTCS,Short code and SMS,3/4/2026 17:07,3/4/2026 18:42,37230,37230,ITCMS,IT CMS
SD1859044,Closed,CMS Interaction,Pending Order,Mobile Prepaid,3/4/2026 17:08,3/4/2026 18:14,37230,37230,ITCMS,IT CMS
SD1859045,Closed,CMS Interaction,Pending Order,ITA order,3/4/2026 17:18,3/8/2026 7:04,Q511636,Q511636,Escalated Tickets ,BSS CRM
SD1859046,Closed,CMS Interaction,Pending Order,Fixed Voic and Data,3/4/2026 17:08,3/4/2026 18:13,37230,37230,ITCMS,IT CMS
SD1859047,Closed,CMS Interaction,RTCS,Short code and SMS,3/4/2026 17:13,3/4/2026 18:47,37230,37230,ITCMS,IT CMS
SD1859048,Closed,CMS Interaction,UOMS,Mobile,3/4/2026 17:16,3/11/2026 6:48,Q511636,Q511636,Escalated Tickets ,BSS CRM
SD1859050,Closed,CMS Interaction,UOMS,HBB,3/4/2026 17:26,3/28/2026 18:31,W0213873,W0213873,Escalated Tickets ,NEP Support
SD1859051,Closed,CMS Interaction,Pending Order,Mobile Prepaid,3/4/2026 17:28,3/4/2026 18:19,37230,37230,ITCMS,IT CMS
SD1859052,Closed,CMS Interaction,CRM,No Data Found,3/4/2026 17:29,3/8/2026 5:17,19715928,19715928,Escalated Tickets ,ARBOR SUPPORT
SD1859053,Closed,CMS Interaction,Pending Order,Mobile Postpaid,3/4/2026 17:31,3/4/2026 20:04,scheduledAction,70274,Escalated Tickets ,OSS Mediation Support
SD1859054,Closed,CMS Interaction,RTCS,Short code and SMS,3/4/2026 17:37,3/5/2026 6:39,11125603,11125603,ITCMS,IT CMS
SD1859055,Closed,CMS Interaction,Pending Order,Mobile Prepaid,3/4/2026 17:40,3/5/2026 3:02,69130,69130,ITCMS,IT CMS
SD1859056,Closed,CMS Interaction,UOMS,Mobile,3/4/2026 17:46,3/5/2026 6:28,71009,71009,Escalated Tickets ,OSS Mediation Support
SD1859058,Closed,CMS Interaction,UOMS,Mobile,3/4/2026 17:51,3/5/2026 6:24,71009,71009,Escalated Tickets ,OSS Mediation Support
SD1859059,Closed,CMS Interaction,UOMS,WFBB,3/4/2026 17:53,3/9/2026 21:22,70699048,69840,Escalated Tickets ,ARBOR SUPPORT
SD1859060,Closed,CMS Interaction,RTCS,Short code and SMS,3/4/2026 18:00,3/4/2026 18:25,37230,37230,ITCMS,IT CMS
SD1859061,In Progress,CMS Interaction,UOMS,Mobile,3/4/2026 18:10,,,,CMS,CMS
SD1859069,Closed,CMS Interaction,Pending Order,WFBB Order,3/4/2026 18:21,3/4/2026 18:51,37230,37230,ITCMS,IT CMS
SD1859070,Closed,CMS Interaction,Pending Order,Mobile Prepaid,3/4/2026 18:22,3/4/2026 18:50,37230,37230,ITCMS,IT CMS
SD1859071,Closed,CMS Interaction,CRM,Other,3/4/2026 18:29,3/5/2026 16:15,12349939,12349939,Escalated Tickets ,ARBOR SUPPORT
SD1859072,Closed,CMS Interaction,Pending Order,Fixed Voic and Data,3/4/2026 18:30,3/5/2026 5:21,05766431,05766431,ITCMS,IT CMS
SD1859073,Closed,CMS Interaction,Pending Order,Mobile Prepaid,3/4/2026 18:34,3/4/2026 18:35,37230,37230,ITCMS,IT CMS
SD1859074,Closed,CMS Interaction,CRM,CRM Down,3/4/2026 18:35,3/4/2026 18:40,37230,37230,ITCMS,IT CMS
SD1859075,Closed,CMS Interaction,Pending Order,Mobile Prepaid,3/4/2026 18:36,3/4/2026 18:51,37230,37230,ITCMS,IT CMS
SD1859077,Closed,CMS Interaction,Preorder Issue,Others,3/4/2026 18:53,3/5/2026 5:38,69577,69577,ITCMS,IT CMS
SD1859078,Closed,CMS Interaction,UOMS,PortOut/PortIN,3/4/2026 19:06,3/4/2026 19:45,37230,37230,ITCMS,IT CMS
SD1859079,Closed,CMS Interaction,RTCS,Short code and SMS,3/4/2026 19:09,3/4/2026 19:43,37230,37230,ITCMS,IT CMS
SD1859080,Closed,CMS Interaction,UOMS,PortOut/PortIN,3/4/2026 19:10,3/11/2026 11:43,69566,69566,ITCMS,IT CMS
SD1859081,Closed,CMS Interaction,Pending Order,Mobile Prepaid,3/4/2026 19:17,3/4/2026 19:47,37230,37230,ITCMS,IT CMS
SD1859082,Closed,CMS Interaction,Pending Order,Mobile Postpaid,3/4/2026 19:29,3/4/2026 19:35,scheduledAction,scheduledAction,ITCMS,IT CMS
SD1859083,Closed,CMS Interaction,Pending Order,Fixed Voic and Data,3/4/2026 19:39,3/4/2026 19:48,37230,37230,ITCMS,IT CMS
SD1859084,Closed,CMS Interaction,Pending Order,Mobile Prepaid,3/4/2026 19:46,3/4/2026 19:49,37230,37230,ITCMS,IT CMS
SD1859085,Closed,CMS Interaction,RTCS,Short code and SMS,3/4/2026 19:47,3/4/2026 19:50,37230,37230,ITCMS,IT CMS
SD1859086,Closed,CMS Interaction,Pending Order,Mobile Postpaid,3/4/2026 19:55,3/5/2026 6:19,71009,71009,Escalated Tickets ,OSS Mediation Support
SD1859087,Closed,CMS Interaction,Pending Order,Mobile Postpaid,3/4/2026 20:05,3/5/2026 4:19,05766431,05766431,ITCMS,IT CMS
SD1859088,Closed,CMS Interaction,RTCS,Short code and SMS,3/4/2026 20:06,3/5/2026 3:01,69130,69130,ITCMS,IT CMS
SD1859089,Closed,CMS Interaction,UOMS,Mobile,3/4/2026 20:33,3/5/2026 3:00,69130,69130,ITCMS,IT CMS
SD1859091,Closed,CMS Interaction,RTCS,Short code and SMS,3/4/2026 20:34,3/5/2026 2:59,69130,69130,ITCMS,IT CMS
SD1859092,Closed,CMS Interaction,RTCS,Short code and SMS,3/4/2026 20:38,3/5/2026 2:58,69130,69130,ITCMS,IT CMS
SD1859093,Closed,CMS Interaction,CRM,No Data Found,3/4/2026 20:43,3/5/2026 2:58,69130,69130,ITCMS,IT CMS
SD1859094,Closed,CMS Interaction,Pending Order,WFBB Order,3/4/2026 21:01,3/5/2026 2:46,69496,69496,ITCMS,IT CMS
SD1859095,Closed,CMS Interaction,CRM,Other,3/4/2026 21:03,3/8/2026 7:06,Q511636,Q511636,Escalated Tickets ,BSS CRM
SD1859097,Closed,CMS Interaction,Pending Order,Fixed Voic and Data,3/4/2026 21:56,3/5/2026 4:15,05766431,05766431,ITCMS,IT CMS
SD1859098,Closed,CMS Interaction,Pending Order,Fixed Voic and Data,3/4/2026 22:04,3/5/2026 3:45,69577,69577,ITCMS,IT CMS
SD1859099,Closed,CMS Interaction,RTCS,Short code and SMS,3/4/2026 22:19,3/5/2026 2:57,69496,69496,ITCMS,IT CMS
SD1859100,Closed,CMS Interaction,Pending Order,Mobile Postpaid,3/4/2026 22:22,3/5/2026 4:13,05766431,05766431,ITCMS,IT CMS
SD1859102,Closed,CMS Interaction,Pending Order,Mobile Prepaid,3/4/2026 22:56,3/10/2026 6:01,11125603,11125603,ITCMS,IT CMS
SD1859104,Closed,CMS Interaction,CRM,No Data Found,3/4/2026 23:31,3/5/2026 3:29,69577,69577,ITCMS,IT CMS
SD1859107,Closed,CMS Interaction,Pending Order,RTCS Failure,3/4/2026 23:40,3/5/2026 2:53,69130,69130,ITCMS,IT CMS
SD1859110,Closed,CMS Interaction,RTCS,Short code and SMS,3/5/2026 0:43,3/5/2026 2:52,69130,69130,ITCMS,IT CMS
SD1859111,Closed,CMS Interaction,Pending Order,Fixed Voic and Data,3/5/2026 2:38,3/5/2026 2:52,69496,69496,ITCMS,IT CMS
SD1859112,Closed,CMS Interaction,Pending Order,Fixed Voic and Data,3/5/2026 2:41,3/5/2026 2:49,69496,69496,ITCMS,IT CMS
SD1859113,Closed,CMS Interaction,Pending Order,Fixed Voic and Data,3/5/2026 2:49,3/5/2026 2:55,69496,69496,ITCMS,IT CMS
SD1859114,Closed,CMS Interaction,Pending Order,Fixed Voic and Data,3/5/2026 2:57,3/5/2026 3:09,69130,69130,ITCMS,IT CMS
SD1859115,Closed,CMS Interaction,Pending Order,Fixed Voic and Data,3/5/2026 2:59,3/5/2026 3:07,69130,69130,ITCMS,IT CMS
SD1859116,Closed,CMS Interaction,Pending Order,Fixed Voic and Data,3/5/2026 3:02,3/5/2026 3:06,69130,69130,ITCMS,IT CMS
SD1859117,Closed,CMS Interaction,Pending Order,Mobile Prepaid,3/5/2026 3:17,3/5/2026 3:31,69517,69517,ITCMS,IT CMS
SD1859118,Closed,CMS Interaction,RTCS,Data Usage,3/5/2026 3:58,3/8/2026 7:07,61495417,61495417,Escalated Tickets ,BSS RTCS
SD1859120,In Progress,CMS Interaction,Pending Order,MPLS order,3/5/2026 4:01,,,95809,Activation Support,Activation Support
SD1859121,Closed,CMS Interaction,Pending Order,MPLS order,3/5/2026 4:02,3/10/2026 5:58,scheduledAction,68523,Activation Support,Activation Support
SD1859122,Closed,CMS Interaction,Pending Order,MPLS order,3/5/2026 4:02,3/9/2026 9:54,scheduledAction,68523,Activation Support,Activation Support
SD1859123,Closed,CMS Interaction,Pending Order,MPLS order,3/5/2026 4:02,3/6/2026 10:26,scheduledAction,95809,Activation Support,Activation Support
SD1859124,Closed,CMS Interaction,Pending Order,MPLS order,3/5/2026 4:02,3/5/2026 4:26,scheduledAction,scheduledAction,Activation Support,Activation Support
SD1859125,Closed,CMS Interaction,Pending Order,MPLS order,3/5/2026 4:02,3/5/2026 4:26,scheduledAction,scheduledAction,Activation Support,Activation Support
SD1859126,Closed,CMS Interaction,Pending Order,MPLS order,3/5/2026 4:02,3/11/2026 6:49,scheduledAction,95809,Activation Support,Activation Support
SD1859127,Closed,CMS Interaction,Pending Order,MPLS order,3/5/2026 4:02,3/5/2026 4:27,scheduledAction,scheduledAction,Activation Support,Activation Support
SD1859128,Closed,CMS Interaction,Pending Order,MPLS order,3/5/2026 4:02,3/12/2026 10:33,scheduledAction,95809,Activation Support,Activation Support
SD1859129,Closed,CMS Interaction,Pending Order,MPLS order,3/5/2026 4:02,3/5/2026 4:27,scheduledAction,scheduledAction,Activation Support,Activation Support
SD1859130,Closed,CMS Interaction,Pending Order,MPLS order,3/5/2026 4:02,3/5/2026 4:27,scheduledAction,scheduledAction,Activation Support,Activation Support
SD1859131,Closed,CMS Interaction,Pending Order,MPLS order,3/5/2026 4:02,3/5/2026 11:09,scheduledAction,95809,Activation Support,Activation Support
SD1859132,Closed,CMS Interaction,Pending Order,MPLS order,3/5/2026 4:03,4/1/2026 9:00,scheduledAction,69509,Activation Support,Activation Support
SD1859133,Closed,CMS Interaction,Pending Order,MPLS order,3/5/2026 4:03,3/24/2026 7:24,scheduledAction,69509,Activation Support,Activation Support
SD1859134,Closed,CMS Interaction,Pending Order,MPLS order,3/5/2026 4:03,3/8/2026 7:10,scheduledAction,95809,Activation Support,Activation Support
SD1859135,Closed,CMS Interaction,Pending Order,MPLS order,3/5/2026 4:03,3/9/2026 5:20,scheduledAction,69509,Activation Support,Activation Support
SD1859136,Closed,CMS Interaction,Pending Order,MPLS order,3/5/2026 4:03,3/5/2026 4:27,scheduledAction,scheduledAction,Activation Support,Activation Support
SD1859137,Closed,CMS Interaction,Pending Order,MPLS order,3/5/2026 4:03,3/5/2026 4:27,scheduledAction,scheduledAction,Activation Support,Activation Support
SD1859138,Closed,CMS Interaction,RTCS,Short code and SMS,3/5/2026 4:03,3/5/2026 7:01,11125603,11125603,ITCMS,IT CMS
SD1859139,Closed,CMS Interaction,Pending Order,MPLS order,3/5/2026 4:03,3/8/2026 10:54,scheduledAction,69509,Activation Support,Activation Support
SD1859140,Closed,CMS Interaction,Pending Order,MPLS order,3/5/2026 4:03,3/5/2026 4:27,scheduledAction,scheduledAction,Activation Support,Activation Support
SD1859141,Closed,CMS Interaction,Pending Order,MPLS order,3/5/2026 4:03,3/10/2026 17:55,scheduledAction,69509,Activation Support,Activation Support
SD1859142,Closed,CMS Interaction,Pending Order,MPLS order,3/5/2026 4:03,3/5/2026 11:44,scheduledAction,69509,Activation Support,Activation Support
SD1859143,Closed,CMS Interaction,Pending Order,MPLS order,3/5/2026 4:03,3/12/2026 10:33,scheduledAction,69509,Activation Support,Activation Support
SD1859144,Closed,CMS Interaction,Pending Order,MPLS order,3/5/2026 4:04,3/5/2026 4:27,scheduledAction,scheduledAction,Activation Support,Activation Support
SD1859145,Closed,CMS Interaction,Pending Order,MPLS order,3/5/2026 4:04,3/9/2026 8:23,scheduledAction,69509,Activation Support,Activation Support
SD1859146,Closed,CMS Interaction,Pending Order,MPLS order,3/5/2026 4:04,3/5/2026 4:27,scheduledAction,scheduledAction,Activation Support,Activation Support
SD1859147,Closed,CMS Interaction,Pending Order,MPLS order,3/5/2026 4:04,3/5/2026 7:59,scheduledAction,69509,Activation Support,Activation Support
SD1859148,Closed,CMS Interaction,Pending Order,MPLS order,3/5/2026 4:04,4/5/2026 7:46,scheduledAction,69509,Activation Support,Activation Support
SD1859149,Closed,CMS Interaction,Pending Order,MPLS order,3/5/2026 4:04,3/5/2026 4:27,scheduledAction,scheduledAction,Activation Support,Activation Support
SD1859151,Closed,CMS Interaction,BIP Billing,Bill Issue,3/5/2026 4:41,3/8/2026 6:01,J2226589,J2226589,Escalated Tickets ,BIP Billing
SD1859152,Closed,CMS Interaction,BIP Billing,Bill Issue,3/5/2026 4:35,3/7/2026 8:07,L7990290,L7990290,Escalated Tickets ,BSS iPDF
SD1859153,Closed,CMS Interaction,Pending Order,Mobile Postpaid,3/5/2026 4:42,3/8/2026 8:12,scheduledAction,scheduledAction,Digital CICM L1 Support,Digital CICM L1 Support
SD1859154,Closed,CMS Interaction,BIP Billing,Bill Issue,3/5/2026 4:47,3/5/2026 5:24,J2226589,05766431,ITCMS,IT CMS
SD1859155,Closed,CMS Interaction,UOMS,Mobile,3/5/2026 4:57,3/5/2026 6:30,71009,71009,Escalated Tickets ,OSS Mediation Support
SD1859157,Closed,CMS Interaction,BIP Billing,Collection,3/5/2026 5:03,3/8/2026 2:28,X6410019,X6410019,Escalated Tickets ,BSS CMA
SD1859159,Closed,CMS Interaction,CRM,CRM Down,3/5/2026 5:22,3/5/2026 5:31,05766431,05766431,ITCMS,IT CMS
SD1859160,Closed,CMS Interaction,RTCS,Short code and SMS,3/5/2026 5:25,3/5/2026 7:12,71009,71009,Escalated Tickets ,OSS Mediation Support
SD1859161,Closed,CMS Interaction,Pending Order,RTCS Failure,3/5/2026 5:26,3/5/2026 5:30,05766431,05766431,ITCMS,IT CMS
SD1859163,Closed,CMS Interaction,RTCS,Short code and SMS,3/5/2026 5:33,3/5/2026 5:38,69566,69566,ITCMS,IT CMS
SD1859168,Closed,CMS Interaction,UOMS,PortOut/PortIN,3/5/2026 5:44,3/5/2026 5:45,69577,69577,ITCMS,IT CMS
SD1859169,Closed,CMS Interaction,Pending Order,RTCS Failure,3/5/2026 5:44,3/8/2026 5:41,22674,22674,Escalated Tickets ,BSS RTCS
SD1859172,Closed,CMS Interaction,CRM,Other,3/5/2026 5:46,3/5/2026 5:49,69517,69517,ITCMS,IT CMS
SD1859173,Closed,CMS Interaction,Pending Order,Fesibility Check Failure,3/5/2026 5:47,3/5/2026 5:50,69517,69517,ITCMS,IT CMS
SD1859174,Closed,CMS Interaction,UOMS,Mobile,3/5/2026 5:48,3/8/2026 7:11,Q511636,Q511636,Escalated Tickets ,BSS CRM
SD1859180,Closed,CMS Interaction,UOMS,Mobile,3/5/2026 5:57,3/5/2026 6:04,69566,69566,ITCMS,IT CMS
SD1859183,Closed,CMS Interaction,UOMS,Mobile,3/5/2026 6:03,3/5/2026 6:27,69566,69566,ITCMS,IT CMS
SD1859184,Closed,CMS Interaction,BIP Billing,Bill Issue,3/5/2026 6:04,3/9/2026 5:01,19715928,19715928,Escalated Tickets ,ARBOR SUPPORT
SD1859185,Closed,CMS Interaction,CRM,Other,3/5/2026 6:07,3/5/2026 7:11,S630048,S630048,Escalated Tickets ,ARBOR SUPPORT
SD1859186,Closed,CMS Interaction,Pending Order,Fixed Voic and Data,3/5/2026 6:13,3/5/2026 6:25,05766431,05766431,ITCMS,IT CMS
SD1859187,Closed,CMS Interaction,Pending Order,WFBB Order,3/5/2026 6:15,3/5/2026 6:33,69566,69566,ITCMS,IT CMS
SD1859188,Closed,CMS Interaction,CRM,Other,3/5/2026 6:15,3/5/2026 19:54,S630048,S630048,Escalated Tickets ,ARBOR SUPPORT
SD1859197,Closed,CMS Interaction,RTCS,Short code and SMS,3/5/2026 6:39,3/5/2026 6:41,69470,69470,ITCMS,IT CMS
SD1859205,Closed,CMS Interaction,Pending Order,Fixed Voic and Data,3/5/2026 6:48,3/5/2026 7:04,69577,69577,ITCMS,IT CMS
SD1859211,Closed,CMS Interaction,BIP Billing,Bill Issue,3/5/2026 6:56,3/5/2026 7:08,11125603,L7990290,Escalated Tickets ,BSS iPDF
SD1859212,Closed,CMS Interaction,DDMS,Dunning,3/5/2026 6:56,3/14/2026 9:43,S630048,S630048,Escalated Tickets ,ARBOR SUPPORT
SD1859213,Closed,CMS Interaction,Pending Order,Fixed Voic and Data,3/5/2026 6:56,3/8/2026 7:10,scheduledAction,W0213873,Escalated Tickets ,NEP Support
SD1859215,Closed,CMS Interaction,RTCS,Short code and SMS,3/5/2026 6:59,3/5/2026 7:00,69470,69470,ITCMS,IT CMS
SD1859217,Closed,CMS Interaction,Pending Order,WFBB Order,3/5/2026 7:05,3/5/2026 7:11,69566,69566,ITCMS,IT CMS
SD1859218,Closed,CMS Interaction,UOMS,Mobile,3/5/2026 7:06,3/8/2026 7:19,Q511636,Q511636,Escalated Tickets ,BSS CRM
SD1859219,Closed,CMS Interaction,UOMS,HBB,3/5/2026 7:09,3/5/2026 7:15,05766431,05766431,ITCMS,IT CMS
SD1859221,Closed,CMS Interaction,BIP Billing,Commitment,3/5/2026 7:10,3/8/2026 6:14,19715928,19715928,Escalated Tickets ,ARBOR SUPPORT
SD1859222,Closed,CMS Interaction,CRM,Other,3/5/2026 7:10,3/9/2026 5:05,19715928,19715928,Escalated Tickets ,ARBOR SUPPORT
SD1859224,Closed,CMS Interaction,RTCS,Data Usage,3/5/2026 7:11,3/5/2026 8:24,12085,12085,Escalated Tickets ,BSS RTCS
SD1859229,Closed,CMS Interaction,RTCS,Short code and SMS,3/5/2026 7:19,3/5/2026 7:52,69566,69566,ITCMS,IT CMS
SD1859230,Closed,CMS Interaction,Pending Order,Mobile Postpaid,3/5/2026 7:21,3/6/2026 10:27,scheduledAction,scheduledAction,Digital CICM L1 Support,Digital CICM L1 Support
SD1859232,Closed,CMS Interaction,Pending Order,Fesibility Check Failure,3/5/2026 7:24,3/14/2026 10:11,scheduledAction,W0213873,Escalated Tickets ,NEP Support
SD1859234,Closed,CMS Interaction,UOMS,Mobile,3/5/2026 7:26,3/5/2026 7:35,69470,69470,ITCMS,IT CMS
SD1859235,Closed,CMS Interaction,POS and CMA,Reversal,3/5/2026 7:26,3/8/2026 2:35,X6410019,X6410019,Escalated Tickets ,BSS POS
SD1859240,Closed,CMS Interaction,CRM,Other,3/5/2026 7:35,3/5/2026 7:37,69470,69470,ITCMS,IT CMS
SD1859259,Closed,CMS Interaction,CRM,Other,3/5/2026 7:48,3/5/2026 7:56,69758,69758,Escalated Tickets ,ARBOR SUPPORT
SD1859261,Closed,CMS Interaction,RTCS,Family plan,3/5/2026 7:56,3/5/2026 9:28,11125603,11125603,ITCMS,IT CMS
SD1859264,Closed,CMS Interaction,Pending Order,Fixed Voic and Data,3/5/2026 7:54,3/5/2026 8:06,11125603,11125603,ITCMS,IT CMS
SD1859265,Closed,CMS Interaction,CRM,Other,3/5/2026 7:55,3/9/2026 21:25,70699048,69840,Escalated Tickets ,ARBOR SUPPORT
SD1859272,Closed,CMS Interaction,CRM,Other,3/5/2026 8:03,3/5/2026 9:07,69577,69577,ITCMS,IT CMS
SD1859273,Closed,CMS Interaction,Pending Order,Mobile Postpaid,3/5/2026 8:05,3/5/2026 8:11,11125603,11125603,ITCMS,IT CMS
SD1859274,Closed,CMS Interaction,BIP Billing,Bill Issue,3/5/2026 8:07,3/8/2026 7:21,L7990290,L7990290,Escalated Tickets ,BSS iPDF
SD1859278,Closed,CMS Interaction,Pending Order,Mobile Postpaid,3/5/2026 8:13,3/9/2026 21:29,70699048,12349939,Escalated Tickets ,ARBOR SUPPORT
SD1859279,Closed,CMS Interaction,BIP Billing,Bill Issue,3/5/2026 8:14,3/7/2026 11:54,L7990290,L7990290,Escalated Tickets ,BSS iPDF
SD1859284,Assign,CMS Interaction,RTCS,Short code and SMS,3/5/2026 8:18,,,,(Blank),
SD1859291,Closed,CMS Interaction,DDMS,Dunning,3/5/2026 8:26,3/16/2026 21:32,P1832151,69574,Escalated Tickets ,BSS DDMS
SD1859300,Closed,CMS Interaction,CRM,Other,3/5/2026 8:34,3/5/2026 8:44,11125603,11125603,ITCMS,IT CMS
SD1859301,Closed,CMS Interaction,UOMS,Mobile,3/5/2026 8:34,3/5/2026 8:45,11125603,11125603,ITCMS,IT CMS
SD1859302,Closed,CMS Interaction,UOMS,Mobile,3/5/2026 8:34,3/5/2026 8:47,69517,69517,ITCMS,IT CMS
SD1859303,Closed,CMS Interaction,CRM,Other,3/5/2026 8:39,3/5/2026 8:51,11125603,11125603,ITCMS,IT CMS
SD1859305,Closed,CMS Interaction,Pending Order,Fixed Voic and Data,3/5/2026 8:38,3/5/2026 11:44,scheduledAction,69517,ITCMS,IT CMS
SD1859307,Closed,CMS Interaction,BIP Billing,Bill Issue,3/5/2026 8:41,3/17/2026 23:25,S630048,S630048,Escalated Tickets ,ARBOR SUPPORT
SD1859308,Closed,CMS Interaction,HBB User Name,User ID Inactive,3/5/2026 8:44,3/5/2026 9:22,05766431,05766431,ITCMS,IT CMS
SD1859310,Closed,CMS Interaction,CRM,Other,3/5/2026 8:52,3/5/2026 9:26,05766431,05766431,ITCMS,IT CMS
SD1859313,Closed,CMS Interaction,Pending Order,Mobile Prepaid,3/5/2026 8:55,3/5/2026 11:09,scheduledAction,v6272498,Escalated Tickets ,OSS Mediation Support
SD1859315,Closed,CMS Interaction,Pending Order,Mobile Prepaid,3/5/2026 8:57,3/5/2026 9:26,11125603,11125603,ITCMS,IT CMS
SD1859318,Closed,CMS Interaction,Pending Order,Fixed Voic and Data,3/5/2026 9:04,3/6/2026 10:55,scheduledAction,LR1995699,Escalated Tickets ,NEP Support
SD1859321,Closed,CMS Interaction,BIP Billing,Bill Issue,3/5/2026 9:07,3/7/2026 21:37,L7990290,L7990290,Escalated Tickets ,BSS iPDF
SD1859322,Closed,CMS Interaction,Pending Order,Fixed Voic and Data,3/5/2026 9:06,3/6/2026 10:55,scheduledAction,W0213873,Escalated Tickets ,NEP Support
SD1859327,Closed,CMS Interaction,Pending Order,Mobile Prepaid,3/5/2026 9:13,3/5/2026 9:24,11125603,11125603,ITCMS,IT CMS
SD1859328,Closed,CMS Interaction,CRM,No Data Found,3/5/2026 9:14,3/8/2026 6:21,70141,70141,Escalated Tickets ,BSS RTCS
SD1859330,Closed,CMS Interaction,RTCS,Short code and SMS,3/5/2026 9:15,3/8/2026 6:41,11125603,11125603,ITCMS,IT CMS
SD1859336,Closed,CMS Interaction,UOMS,Mobile,3/5/2026 9:26,3/9/2026 9:47,19715928,19715928,Escalated Tickets ,ARBOR SUPPORT
SD1859338,Closed,CMS Interaction,CRM,No Data Found,3/5/2026 9:28,3/5/2026 9:35,11125603,11125603,ITCMS,IT CMS
SD1859339,Closed,CMS Interaction,Pending Order,Fixed Voic and Data,3/5/2026 9:29,3/5/2026 9:31,69470,69470,ITCMS,IT CMS
SD1859341,Closed,CMS Interaction,Pending Order,Mobile Prepaid,3/5/2026 9:33,3/5/2026 9:35,69470,69470,ITCMS,IT CMS
SD1859342,Closed,CMS Interaction,CRM,Other,3/5/2026 9:34,3/5/2026 9:35,05766431,05766431,ITCMS,IT CMS
SD1859344,Closed,CMS Interaction,CRM,Other,3/5/2026 9:36,3/5/2026 9:39,69470,69470,ITCMS,IT CMS
SD1859346,Assign,CMS Interaction,Apple watch,activation,3/5/2026 9:46,,,,BSS Apple Watch,BSS Apple Watch
SD1859347,Closed,CMS Interaction,RTCS,Short code and SMS,3/5/2026 9:49,3/6/2026 18:01,69577,69577,ITCMS,IT CMS
SD1859349,Closed,CMS Interaction,Pending Order,Mobile Prepaid,3/5/2026 9:49,3/5/2026 9:59,69470,69470,ITCMS,IT CMS
SD1859350,Closed,CMS Interaction,POS and CMA,Reversal,3/5/2026 9:51,3/9/2026 9:50,19715928,19715928,Escalated Tickets ,ARBOR SUPPORT
SD1859351,Closed,CMS Interaction,BIP Billing,Bill Issue,3/5/2026 9:51,3/5/2026 13:48,22674,22674,Escalated Tickets ,BIP Billing
SD1859352,Closed,CMS Interaction,CRM,No Data Found,3/5/2026 9:51,3/9/2026 8:52,69566,69566,ITCMS,IT CMS
SD1859353,Closed,CMS Interaction,Pending Order,Mobile Postpaid,3/5/2026 9:53,3/5/2026 10:01,69470,69470,ITCMS,IT CMS
SD1859354,Closed,CMS Interaction,CRM,Other,3/5/2026 9:54,3/8/2026 5:53,05766431,05766431,ITCMS,IT CMS
SD1859357,Closed,CMS Interaction,CRM,Other,3/5/2026 10:11,3/5/2026 11:33,69130,69130,ITCMS,IT CMS
SD1859359,Closed,CMS Interaction,CRM,Other,3/5/2026 10:12,3/11/2026 21:00,S630048,S630048,Escalated Tickets ,ARBOR SUPPORT
SD1859360,Closed,CMS Interaction,Pending Order,Mobile Prepaid,3/5/2026 10:16,3/5/2026 10:36,scheduledAction,scheduledAction,ITCMS,IT CMS
SD1859361,Closed,CMS Interaction,CRM,Realize Number Issue,3/5/2026 10:16,3/5/2026 11:31,69130,69130,ITCMS,IT CMS
SD1859371,Closed,CMS Interaction,UOMS,Mobile,3/5/2026 10:20,3/5/2026 11:30,69130,69130,ITCMS,IT CMS
SD1859372,Closed,CMS Interaction,RTCS,Short code and SMS,3/5/2026 10:21,3/5/2026 11:29,69130,69130,ITCMS,IT CMS
SD1859373,Closed,CMS Interaction,RTCS,Short code and SMS,3/5/2026 10:28,3/5/2026 11:38,69566,69566,ITCMS,IT CMS
SD1859374,Closed,CMS Interaction,CRM,CRM Down,3/5/2026 10:28,3/5/2026 11:36,69566,69566,ITCMS,IT CMS
SD1859375,Closed,CMS Interaction,Pending Order,Mobile Postpaid,3/5/2026 10:30,3/5/2026 11:27,69130,69130,ITCMS,IT CMS
SD1859376,Closed,CMS Interaction,DDMS,Dunning,3/5/2026 10:31,3/7/2026 18:19,P1832151,P1832151,Escalated Tickets ,BSS DDMS
SD1859378,Closed,CMS Interaction,CRM,Other,3/5/2026 10:37,3/10/2026 7:20,11125603,11125603,ITCMS,IT CMS
SD1859381,Closed,CMS Interaction,CRM,Other,3/5/2026 10:39,3/8/2026 5:51,05766431,05766431,ITCMS,IT CMS
SD1859383,Closed,CMS Interaction,CRM,Other,3/5/2026 10:43,3/5/2026 11:30,69566,69566,ITCMS,IT CMS
SD1859384,Closed,CMS Interaction,BIP Billing,Bill Issue,3/5/2026 10:46,3/8/2026 6:07,J2226589,J2226589,Escalated Tickets ,BIP Billing
SD1859385,Closed,CMS Interaction,CRM,Other,3/5/2026 10:46,3/5/2026 11:18,69566,69566,ITCMS,IT CMS
SD1859386,Closed,CMS Interaction,CRM,Other,3/5/2026 10:47,3/5/2026 11:12,69566,69566,ITCMS,IT CMS
SD1859388,Closed,CMS Interaction,Pending Order,Mobile Prepaid,3/5/2026 10:55,3/5/2026 11:15,69566,69566,ITCMS,IT CMS
SD1859389,Closed,CMS Interaction,CRM,Other,3/5/2026 11:00,3/8/2026 7:24,Q511636,Q511636,Escalated Tickets ,BSS CRM
SD1859391,Closed,CMS Interaction,Enterprise Billing,Order Issue,3/5/2026 11:22,3/8/2026 7:47,71009,71009,Escalated Tickets ,OSS Mediation Support
SD1859394,Closed,CMS Interaction,ITA,ITA,3/5/2026 11:36,3/10/2026 9:49,71009,71009,Escalated Tickets ,OSS Mediation Support
SD1859400,Closed,CMS Interaction,CRM,CRM Down,3/5/2026 12:13,3/5/2026 17:35,37230,37230,ITCMS,IT CMS
SD1859415,Closed,CMS Interaction,RTCS,Data Usage,3/5/2026 12:26,3/8/2026 5:22,12085,12085,Escalated Tickets ,BSS RTCS
SD1859416,Closed,CMS Interaction,Pending Order,Mobile Prepaid,3/5/2026 12:30,3/10/2026 4:03,scheduledAction,69840,Escalated Tickets ,ARBOR SUPPORT
SD1859419,Closed,CMS Interaction,UOMS,Mobile,3/5/2026 12:34,3/5/2026 17:56,37230,37230,ITCMS,IT CMS
SD1859420,Closed,CMS Interaction,Preorder Issue,Invalid Data,3/5/2026 12:36,3/5/2026 17:19,37230,37230,ITCMS,IT CMS
SD1859421,Closed,CMS Interaction,Pending Order,Mobile Postpaid,3/5/2026 12:53,3/5/2026 13:47,scheduledAction,scheduledAction,ITCMS,IT CMS
SD1859422,Closed,CMS Interaction,CRM,No Data Found,3/5/2026 12:56,3/8/2026 5:29,05766431,05766431,ITCMS,IT CMS
SD1859423,Closed,CMS Interaction,POS and CMA,Reversal,3/5/2026 12:57,3/8/2026 2:33,X6410019,X6410019,Escalated Tickets ,BSS POS
SD1859425,Closed,CMS Interaction,CRM,Other,3/5/2026 13:07,3/5/2026 17:44,37230,37230,ITCMS,IT CMS
SD1859426,Closed,CMS Interaction,CRM,Other,3/5/2026 13:08,3/5/2026 17:43,37230,37230,ITCMS,IT CMS
SD1859427,Closed,CMS Interaction,Pending Order,Fixed Voic and Data,3/5/2026 13:10,3/5/2026 13:18,scheduledAction,scheduledAction,ITCMS,IT CMS
SD1859428,Closed,CMS Interaction,BIP Billing,Bill Issue,3/5/2026 13:11,3/7/2026 11:56,L7990290,L7990290,Escalated Tickets ,BSS iPDF
SD1859429,Closed,CMS Interaction,Pending Order,Fixed Voic and Data,3/5/2026 13:11,3/5/2026 13:18,scheduledAction,scheduledAction,ITCMS,IT CMS
SD1859430,Closed,CMS Interaction,CRM,Other,3/5/2026 13:15,3/8/2026 5:49,05766431,05766431,ITCMS,IT CMS
SD1859431,Closed,CMS Interaction,CRM,Other,3/5/2026 13:23,3/5/2026 17:31,37230,37230,ITCMS,IT CMS
SD1859432,Closed,CMS Interaction,Pending Order,Mobile Postpaid,3/5/2026 13:24,3/5/2026 13:47,scheduledAction,scheduledAction,ITCMS,IT CMS
SD1859433,Closed,CMS Interaction,Pending Order,Mobile Postpaid,3/5/2026 13:25,3/5/2026 13:47,scheduledAction,scheduledAction,ITCMS,IT CMS
SD1859434,Closed,CMS Interaction,CRM,No Data Found,3/5/2026 13:39,3/8/2026 6:39,11125603,11125603,ITCMS,IT CMS
SD1859436,Closed,CMS Interaction,BIP Billing,Bill Issue,3/5/2026 13:47,3/7/2026 11:58,L7990290,L7990290,Escalated Tickets ,BSS iPDF
SD1859437,Closed,CMS Interaction,BIP Billing,Bill Issue,3/5/2026 13:53,3/6/2026 10:19,22674,22674,Escalated Tickets ,BIP Billing
SD1859438,Closed,CMS Interaction,CRM,Other,3/5/2026 14:01,3/8/2026 6:19,70141,70141,Escalated Tickets ,BSS RTCS
SD1859439,Closed,CMS Interaction,RTCS,Data Usage,3/5/2026 14:15,3/8/2026 3:59,69267,69267,Escalated Tickets ,BSS RTCS
SD1859440,Closed,CMS Interaction,Pending Order,Mobile Postpaid,3/5/2026 14:40,3/5/2026 19:55,scheduledAction,19715928,Escalated Tickets ,ARBOR SUPPORT
SD1859441,Closed,CMS Interaction,RTCS,Short code and SMS,3/5/2026 15:21,3/5/2026 18:01,37230,37230,ITCMS,IT CMS
SD1859443,Closed,CMS Interaction,Pending Order,Fixed Voic and Data,3/5/2026 15:26,3/17/2026 10:38,LR1995699,LR1995699,Escalated Tickets ,NEP Support
SD1859444,Closed,CMS Interaction,Pending Order,Mobile Prepaid,3/5/2026 15:29,3/5/2026 17:50,37230,37230,ITCMS,IT CMS
SD1859446,Closed,CMS Interaction,Pending Order,Fixed Voic and Data,3/5/2026 15:52,3/5/2026 17:49,37230,37230,ITCMS,IT CMS
SD1859447,Closed,CMS Interaction,CRM,Other,3/5/2026 16:12,3/5/2026 17:55,37230,37230,ITCMS,IT CMS
SD1859448,Closed,CMS Interaction,BIP Billing,Bill Issue,3/5/2026 16:26,3/8/2026 6:09,J2226589,J2226589,Escalated Tickets ,BIP Billing
SD1859449,Closed,CMS Interaction,Apple watch,activation,3/5/2026 16:31,3/5/2026 17:13,37230,37230,ITCMS,IT CMS
SD1859450,Closed,CMS Interaction,UOMS,Mobile,3/5/2026 16:38,3/5/2026 17:22,37230,37230,ITCMS,IT CMS
SD1859451,Closed,CMS Interaction,RTCS,Short code and SMS,3/5/2026 16:42,3/5/2026 17:21,37230,37230,ITCMS,IT CMS
SD1859452,Closed,CMS Interaction,Pending Order,WFBB Order,3/5/2026 16:42,3/5/2026 17:05,scheduledAction,scheduledAction,ITCMS,IT CMS
SD1859453,Closed,CMS Interaction,RTCS,Data Usage,3/5/2026 16:42,3/8/2026 6:38,11125603,11125603,ITCMS,IT CMS
SD1859454,Closed,CMS Interaction,BIP Billing,Collection,3/5/2026 17:01,3/8/2026 6:11,J2226589,J2226589,Escalated Tickets ,BIP Billing
SD1859455,Closed,CMS Interaction,CRM,Other,3/5/2026 17:05,3/5/2026 17:46,37230,37230,ITCMS,IT CMS
SD1859456,Closed,CMS Interaction,RTCS,Data Usage,3/5/2026 17:17,3/5/2026 17:52,37230,37230,ITCMS,IT CMS
SD1859457,Closed,CMS Interaction,RTCS,Short code and SMS,3/5/2026 17:34,3/5/2026 17:52,37230,37230,ITCMS,IT CMS
SD1859458,Closed,CMS Interaction,UOMS,Mobile,3/5/2026 17:35,3/8/2026 5:14,12085,12085,Escalated Tickets ,BSS RTCS
SD1859459,Closed,CMS Interaction,RTCS,Data Usage,3/5/2026 17:41,3/8/2026 7:45,71009,71009,Escalated Tickets ,OSS Mediation Support
SD1859460,Closed,CMS Interaction,RTCS,Data Usage,3/5/2026 17:41,3/8/2026 7:43,71009,71009,Escalated Tickets ,OSS Mediation Support
SD1859461,Closed,CMS Interaction,CRM,Reconnection Routine Issue,3/5/2026 17:46,3/5/2026 17:59,37230,37230,ITCMS,IT CMS
SD1859462,Closed,CMS Interaction,RTCS,Short code and SMS,3/5/2026 17:52,3/5/2026 18:00,37230,37230,ITCMS,IT CMS
SD1859464,Closed,CMS Interaction,Pending Order,WFBB Order,3/5/2026 17:58,3/8/2026 5:46,05766431,05766431,ITCMS,IT CMS
SD1859465,Closed,CMS Interaction,RTCS,Data Usage,3/5/2026 18:02,3/6/2026 18:02,69577,69577,ITCMS,IT CMS
SD1859466,Closed,CMS Interaction,Pending Order,Mobile Prepaid,3/5/2026 18:02,3/5/2026 18:06,37230,37230,ITCMS,IT CMS
SD1859467,Closed,CMS Interaction,RTCS,Short code and SMS,3/5/2026 18:03,3/5/2026 18:06,37230,37230,ITCMS,IT CMS
SD1859468,Closed,CMS Interaction,CRM,Realize Number Issue,3/5/2026 18:09,3/8/2026 6:37,11125603,11125603,ITCMS,IT CMS
SD1859469,Closed,CMS Interaction,Pending Order,Mobile Prepaid,3/5/2026 18:14,3/5/2026 19:24,37230,37230,ITCMS,IT CMS
SD1859470,Closed,CMS Interaction,Pending Order,Mobile Postpaid,3/5/2026 18:19,3/5/2026 19:23,37230,37230,ITCMS,IT CMS
SD1859471,Closed,CMS Interaction,Pending Order,Mobile Postpaid,3/5/2026 18:20,3/5/2026 19:22,37230,37230,ITCMS,IT CMS
SD1859472,Closed,CMS Interaction,Pending Order,Mobile Postpaid,3/5/2026 18:22,3/5/2026 19:25,37230,37230,ITCMS,IT CMS
SD1859473,Closed,CMS Interaction,CRM,Other,3/5/2026 18:26,3/7/2026 3:00,S630048,S630048,Escalated Tickets ,ARBOR SUPPORT
SD1859474,Closed,CMS Interaction,UOMS,PortOut/PortIN,3/5/2026 18:26,3/5/2026 19:19,37230,37230,ITCMS,IT CMS
SD1859475,Closed,CMS Interaction,RTCS,Data Usage,3/5/2026 18:26,3/5/2026 19:18,37230,37230,ITCMS,IT CMS
SD1859477,Closed,CMS Interaction,CRM,Other,3/5/2026 18:34,3/5/2026 19:29,37230,37230,ITCMS,IT CMS
SD1859478,Closed,CMS Interaction,Pending Order,Mobile Postpaid,3/5/2026 18:40,3/5/2026 19:21,37230,37230,ITCMS,IT CMS
SD1859479,Closed,CMS Interaction,Pending Order,BIP Failure,3/5/2026 18:47,3/5/2026 18:57,scheduledAction,scheduledAction,ITCMS,IT CMS
SD1859480,Closed,CMS Interaction,Pending Order,Fixed Voic and Data,3/5/2026 18:51,3/5/2026 19:26,37230,37230,ITCMS,IT CMS
SD1859481,Closed,CMS Interaction,Pending Order,RTCS Failure,3/5/2026 19:06,3/5/2026 19:26,37230,37230,ITCMS,IT CMS
SD1859482,Closed,CMS Interaction,Pending Order,BIP Failure,3/5/2026 19:14,3/5/2026 19:26,scheduledAction,37230,ITCMS,IT CMS
SD1859483,Closed,CMS Interaction,Pending Order,Mobile Prepaid,3/5/2026 19:15,3/5/2026 19:27,37230,37230,ITCMS,IT CMS
SD1859485,Closed,CMS Interaction,UOMS,Mobile,3/5/2026 19:22,3/5/2026 19:30,37230,37230,ITCMS,IT CMS
SD1859486,Closed,CMS Interaction,RTCS,Short code and SMS,3/5/2026 19:33,3/5/2026 19:36,37230,37230,ITCMS,IT CMS
SD1859487,Closed,CMS Interaction,CRM,No Data Found,3/5/2026 19:50,3/8/2026 5:50,69566,69566,ITCMS,IT CMS
SD1859521,Closed,CMS Interaction,Pending Order,MPLS order,3/6/2026 4:01,3/6/2026 4:17,scheduledAction,scheduledAction,Activation Support,Activation Support
SD1859522,Closed,CMS Interaction,Pending Order,MPLS order,3/6/2026 4:01,3/6/2026 4:17,scheduledAction,scheduledAction,Activation Support,Activation Support
SD1859523,Assign,CMS Interaction,Pending Order,MPLS order,3/6/2026 4:02,,,,Activation Support,Activation Support
SD1859524,Closed,CMS Interaction,Pending Order,MPLS order,3/6/2026 4:02,3/6/2026 4:17,scheduledAction,scheduledAction,Activation Support,Activation Support
SD1859525,Assign,CMS Interaction,Pending Order,MPLS order,3/6/2026 4:02,,,,Activation Support,Activation Support
SD1859526,In Progress,CMS Interaction,Pending Order,MPLS order,3/6/2026 4:02,,,68523,Activation Support,Activation Support
SD1859527,Assign,CMS Interaction,Pending Order,MPLS order,3/6/2026 4:02,,,,Activation Support,Activation Support
SD1859528,Closed,CMS Interaction,Pending Order,MPLS order,3/6/2026 4:02,3/12/2026 17:37,scheduledAction,95809,Activation Support,Activation Support
SD1859529,Closed,CMS Interaction,Pending Order,MPLS order,3/6/2026 4:02,3/7/2026 17:53,scheduledAction,scheduledAction,Activation Support,Activation Support
SD1859530,Assign,CMS Interaction,Pending Order,MPLS order,3/6/2026 4:02,,,,Activation Support,Activation Support
SD1859531,Closed,CMS Interaction,Pending Order,MPLS order,3/6/2026 4:02,3/6/2026 11:24,scheduledAction,scheduledAction,Activation Support,Activation Support
SD1859532,Closed,CMS Interaction,Pending Order,MPLS order,3/6/2026 4:02,3/24/2026 14:55,scheduledAction,69509,Activation Support,Activation Support
SD1859533,Assign,CMS Interaction,Pending Order,MPLS order,3/6/2026 4:02,,,,Activation Support,Activation Support
SD1859534,Resolved,CMS Interaction,Pending Order,MPLS order,3/6/2026 4:02,4/9/2026 13:19,scheduledAction,scheduledAction,Activation Support,Activation Support
SD1859535,Closed,CMS Interaction,Pending Order,MPLS order,3/6/2026 4:03,3/6/2026 4:17,scheduledAction,scheduledAction,Activation Support,Activation Support
SD1859536,Closed,CMS Interaction,Pending Order,MPLS order,3/6/2026 4:03,3/6/2026 4:17,scheduledAction,scheduledAction,Activation Support,Activation Support
SD1859537,Closed,CMS Interaction,Pending Order,MPLS order,3/6/2026 4:03,3/8/2026 8:46,scheduledAction,95809,Activation Support,Activation Support
SD1859538,Assign,CMS Interaction,Pending Order,MPLS order,3/6/2026 4:03,,,,Activation Support,Activation Support
SD1859539,Assign,CMS Interaction,Pending Order,MPLS order,3/6/2026 4:03,,,,Activation Support,Activation Support
SD1859540,In Progress,CMS Interaction,Pending Order,MPLS order,3/6/2026 4:03,,,34120,Activation Support,Activation Support
SD1859541,Assign,CMS Interaction,Pending Order,MPLS order,3/6/2026 4:03,,,,Activation Support,Activation Support
SD1859542,Assign,CMS Interaction,Pending Order,MPLS order,3/6/2026 4:03,,,,Activation Support,Activation Support
SD1859543,Closed,CMS Interaction,Pending Order,MPLS order,3/6/2026 4:03,3/29/2026 8:54,scheduledAction,scheduledAction,Activation Support,Activation Support
SD1859544,Closed,CMS Interaction,Pending Order,MPLS order,3/6/2026 4:03,3/9/2026 8:22,scheduledAction,scheduledAction,Activation Support,Activation Support
SD1859545,Assign,CMS Interaction,Pending Order,MPLS order,3/6/2026 4:03,,,34120,Activation Support,Activation Support
SD1859546,Assign,CMS Interaction,Pending Order,MPLS order,3/6/2026 4:04,,,,Activation Support,Activation Support
SD1859547,Closed,CMS Interaction,Pending Order,MPLS order,3/6/2026 4:04,3/8/2026 6:08,scheduledAction,95809,Activation Support,Activation Support
SD1859548,Closed,CMS Interaction,Pending Order,MPLS order,3/6/2026 4:04,3/6/2026 4:17,scheduledAction,scheduledAction,Activation Support,Activation Support
SD1859549,Assign,CMS Interaction,Pending Order,MPLS order,3/6/2026 4:04,,,,Activation Support,Activation Support
SD1859550,Closed,CMS Interaction,Pending Order,MPLS order,3/6/2026 4:04,3/6/2026 10:56,scheduledAction,scheduledAction,Activation Support,Activation Support
SD1859551,Closed,CMS Interaction,Pending Order,MPLS order,3/6/2026 4:04,3/9/2026 5:50,scheduledAction,34120,Activation Support,Activation Support
SD1859552,Closed,CMS Interaction,Pending Order,MPLS order,3/6/2026 4:04,3/9/2026 8:22,scheduledAction,95809,Activation Support,Activation Support
SD1859553,Assign,CMS Interaction,Pending Order,MPLS order,3/6/2026 4:04,,,,Activation Support,Activation Support
SD1859554,Closed,CMS Interaction,Pending Order,MPLS order,3/6/2026 4:04,3/9/2026 8:22,scheduledAction,95809,Activation Support,Activation Support
SD1859555,Closed,CMS Interaction,Pending Order,MPLS order,3/6/2026 4:04,3/9/2026 8:53,scheduledAction,scheduledAction,Activation Support,Activation Support
SD1859556,Closed,CMS Interaction,Pending Order,MPLS order,3/6/2026 4:04,3/9/2026 19:57,scheduledAction,scheduledAction,Activation Support,Activation Support
SD1859557,Closed,CMS Interaction,Pending Order,MPLS order,3/6/2026 4:05,3/8/2026 7:11,scheduledAction,95809,Activation Support,Activation Support
SD1859558,Closed,CMS Interaction,Pending Order,MPLS order,3/6/2026 4:05,3/9/2026 8:22,scheduledAction,95809,Activation Support,Activation Support
SD1859559,In Progress,CMS Interaction,Pending Order,MPLS order,3/6/2026 4:05,,,68523,Activation Support,Activation Support
SD1859560,Closed,CMS Interaction,Pending Order,MPLS order,3/6/2026 4:05,3/6/2026 4:17,scheduledAction,scheduledAction,Activation Support,Activation Support
SD1859561,Closed,CMS Interaction,Pending Order,MPLS order,3/6/2026 4:05,3/8/2026 8:46,scheduledAction,95809,Activation Support,Activation Support
SD1859562,Closed,CMS Interaction,Pending Order,MPLS order,3/6/2026 4:05,3/9/2026 11:22,scheduledAction,95809,Activation Support,Activation Support
SD1859563,Closed,CMS Interaction,Pending Order,MPLS order,3/6/2026 4:05,3/6/2026 4:17,scheduledAction,scheduledAction,Activation Support,Activation Support
SD1859564,Closed,CMS Interaction,Pending Order,MPLS order,3/6/2026 4:05,3/17/2026 3:52,scheduledAction,95809,Activation Support,Activation Support
SD1859565,Closed,CMS Interaction,Pending Order,MPLS order,3/6/2026 4:05,3/6/2026 4:17,scheduledAction,scheduledAction,Activation Support,Activation Support
SD1859566,Closed,CMS Interaction,Pending Order,MPLS order,3/6/2026 4:05,3/9/2026 10:24,scheduledAction,68523,Activation Support,Activation Support
SD1859567,Closed,CMS Interaction,RTCS,Data Usage,3/6/2026 5:35,3/9/2026 17:29,19715928,19715928,Escalated Tickets ,ARBOR SUPPORT
SD1859568,Closed,CMS Interaction,UOMS,Fixed Voic and Data,3/6/2026 5:40,3/7/2026 6:55,69577,69577,ITCMS,IT CMS
SD1859570,Closed,CMS Interaction,UOMS,Fixed Voic and Data,3/6/2026 6:13,3/7/2026 6:56,69577,69577,ITCMS,IT CMS
SD1859571,Closed,CMS Interaction,UOMS,Mobile,3/6/2026 6:50,3/11/2026 21:04,S630048,S630048,Escalated Tickets ,ARBOR SUPPORT
SD1859572,Closed,CMS Interaction,Pending Order,Mobile Prepaid,3/6/2026 7:18,3/7/2026 6:59,69577,69577,ITCMS,IT CMS
SD1859573,Closed,CMS Interaction,BIP Billing,Bill Issue,3/6/2026 7:54,3/6/2026 18:14,69577,69577,ITCMS,IT CMS
SD1859575,Closed,CMS Interaction,Pending Order,Fixed Voic and Data,3/6/2026 9:20,3/6/2026 18:10,69577,69577,ITCMS,IT CMS
SD1859576,Closed,CMS Interaction,Preorder Issue,Others,3/6/2026 9:37,3/8/2026 7:40,71009,71009,Escalated Tickets ,OSS Mediation Support
SD1859577,Closed,CMS Interaction,Pending Order,Fixed Voic and Data,3/6/2026 9:40,3/28/2026 18:32,scheduledAction,8.54905E+11,Escalated Tickets ,NEP Support
SD1859578,Closed,CMS Interaction,BIP Billing,Bill Amount Mismatch,3/6/2026 10:02,3/8/2026 6:15,J2226589,J2226589,Escalated Tickets ,BIP Billing
SD1859580,Closed,CMS Interaction,CRM,Call details Routine,3/6/2026 11:47,3/6/2026 16:57,69577,69577,ITCMS,IT CMS
SD1859582,Closed,CMS Interaction,Pending Order,Fixed Voic and Data,3/6/2026 12:24,3/8/2026 11:26,scheduledAction,W0213873,Escalated Tickets ,NEP Support
SD1859583,Closed,CMS Interaction,Pending Order,Fixed Voic and Data,3/6/2026 12:47,3/13/2026 0:13,scheduledAction,LR1995699,Escalated Tickets ,NEP Support
SD1859584,Closed,CMS Interaction,Pending Order,Fixed Voic and Data,3/6/2026 13:34,3/17/2026 11:44,scheduledAction,W0213873,Escalated Tickets ,NEP Support
SD1859585,Closed,CMS Interaction,CRM,Other,3/6/2026 13:41,3/7/2026 6:51,69577,69577,ITCMS,IT CMS
SD1859586,Closed,CMS Interaction,Pending Order,ITA order,3/6/2026 14:02,,,S630048,Escalated Tickets ,ARBOR SUPPORT
SD1859587,Closed,CMS Interaction,UOMS,Mobile,3/6/2026 14:12,3/7/2026 6:45,69577,69577,ITCMS,IT CMS
SD1859588,Closed,CMS Interaction,RTCS,Short code and SMS,3/6/2026 15:09,3/7/2026 6:43,69577,69577,ITCMS,IT CMS
SD1859589,Closed,CMS Interaction,UOMS,PortOut/PortIN,3/6/2026 15:49,3/7/2026 6:42,69577,69577,ITCMS,IT CMS
SD1859590,Closed,CMS Interaction,UOMS,Mobile,3/6/2026 16:03,3/7/2026 7:03,69577,69577,ITCMS,IT CMS
SD1859592,Closed,CMS Interaction,RTCS,Short code and SMS,3/6/2026 16:07,3/7/2026 7:04,69577,69577,ITCMS,IT CMS
SD1859593,Closed,CMS Interaction,UOMS,Mobile,3/6/2026 16:08,3/8/2026 7:36,71009,71009,Escalated Tickets ,OSS Mediation Support
SD1859594,Closed,CMS Interaction,Pending Order,WFBB Order,3/6/2026 16:13,3/7/2026 7:07,69577,69577,ITCMS,IT CMS
SD1859595,Closed,CMS Interaction,UOMS,Mobile,3/6/2026 16:14,3/7/2026 7:08,69577,69577,ITCMS,IT CMS
SD1859596,Closed,CMS Interaction,UOMS,Mobile,3/6/2026 16:14,3/8/2026 7:34,71009,71009,Escalated Tickets ,OSS Mediation Support
SD1859597,Closed,CMS Interaction,Pending Order,BIP Failure,3/6/2026 16:19,3/10/2026 11:54,scheduledAction,70274,Escalated Tickets ,OSS Mediation Support
SD1859598,Closed,CMS Interaction,Pending Order,Mobile Postpaid,3/6/2026 16:25,3/7/2026 7:12,69577,69577,ITCMS,IT CMS
SD1859600,Closed,CMS Interaction,RTCS,Short code and SMS,3/6/2026 16:48,3/6/2026 17:14,69577,69577,ITCMS,IT CMS
SD1859601,Closed,CMS Interaction,Pending Order,WFBB Order,3/6/2026 16:59,3/7/2026 2:54,S630048,S630048,Escalated Tickets ,ARBOR SUPPORT
SD1859602,Closed,CMS Interaction,Pending Order,Fixed Voic and Data,3/6/2026 17:05,3/6/2026 17:58,69577,69577,ITCMS,IT CMS
SD1859603,Closed,CMS Interaction,BIP Billing,Bill Issue,3/6/2026 17:13,3/8/2026 6:18,J2226589,J2226589,Escalated Tickets ,BIP Billing
SD1859604,Closed,CMS Interaction,CRM,Other,3/6/2026 17:14,3/11/2026 21:06,S630048,S630048,Escalated Tickets ,ARBOR SUPPORT
SD1859605,Closed,CMS Interaction,RTCS,Data Usage,3/6/2026 17:35,3/11/2026 21:07,S630048,S630048,Escalated Tickets ,ARBOR SUPPORT
SD1859606,Closed,CMS Interaction,CRM,Other,3/6/2026 17:35,3/6/2026 17:53,69577,69577,ITCMS,IT CMS
SD1859608,Closed,CMS Interaction,UOMS,Mobile,3/6/2026 18:01,3/6/2026 18:18,69577,69577,ITCMS,IT CMS
SD1859609,Closed,CMS Interaction,CRM,Other,3/6/2026 18:04,3/15/2026 1:08,X6410019,X6410019,Escalated Tickets ,BSS CRM
SD1859610,Closed,CMS Interaction,RTCS,Short code and SMS,3/6/2026 18:07,3/6/2026 18:25,69577,69577,ITCMS,IT CMS
SD1859612,Closed,CMS Interaction,Pending Order,Fixed Voic and Data,3/6/2026 18:16,3/6/2026 18:28,69577,69577,ITCMS,IT CMS
SD1859613,Closed,CMS Interaction,RTCS,Short code and SMS,3/6/2026 18:26,3/21/2026 2:28,S630048,S630048,Escalated Tickets ,ARBOR SUPPORT
SD1859614,Closed,CMS Interaction,Pending Order,RTCS Failure,3/6/2026 18:28,3/6/2026 18:40,scheduledAction,69577,ITCMS,IT CMS
SD1859615,Closed,CMS Interaction,Pending Order,Mobile Postpaid,3/6/2026 18:29,3/6/2026 18:40,69577,69577,ITCMS,IT CMS
SD1859616,Closed,CMS Interaction,RTCS,CPN,3/6/2026 18:30,3/7/2026 6:59,69577,69577,ITCMS,IT CMS
SD1859617,Closed,CMS Interaction,RTCS,Short code and SMS,3/6/2026 18:32,3/19/2026 19:14,69496,69496,ITCMS,IT CMS
SD1859618,Closed,CMS Interaction,Pending Order,Mobile Postpaid,3/6/2026 18:44,3/6/2026 18:54,69577,69577,ITCMS,IT CMS
SD1859619,Closed,CMS Interaction,UOMS,Mobile,3/6/2026 18:44,3/8/2026 7:20,71009,71009,Escalated Tickets ,OSS Mediation Support
SD1859620,Closed,CMS Interaction,Pending Order,WFBB Order,3/6/2026 18:45,3/7/2026 14:58,scheduledAction,scheduledAction,Escalated Tickets ,ARBOR SUPPORT
SD1859621,Closed,CMS Interaction,Pending Order,RTCS Failure,3/6/2026 18:48,3/6/2026 18:59,69577,69577,ITCMS,IT CMS
SD1859625,Closed,CMS Interaction,Apple watch,activation,3/6/2026 19:15,3/8/2026 5:43,05766431,05766431,ITCMS,IT CMS
SD1859626,Closed,CMS Interaction,POS and CMA,Reversal,3/6/2026 19:16,3/8/2026 2:30,X6410019,X6410019,Escalated Tickets ,BSS POS
SD1859627,Closed,CMS Interaction,CRM,Other,3/6/2026 19:22,3/6/2026 19:35,69577,69577,ITCMS,IT CMS
SD1859628,Closed,CMS Interaction,Pending Order,Mobile Postpaid,3/6/2026 19:31,3/6/2026 19:38,69577,69577,ITCMS,IT CMS
SD1859629,Closed,CMS Interaction,Pending Order,Fixed Voic and Data,3/6/2026 19:35,3/6/2026 19:55,69577,69577,ITCMS,IT CMS
SD1859630,Closed,CMS Interaction,Pending Order,Fixed Voic and Data,3/6/2026 19:37,3/6/2026 21:38,scheduledAction,scheduledAction,Escalated Tickets ,OSS Mediation Support
SD1859631,Closed,CMS Interaction,Pending Order,Fixed Voic and Data,3/6/2026 19:39,3/6/2026 21:38,scheduledAction,W0213873,Escalated Tickets ,NEP Support
SD1859633,Closed,CMS Interaction,Pending Order,BIP Failure,3/6/2026 20:23,3/7/2026 6:31,69577,69577,ITCMS,IT CMS
SD1859634,Assign,CMS Interaction,RTCS,Short code and SMS,3/6/2026 20:30,,,,CICM CEP HYPERCARE Support,CICM CEP HYPERCARE Support
SD1859635,Closed,CMS Interaction,Pending Order,Mobile Prepaid,3/6/2026 20:51,3/7/2026 6:03,69577,69577,ITCMS,IT CMS
SD1859636,Closed,CMS Interaction,Pending Order,Mobile Postpaid,3/6/2026 20:56,3/8/2026 6:08,scheduledAction,69517,ITCMS,IT CMS
SD1859638,Closed,CMS Interaction,RTCS,Short code and SMS,3/6/2026 22:44,3/7/2026 5:29,69577,69577,ITCMS,IT CMS
SD1859640,Closed,CMS Interaction,Pending Order,Mobile Postpaid,3/7/2026 2:01,3/7/2026 5:28,scheduledAction,69577,ITCMS,IT CMS
SD1859641,Closed,CMS Interaction,Pending Order,MPLS order,3/7/2026 4:01,3/8/2026 5:39,scheduledAction,scheduledAction,Activation Support,Activation Support
SD1859642,Closed,CMS Interaction,Pending Order,MPLS order,3/7/2026 4:01,3/10/2026 5:58,scheduledAction,68523,Activation Support,Activation Support
SD1859643,Closed,CMS Interaction,Pending Order,MPLS order,3/7/2026 4:01,3/10/2026 5:58,scheduledAction,68523,Activation Support,Activation Support
SD1859644,Closed,CMS Interaction,Pending Order,MPLS order,3/7/2026 4:01,4/1/2026 9:01,scheduledAction,68523,Activation Support,Activation Support
SD1859645,Closed,CMS Interaction,Pending Order,MPLS order,3/7/2026 4:01,3/8/2026 18:44,scheduledAction,69509,Activation Support,Activation Support
SD1859646,Closed,CMS Interaction,Pending Order,MPLS order,3/7/2026 4:01,3/8/2026 7:00,scheduledAction,69509,Activation Support,Activation Support
SD1859647,Closed,CMS Interaction,Pending Order,MPLS order,3/7/2026 4:01,3/7/2026 20:56,scheduledAction,scheduledAction,Activation Support,Activation Support
SD1859648,Closed,CMS Interaction,Pending Order,MPLS order,3/7/2026 4:01,3/8/2026 8:46,scheduledAction,68523,Activation Support,Activation Support
SD1859649,Closed,CMS Interaction,Pending Order,MPLS order,3/7/2026 4:02,3/7/2026 4:28,scheduledAction,scheduledAction,Activation Support,Activation Support
SD1859650,Closed,CMS Interaction,Pending Order,MPLS order,3/7/2026 4:02,3/7/2026 4:28,scheduledAction,scheduledAction,Activation Support,Activation Support
SD1859651,Closed,CMS Interaction,Pending Order,MPLS order,3/7/2026 4:02,3/10/2026 6:27,scheduledAction,68523,Activation Support,Activation Support
SD1859652,Closed,CMS Interaction,Pending Order,MPLS order,3/7/2026 4:02,3/7/2026 4:28,scheduledAction,scheduledAction,Activation Support,Activation Support
SD1859653,Closed,CMS Interaction,Pending Order,MPLS order,3/7/2026 4:02,3/11/2026 10:47,scheduledAction,69509,Activation Support,Activation Support
SD1859654,In Progress,CMS Interaction,Pending Order,MPLS order,3/7/2026 4:02,,,68523,Activation Support,Activation Support
SD1859655,Closed,CMS Interaction,Pending Order,MPLS order,3/7/2026 4:02,3/31/2026 9:49,scheduledAction,69509,Activation Support,Activation Support
SD1859656,Closed,CMS Interaction,Pending Order,MPLS order,3/7/2026 4:02,3/7/2026 4:28,scheduledAction,scheduledAction,Activation Support,Activation Support
SD1859657,Closed,CMS Interaction,Pending Order,MPLS order,3/7/2026 4:02,3/8/2026 7:11,scheduledAction,95809,Activation Support,Activation Support
SD1859658,Closed,CMS Interaction,Pending Order,MPLS order,3/7/2026 4:02,3/9/2026 9:21,scheduledAction,68523,Activation Support,Activation Support
SD1859659,Closed,CMS Interaction,Pending Order,MPLS order,3/7/2026 4:03,3/8/2026 6:37,scheduledAction,69509,Activation Support,Activation Support
SD1859660,Closed,CMS Interaction,Pending Order,MPLS order,3/7/2026 4:03,3/11/2026 10:48,scheduledAction,68523,Activation Support,Activation Support
SD1859661,Closed,CMS Interaction,Pending Order,MPLS order,3/7/2026 4:03,3/8/2026 4:09,scheduledAction,scheduledAction,Activation Support,Activation Support
SD1859662,Closed,CMS Interaction,Pending Order,MPLS order,3/7/2026 4:03,3/10/2026 6:27,scheduledAction,69509,Activation Support,Activation Support
SD1859663,Closed,CMS Interaction,Pending Order,MPLS order,3/7/2026 4:03,3/11/2026 8:47,scheduledAction,69509,Activation Support,Activation Support
SD1859664,Closed,CMS Interaction,Pending Order,MPLS order,3/7/2026 4:03,3/10/2026 6:27,scheduledAction,68523,Activation Support,Activation Support
SD1859665,Closed,CMS Interaction,Pending Order,MPLS order,3/7/2026 4:03,3/8/2026 6:09,scheduledAction,95809,Activation Support,Activation Support
SD1859666,Closed,CMS Interaction,Pending Order,MPLS order,3/7/2026 4:03,3/9/2026 5:20,scheduledAction,95809,Activation Support,Activation Support
SD1859667,Closed,CMS Interaction,Pending Order,MPLS order,3/7/2026 4:03,3/11/2026 8:19,scheduledAction,95809,Activation Support,Activation Support
SD1859668,Closed,CMS Interaction,Pending Order,MPLS order,3/7/2026 4:03,3/8/2026 17:15,scheduledAction,95809,Activation Support,Activation Support
SD1859669,Closed,CMS Interaction,Pending Order,MPLS order,3/7/2026 4:03,3/8/2026 4:09,scheduledAction,scheduledAction,Activation Support,Activation Support
SD1859670,Closed,CMS Interaction,Pending Order,MPLS order,3/7/2026 4:04,3/7/2026 4:28,scheduledAction,scheduledAction,Activation Support,Activation Support
SD1859671,Closed,CMS Interaction,Pending Order,MPLS order,3/7/2026 4:04,3/8/2026 4:09,scheduledAction,scheduledAction,Activation Support,Activation Support
SD1859672,Closed,CMS Interaction,Pending Order,MPLS order,3/7/2026 4:04,3/11/2026 8:47,scheduledAction,95809,Activation Support,Activation Support
SD1859673,Closed,CMS Interaction,Pending Order,MPLS order,3/7/2026 4:04,3/7/2026 4:28,scheduledAction,scheduledAction,Activation Support,Activation Support
SD1859674,Closed,CMS Interaction,Pending Order,MPLS order,3/7/2026 4:04,3/7/2026 4:28,scheduledAction,scheduledAction,Activation Support,Activation Support
SD1859675,Closed,CMS Interaction,RTCS,Short code and SMS,3/7/2026 4:15,3/7/2026 5:12,69577,69577,ITCMS,IT CMS
SD1859677,Closed,CMS Interaction,CRM,Other,3/7/2026 6:10,3/7/2026 6:36,69577,69577,ITCMS,IT CMS
SD1859678,Closed,CMS Interaction,Pending Order,Mobile Postpaid,3/7/2026 6:32,3/7/2026 14:29,scheduledAction,Z6302499,Escalated Tickets ,OSS Mediation Support
SD1859679,Closed,CMS Interaction,CRM,Other,3/7/2026 6:52,3/17/2026 23:28,S630048,S630048,Escalated Tickets ,ARBOR SUPPORT
SD1859680,Closed,CMS Interaction,Pending Order,Mobile Postpaid,3/7/2026 6:58,3/17/2026 9:12,scheduledAction,12349939,Escalated Tickets ,ARBOR SUPPORT
SD1859681,Closed,CMS Interaction,Pending Order,RTCS Failure,3/7/2026 7:22,3/7/2026 10:47,69577,69577,ITCMS,IT CMS
SD1859682,Closed,CMS Interaction,CRM,Other,3/7/2026 7:43,3/7/2026 10:50,69577,69577,ITCMS,IT CMS
SD1859683,Closed,CMS Interaction,Pending Order,Mobile Postpaid,3/7/2026 7:45,3/10/2026 11:27,scheduledAction,70274,Escalated Tickets ,OSS Mediation Support
SD1859684,Closed,CMS Interaction,UOMS,Mobile,3/7/2026 7:48,3/8/2026 7:15,71009,71009,Escalated Tickets ,OSS Mediation Support
SD1859685,Closed,CMS Interaction,CRM,No Data Found,3/7/2026 8:10,3/7/2026 17:03,69577,69577,ITCMS,IT CMS
SD1859686,Closed,CMS Interaction,Pending Order,Mobile Prepaid,3/7/2026 8:12,3/7/2026 11:03,69577,69577,ITCMS,IT CMS
SD1859687,Closed,CMS Interaction,RTCS,Data Usage,3/7/2026 8:15,3/7/2026 11:04,69577,69577,ITCMS,IT CMS
SD1859689,Closed,CMS Interaction,UOMS,PortOut/PortIN,3/7/2026 8:20,3/7/2026 11:08,69577,69577,ITCMS,IT CMS
SD1859691,Closed,CMS Interaction,CRM,Other,3/7/2026 8:27,3/7/2026 11:18,69577,69577,ITCMS,IT CMS
SD1859692,Closed,CMS Interaction,Pending Order,Mobile Postpaid,3/7/2026 8:31,3/7/2026 11:04,scheduledAction,scheduledAction,ITCMS,IT CMS
SD1859693,Closed,CMS Interaction,UOMS,Mobile,3/7/2026 8:37,3/7/2026 11:19,69577,69577,ITCMS,IT CMS
SD1859694,Closed,CMS Interaction,UOMS,Fixed Voic and Data,3/7/2026 8:41,3/8/2026 6:36,11125603,11125603,ITCMS,IT CMS
SD1859696,Closed,CMS Interaction,Pending Order,Mobile Prepaid,3/7/2026 9:26,3/7/2026 11:22,69577,69577,ITCMS,IT CMS
SD1859697,Closed,CMS Interaction,UOMS,Mobile,3/7/2026 9:33,3/7/2026 11:25,69577,69577,ITCMS,IT CMS
SD1859699,Closed,CMS Interaction,UOMS,Mobile,3/7/2026 9:42,3/7/2026 11:28,69577,69577,ITCMS,IT CMS
SD1859700,Closed,CMS Interaction,CRM,Other,3/7/2026 9:44,3/7/2026 11:30,69577,69577,ITCMS,IT CMS
SD1859701,Closed,CMS Interaction,Pending Order,Mobile Prepaid,3/7/2026 9:45,3/7/2026 10:05,scheduledAction,scheduledAction,ITCMS,IT CMS
SD1859702,Closed,CMS Interaction,Pending Order,Fixed Voic and Data,3/7/2026 10:14,3/7/2026 11:32,69577,69577,ITCMS,IT CMS
SD1859703,Closed,CMS Interaction,RTCS,Short code and SMS,3/7/2026 10:23,3/21/2026 2:21,S630048,S630048,Escalated Tickets ,ARBOR SUPPORT
SD1859705,Closed,CMS Interaction,RTCS,Short code and SMS,3/7/2026 11:02,3/7/2026 17:20,69577,69577,ITCMS,IT CMS
SD1859706,Closed,CMS Interaction,BIP Billing,Bill Amount Mismatch,3/7/2026 11:24,3/8/2026 6:21,J2226589,J2226589,Escalated Tickets ,BIP Billing
SD1859707,Closed,CMS Interaction,UOMS,Fixed Voic and Data,3/7/2026 11:59,3/7/2026 17:45,69577,69577,ITCMS,IT CMS
SD1859708,Closed,CMS Interaction,UOMS,Fixed Voic and Data,3/7/2026 12:15,3/8/2026 7:13,71009,71009,Escalated Tickets ,OSS Mediation Support
SD1859709,Closed,CMS Interaction,Pending Order,Mobile Prepaid,3/7/2026 12:31,3/8/2026 2:51,69496,69496,ITCMS,IT CMS
SD1859710,Closed,CMS Interaction,CRM,Realize Number Issue,3/7/2026 12:39,3/7/2026 16:58,69577,69577,ITCMS,IT CMS
SD1859711,Closed,CMS Interaction,Pending Order,Mobile Prepaid,3/7/2026 12:42,3/7/2026 16:54,69577,69577,ITCMS,IT CMS
SD1859713,Closed,CMS Interaction,CRM,Other,3/7/2026 12:58,3/7/2026 16:41,69577,69577,ITCMS,IT CMS
SD1859714,Closed,CMS Interaction,BIP Billing,Bill Issue,3/7/2026 13:07,3/8/2026 6:22,J2226589,J2226589,Escalated Tickets ,BIP Billing
SD1859715,Closed,CMS Interaction,Pending Order,Mobile Postpaid,3/7/2026 13:19,3/7/2026 16:39,69577,69577,ITCMS,IT CMS
SD1859716,Closed,CMS Interaction,UOMS,Fixed Voic and Data,3/7/2026 13:23,3/7/2026 17:36,69577,69577,ITCMS,IT CMS
SD1859717,Closed,CMS Interaction,Pending Order,Mobile Postpaid,3/7/2026 13:45,3/7/2026 18:17,69577,69577,ITCMS,IT CMS
SD1859718,Closed,CMS Interaction,RTCS,Short code and SMS,3/7/2026 13:46,3/21/2026 2:19,S630048,12349939,Escalated Tickets ,ARBOR SUPPORT
SD1859719,Closed,CMS Interaction,Pending Order,Mobile Prepaid,3/7/2026 13:48,3/7/2026 17:52,69577,69577,ITCMS,IT CMS
SD1859720,Closed,CMS Interaction,UOMS,Mobile,3/7/2026 14:01,3/8/2026 7:12,71009,71009,Escalated Tickets ,OSS Mediation Support
SD1859721,Closed,CMS Interaction,Pending Order,WFBB Order,3/7/2026 14:08,3/7/2026 18:24,69577,69577,ITCMS,IT CMS
SD1859724,Closed,CMS Interaction,UOMS,Fixed Voic and Data,3/7/2026 15:25,3/8/2026 7:32,Q511636,Q511636,Escalated Tickets ,BSS CRM
SD1859725,Closed,CMS Interaction,Pending Order,Fixed Voic and Data,3/7/2026 15:41,3/7/2026 18:27,69577,69577,ITCMS,IT CMS
SD1859726,Closed,CMS Interaction,Pending Order,Mobile Postpaid,3/7/2026 16:05,3/23/2026 10:25,X6410019,X6410019,Escalated Tickets ,BSS CRM
SD1859727,Closed,CMS Interaction,CRM,Realize Number Issue,3/7/2026 16:06,3/7/2026 18:31,69577,69577,ITCMS,IT CMS
SD1859728,Closed,CMS Interaction,RTCS,Data Usage,3/7/2026 16:13,3/7/2026 18:31,69577,69577,ITCMS,IT CMS
SD1859730,Closed,CMS Interaction,CRM,Other,3/7/2026 17:10,3/15/2026 1:12,X6410019,X6410019,Escalated Tickets ,BSS CRM
SD1859731,Closed,CMS Interaction,UOMS,Mobile,3/7/2026 17:15,3/7/2026 17:25,69577,69577,ITCMS,IT CMS
SD1859733,Closed,CMS Interaction,UOMS,PortOut/PortIN,3/7/2026 17:19,3/7/2026 17:28,69577,69577,ITCMS,IT CMS
SD1859734,Closed,CMS Interaction,CRM,Other,3/7/2026 17:24,3/7/2026 17:30,69577,69577,ITCMS,IT CMS
SD1859735,Closed,CMS Interaction,UOMS,Mobile,3/7/2026 17:27,3/7/2026 17:35,69577,69577,ITCMS,IT CMS
SD1859737,Closed,CMS Interaction,RTCS,CPN,3/7/2026 17:38,3/7/2026 17:47,69577,69577,ITCMS,IT CMS
SD1859738,Closed,CMS Interaction,Pending Order,Fixed Voic and Data,3/7/2026 17:43,3/7/2026 17:50,69577,69577,ITCMS,IT CMS
SD1859739,Closed,CMS Interaction,Pending Order,RTCS Failure,3/7/2026 17:51,3/7/2026 18:01,69577,69577,ITCMS,IT CMS
SD1859740,Closed,CMS Interaction,Pending Order,Fixed Voic and Data,3/7/2026 17:56,3/9/2026 8:16,71009,71009,Escalated Tickets ,OSS Mediation Support
SD1859741,Closed,CMS Interaction,Pending Order,Mobile Prepaid,3/7/2026 17:58,3/7/2026 18:05,69577,69577,ITCMS,IT CMS
SD1859742,Closed,CMS Interaction,UOMS,Fixed Voic and Data,3/7/2026 18:03,3/7/2026 18:07,69577,69577,ITCMS,IT CMS
SD1859743,Closed,CMS Interaction,UOMS,WFBB,3/7/2026 18:05,3/21/2026 2:13,S630048,S630048,Escalated Tickets ,ARBOR SUPPORT
SD1859744,Closed,CMS Interaction,CRM,Other,3/7/2026 18:06,3/7/2026 18:09,69577,69577,ITCMS,IT CMS
SD1859745,Closed,CMS Interaction,UOMS,Mobile,3/7/2026 18:08,3/7/2026 18:12,69577,69577,ITCMS,IT CMS
SD1859746,Closed,CMS Interaction,CRM,Other,3/7/2026 18:09,3/7/2026 18:14,69577,69577,ITCMS,IT CMS
SD1859747,Closed,CMS Interaction,CRM,No Data Found,3/7/2026 18:16,3/7/2026 18:20,69577,69577,ITCMS,IT CMS
SD1859748,Closed,CMS Interaction,Pending Order,Mobile Postpaid,3/7/2026 18:18,3/7/2026 18:21,69577,69577,ITCMS,IT CMS
SD1859749,Closed,CMS Interaction,UOMS,Mobile,3/7/2026 18:20,3/7/2026 18:21,69577,69577,ITCMS,IT CMS
SD1859750,Closed,CMS Interaction,Pending Order,ITA order,3/7/2026 18:29,3/7/2026 18:33,69577,69577,ITCMS,IT CMS
SD1859751,Closed,CMS Interaction,CRM,Other,3/7/2026 18:33,3/7/2026 18:53,69577,69577,ITCMS,IT CMS
SD1859752,Closed,CMS Interaction,CRM,Other,3/7/2026 18:35,3/7/2026 18:55,69577,69577,ITCMS,IT CMS
SD1859753,Closed,CMS Interaction,RTCS,Data Usage,3/7/2026 18:38,3/9/2026 5:23,05766431,05766431,ITCMS,IT CMS
SD1859754,Closed,CMS Interaction,RTCS,Short code and SMS,3/7/2026 18:51,3/21/2026 2:11,S630048,S630048,Escalated Tickets ,ARBOR SUPPORT
SD1859755,Closed,CMS Interaction,DDMS,Reconnection,3/7/2026 18:53,3/8/2026 11:54,P1832151,P1832151,Escalated Tickets ,BSS DDMS
SD1859756,Closed,CMS Interaction,CRM,Other,3/7/2026 19:02,3/7/2026 19:19,69577,69577,ITCMS,IT CMS
SD1859757,Closed,CMS Interaction,Pending Order,Fixed Voic and Data,3/7/2026 19:06,3/7/2026 19:22,69577,69577,ITCMS,IT CMS
SD1859758,Closed,CMS Interaction,Pending Order,Mobile Prepaid,3/7/2026 19:15,3/7/2026 19:23,69577,69577,ITCMS,IT CMS
SD1859759,Closed,CMS Interaction,CRM,No Data Found,3/7/2026 19:20,3/7/2026 19:24,69577,69577,ITCMS,IT CMS
SD1859760,Closed,CMS Interaction,RTCS,Short code and SMS,3/7/2026 19:28,3/19/2026 1:38,S630048,S630048,Escalated Tickets ,ARBOR SUPPORT
SD1859761,Closed,CMS Interaction,Pending Order,RTCS Failure,3/7/2026 19:40,3/7/2026 19:55,scheduledAction,69577,ITCMS,IT CMS
SD1859762,Closed,CMS Interaction,ITA,ITA,3/7/2026 19:43,3/21/2026 2:08,S630048,S630048,Escalated Tickets ,ARBOR SUPPORT
SD1859763,Closed,CMS Interaction,Pending Order,BIP Failure,3/7/2026 19:44,3/8/2026 7:09,71009,71009,Escalated Tickets ,OSS Mediation Support
SD1859764,Closed,CMS Interaction,Pending Order,BIP Failure,3/7/2026 19:46,3/8/2026 2:45,69496,69496,ITCMS,IT CMS
SD1859765,Closed,CMS Interaction,Preorder Issue,System Error,3/7/2026 19:52,3/8/2026 5:39,05766431,05766431,ITCMS,IT CMS
SD1859766,Closed,CMS Interaction,RTCS,Short code and SMS,3/7/2026 19:54,3/8/2026 3:02,69130,69130,ITCMS,IT CMS
SD1859767,Closed,CMS Interaction,Preorder Issue,System Error,3/7/2026 19:54,3/8/2026 5:19,05766431,05766431,ITCMS,IT CMS
SD1859768,Closed,CMS Interaction,RTCS,Data Usage,3/7/2026 19:56,3/8/2026 2:57,69130,69130,ITCMS,IT CMS
SD1859769,Closed,CMS Interaction,UOMS,Mobile,3/7/2026 19:58,3/8/2026 5:55,69566,69566,ITCMS,IT CMS
SD1859770,Closed,CMS Interaction,Pending Order,Mobile Prepaid,3/7/2026 20:11,3/8/2026 7:08,71009,71009,Escalated Tickets ,OSS Mediation Support
SD1859771,Closed,CMS Interaction,UOMS,PortOut/PortIN,3/7/2026 20:32,3/8/2026 4:29,21498,21498,VAS,VAS
SD1859772,Closed,CMS Interaction,RTCS,Data Usage,3/7/2026 21:00,3/8/2026 6:16,70141,70141,Escalated Tickets ,BSS RTCS
SD1859778,Closed,CMS Interaction,Pending Order,Mobile Postpaid,3/7/2026 21:26,3/8/2026 3:39,scheduledAction,69470,ITCMS,IT CMS
SD1859779,Closed,CMS Interaction,Pending Order,Fixed Voic and Data,3/7/2026 21:29,3/8/2026 5:24,05766431,05766431,ITCMS,IT CMS
SD1859780,Closed,CMS Interaction,UOMS,PortOut/PortIN,3/7/2026 21:32,3/8/2026 2:42,69496,69496,ITCMS,IT CMS
SD1859782,Closed,CMS Interaction,Pending Order,Mobile Postpaid,3/7/2026 23:17,3/8/2026 3:39,scheduledAction,69496,ITCMS,IT CMS
SD1859783,Closed,CMS Interaction,Pending Order,Mobile Postpaid,3/8/2026 0:51,3/8/2026 6:55,71009,71009,Escalated Tickets ,OSS Mediation Support
SD1859784,Closed,CMS Interaction,RTCS,Short code and SMS,3/8/2026 2:27,3/8/2026 3:16,69470,69470,ITCMS,IT CMS
SD1859786,Closed,CMS Interaction,Pending Order,Mobile Prepaid,3/8/2026 3:08,3/8/2026 3:10,69496,69496,ITCMS,IT CMS
SD1859787,Closed,CMS Interaction,Pending Order,ITA order,3/8/2026 3:13,3/8/2026 4:09,scheduledAction,71009,Escalated Tickets ,OSS Mediation Support
SD1859788,Closed,CMS Interaction,Pending Order,Mobile Postpaid,3/8/2026 3:14,3/8/2026 3:40,scheduledAction,scheduledAction,ITCMS,IT CMS
SD1859789,Closed,CMS Interaction,UOMS,Mobile,3/8/2026 3:57,3/8/2026 18:21,37230,37230,ITCMS,IT CMS
SD1859790,Closed,CMS Interaction,Pending Order,MPLS order,3/8/2026 4:02,3/9/2026 8:22,scheduledAction,95809,Activation Support,Activation Support
SD1859800,Closed,CMS Interaction,Pending Order,Mobile Postpaid,3/8/2026 4:35,3/8/2026 5:39,scheduledAction,69577,ITCMS,IT CMS
SD1859802,Closed,CMS Interaction,BIP Billing,Sample Bills,3/8/2026 4:46,3/8/2026 7:22,L7990290,L7990290,Escalated Tickets ,BSS iPDF
SD1859804,Closed,CMS Interaction,CRM,Other,3/8/2026 5:00,3/15/2026 1:17,X6410019,X6410019,Escalated Tickets ,BSS CRM
SD1859806,Closed,CMS Interaction,POS and CMA,Reversal,3/8/2026 5:13,3/15/2026 1:31,X6410019,X6410019,Escalated Tickets ,BSS POS
SD1859809,Closed,CMS Interaction,Pending Order,Fixed Voic and Data,3/8/2026 5:19,3/9/2026 6:57,W0213873,W0213873,Escalated Tickets ,NEP Support
SD1859810,Closed,CMS Interaction,UOMS,Mobile,3/8/2026 5:21,3/9/2026 17:32,19715928,19715928,Escalated Tickets ,ARBOR SUPPORT
SD1859812,Closed,CMS Interaction,BIP Billing,VAT Update,3/8/2026 5:27,3/8/2026 6:26,J2226589,J2226589,Escalated Tickets ,BIP Billing
SD1859815,Closed,CMS Interaction,POS and CMA,Reversal,3/8/2026 5:30,3/9/2026 6:45,11125603,11125603,ITCMS,IT CMS
SD1859821,Closed,CMS Interaction,Pending Order,Fixed Voic and Data,3/8/2026 5:36,3/8/2026 5:56,05766431,05766431,ITCMS,IT CMS
SD1859822,Closed,CMS Interaction,CRM,Other,3/8/2026 5:37,3/8/2026 7:57,69566,69566,ITCMS,IT CMS
SD1859825,Closed,CMS Interaction,CRM,Other,3/8/2026 5:46,3/8/2026 5:59,05766431,05766431,ITCMS,IT CMS
SD1859829,Closed,CMS Interaction,BIP Billing,VAT Update,3/8/2026 5:59,3/8/2026 6:04,05766431,05766431,ITCMS,IT CMS
SD1859832,Closed,CMS Interaction,Pending Order,Fixed Voic and Data,3/8/2026 6:01,3/8/2026 6:05,05766431,05766431,ITCMS,IT CMS
SD1859833,Closed,CMS Interaction,Pending Order,WFBB Order,3/8/2026 6:04,3/8/2026 6:08,05766431,05766431,ITCMS,IT CMS
SD1859834,Closed,CMS Interaction,Pending Order,Mobile Postpaid,3/8/2026 6:04,3/8/2026 6:07,05766431,05766431,ITCMS,IT CMS
SD1859836,Closed,CMS Interaction,Pending Order,Fixed Voic and Data,3/8/2026 6:09,3/8/2026 9:26,19715928,19715928,Escalated Tickets ,ARBOR SUPPORT
SD1859839,Closed,CMS Interaction,Pending Order,Fixed Voic and Data,3/8/2026 6:12,3/8/2026 6:15,05766431,05766431,ITCMS,IT CMS
SD1859843,Closed,CMS Interaction,CRM,Other,3/8/2026 6:15,3/9/2026 2:28,12349939,19715928,Escalated Tickets ,ARBOR SUPPORT
SD1859847,Closed,CMS Interaction,POS and CMA,Reversal,3/8/2026 6:17,3/9/2026 7:19,11125603,11125603,ITCMS,IT CMS
SD1859849,Closed,CMS Interaction,Pending Order,Fixed Voic and Data,3/8/2026 6:20,3/8/2026 6:48,LR1995699,LR1995699,Escalated Tickets ,NEP Support
SD1859851,Closed,CMS Interaction,UOMS,Mobile,3/8/2026 6:22,3/8/2026 6:45,11125603,11125603,ITCMS,IT CMS
SD1859852,Closed,CMS Interaction,CRM,Other,3/8/2026 6:30,3/16/2026 4:26,19715928,19715928,Escalated Tickets ,ARBOR SUPPORT
SD1859853,Closed,CMS Interaction,Pending Order,Mobile Prepaid,3/8/2026 6:24,3/8/2026 6:48,11125603,11125603,ITCMS,IT CMS
SD1859857,Closed,CMS Interaction,CRM,Other,3/8/2026 6:27,3/8/2026 6:49,11125603,11125603,ITCMS,IT CMS
SD1859862,Closed,CMS Interaction,CRM,Other,3/8/2026 6:33,3/8/2026 7:00,71009,71009,Escalated Tickets ,OSS Mediation Support
SD1859863,Closed,CMS Interaction,BIP Billing,Sample Bills,3/8/2026 6:34,3/9/2026 9:31,L7990290,L7990290,Escalated Tickets ,BSS iPDF
SD1859865,Closed,CMS Interaction,Preorder Issue,System Error,3/8/2026 6:34,3/9/2026 5:25,05766431,05766431,ITCMS,IT CMS
SD1859866,Closed,CMS Interaction,Pending Order,Mobile Postpaid,3/8/2026 6:35,3/23/2026 11:38,X6410019,X6410019,Escalated Tickets ,BSS CRM
SD1859871,Closed,CMS Interaction,CRM,Other,3/8/2026 6:39,3/9/2026 2:27,12349939,19715928,Escalated Tickets ,ARBOR SUPPORT
SD1859876,Closed,CMS Interaction,CRM,Other,3/8/2026 6:43,3/9/2026 5:27,05766431,05766431,ITCMS,IT CMS
SD1859877,Closed,CMS Interaction,Pending Order,Mobile Postpaid,3/8/2026 6:43,3/8/2026 7:04,71009,71009,Escalated Tickets ,OSS Mediation Support
SD1859878,Closed,CMS Interaction,BIP Billing,Bill Issue,3/8/2026 6:44,3/8/2026 7:24,L7990290,L7990290,Escalated Tickets ,BSS iPDF
SD1859879,Closed,CMS Interaction,UOMS,Mobile,3/8/2026 6:45,3/10/2026 9:56,19715928,19715928,Escalated Tickets ,ARBOR SUPPORT
SD1859882,Closed,CMS Interaction,Pending Order,Fixed Voic and Data,3/8/2026 6:47,3/8/2026 7:54,05766431,05766431,ITCMS,IT CMS
SD1859883,Closed,CMS Interaction,Pending Order,Mobile Prepaid,3/8/2026 6:48,3/8/2026 7:03,11125603,11125603,ITCMS,IT CMS
SD1859884,Closed,CMS Interaction,Pending Order,Mobile Prepaid,3/8/2026 6:50,3/8/2026 7:04,11125603,11125603,ITCMS,IT CMS
SD1859885,Closed,CMS Interaction,Pending Order,Mobile Postpaid,3/8/2026 6:50,3/8/2026 7:12,69517,69517,ITCMS,IT CMS
SD1859886,Closed,CMS Interaction,CRM,Other,3/8/2026 6:56,3/8/2026 7:17,11125603,11125603,ITCMS,IT CMS
SD1859887,Closed,CMS Interaction,Pending Order,Mobile Postpaid,3/8/2026 6:51,3/8/2026 7:04,69517,69517,ITCMS,IT CMS
SD1859890,Closed,CMS Interaction,Pending Order,Mobile Postpaid,3/8/2026 6:53,3/10/2026 3:58,19715928,19715928,Escalated Tickets ,ARBOR SUPPORT
SD1859892,Closed,CMS Interaction,Enterprise Billing,Reversal Issue,3/8/2026 6:55,3/9/2026 8:23,69496,69496,ITCMS,IT CMS
SD1859894,Closed,CMS Interaction,BIP Billing,Bill Issue,3/8/2026 6:56,3/8/2026 7:26,L7990290,L7990290,Escalated Tickets ,BSS iPDF
SD1859897,Closed,CMS Interaction,CRM,Other,3/8/2026 7:05,3/8/2026 7:24,19715928,19715928,Escalated Tickets ,ARBOR SUPPORT
SD1859898,Closed,CMS Interaction,Enterprise Billing,Reversal Issue,3/8/2026 7:03,3/9/2026 17:45,37230,37230,ITCMS,IT-CMS Support
SD1859899,Closed,CMS Interaction,Pending Order,Mobile Postpaid,3/8/2026 7:03,3/8/2026 7:06,69517,69517,ITCMS,IT CMS
SD1859901,Closed,CMS Interaction,Pending Order,Mobile Postpaid,3/8/2026 7:04,3/8/2026 7:08,69517,69517,ITCMS,IT CMS
SD1859903,Closed,CMS Interaction,Pending Order,Mobile Postpaid,3/8/2026 7:04,3/9/2026 2:26,12349939,12349939,Escalated Tickets ,ARBOR SUPPORT
SD1859905,Closed,CMS Interaction,Pending Order,Mobile Postpaid,3/8/2026 7:07,3/8/2026 7:10,69517,69517,ITCMS,IT CMS
SD1859906,Closed,CMS Interaction,Pending Order,Mobile Postpaid,3/8/2026 7:07,3/8/2026 7:09,69517,69517,ITCMS,IT CMS
SD1859910,Closed,CMS Interaction,CRM,Other,3/8/2026 7:13,3/10/2026 11:59,69566,69566,ITCMS,IT CMS
SD1859912,Closed,CMS Interaction,Pending Order,Mobile Postpaid,3/8/2026 7:15,3/15/2026 3:21,19715928,19715928,Escalated Tickets ,ARBOR SUPPORT
SD1859913,Closed,CMS Interaction,Pending Order,ITA order,3/8/2026 7:15,3/8/2026 7:19,69517,69517,ITCMS,IT CMS
SD1859918,Closed,CMS Interaction,Pending Order,Mobile Postpaid,3/8/2026 7:22,3/8/2026 8:13,scheduledAction,z4886767,Escalated Tickets ,OSS Mediation Support
SD1859921,Closed,CMS Interaction,Enterprise Billing, Wrong Rental Charges,3/8/2026 7:23,3/29/2026 7:43,S630048,S630048,Escalated Tickets ,ARBOR SUPPORT
SD1859922,Closed,CMS Interaction,Pending Order,Fixed Voic and Data,3/8/2026 7:24,3/8/2026 7:37,11125603,11125603,ITCMS,IT CMS
SD1859923,Closed,CMS Interaction,UOMS,Mobile,3/8/2026 7:24,3/8/2026 8:08,11125603,11125603,ITCMS,IT CMS
SD1859925,Closed,CMS Interaction,UOMS,WFBB,3/8/2026 7:25,3/8/2026 7:33,11125603,11125603,ITCMS,IT CMS
SD1859926,Closed,CMS Interaction,Pending Order,Fesibility Check Failure,3/8/2026 7:25,3/9/2026 7:43,LR1995699,LR1995699,Escalated Tickets ,NEP Support
SD1859927,Closed,CMS Interaction,BIP Billing,Bill Issue,3/8/2026 7:25,3/8/2026 7:34,J2226589,22674,Escalated Tickets ,BIP Billing
SD1859928,Closed,CMS Interaction,Pending Order,Mobile Postpaid,3/8/2026 7:26,3/8/2026 7:42,scheduledAction,05766431,ITCMS,IT CMS
SD1859929,Closed,CMS Interaction,Pending Order,Fixed Voic and Data,3/8/2026 7:27,3/8/2026 7:41,05766431,05766431,ITCMS,IT CMS
SD1859930,Closed,CMS Interaction,BIP Billing,Bill Issue,3/8/2026 7:28,3/8/2026 9:00,J2226589,J2226589,Escalated Tickets ,BIP Billing
SD1859932,Closed,CMS Interaction,Pending Order,Mobile Postpaid,3/8/2026 7:28,3/8/2026 7:42,69470,69470,ITCMS,IT CMS
SD1859933,Closed,CMS Interaction,Pending Order,Mobile Postpaid,3/8/2026 7:30,3/8/2026 7:44,05766431,05766431,ITCMS,IT CMS
SD1859934,Closed,CMS Interaction,Pending Order,Fixed Voic and Data,3/8/2026 7:32,3/8/2026 7:42,11125603,11125603,ITCMS,IT CMS
SD1859936,Closed,CMS Interaction,Pending Order,Mobile Postpaid,3/8/2026 7:35,3/8/2026 8:14,69517,69517,ITCMS,IT CMS
SD1859938,Closed,CMS Interaction,CRM,Other,3/8/2026 7:40,3/16/2026 22:02,P1832151,P1832151,Escalated Tickets ,BIP Billing
SD1859940,Closed,CMS Interaction,CRM,Other,3/8/2026 7:41,3/9/2026 8:31,LR1995699,LR1995699,Escalated Tickets ,NEP Support
SD1859941,Closed,CMS Interaction,Pending Order,Mobile Prepaid,3/8/2026 7:42,3/8/2026 8:35,69470,69470,ITCMS,IT CMS
SD1859942,Closed,CMS Interaction,CRM,No Data Found,3/8/2026 7:43,3/16/2026 12:52,S630048,S630048,Escalated Tickets ,ARBOR SUPPORT
SD1859943,Closed,CMS Interaction,Pending Order,Fixed Voic and Data,3/8/2026 7:43,3/8/2026 7:45,05766431,05766431,ITCMS,IT CMS
SD1859944,Closed,CMS Interaction,Pending Order,Mobile Postpaid,3/8/2026 7:44,3/8/2026 7:54,69470,69470,ITCMS,IT CMS
SD1859945,Closed,CMS Interaction,Preorder Issue,Validation Error,3/8/2026 7:50,3/8/2026 8:34,69470,69470,ITCMS,IT CMS
SD1859947,Closed,CMS Interaction,Pending Order,Fesibility Check Failure,3/8/2026 7:48,3/8/2026 8:06,05766431,05766431,ITCMS,IT CMS
SD1859948,Closed,CMS Interaction,Pending Order,Mobile Postpaid,3/8/2026 7:51,3/8/2026 8:33,69470,69470,ITCMS,IT CMS
SD1859949,Closed,CMS Interaction,Pending Order,Mobile Prepaid,3/8/2026 7:51,3/8/2026 7:59,69470,69470,ITCMS,IT CMS
SD1859951,Closed,CMS Interaction,Pending Order,Mobile Prepaid,3/8/2026 7:54,3/8/2026 8:14,scheduledAction,69517,ITCMS,IT CMS
SD1859952,Closed,CMS Interaction,Pending Order,Mobile Postpaid,3/8/2026 7:53,3/8/2026 8:04,05766431,05766431,ITCMS,IT CMS
SD1859954,Closed,CMS Interaction,Pending Order,Fixed Voic and Data,3/8/2026 7:53,3/8/2026 8:04,05766431,05766431,ITCMS,IT CMS
SD1859955,Closed,CMS Interaction,Pending Order,Mobile Postpaid,3/8/2026 7:53,3/8/2026 7:58,69470,69470,ITCMS,IT CMS
SD1859957,Closed,CMS Interaction,Pending Order,Fixed Voic and Data,3/8/2026 7:54,3/8/2026 8:02,05766431,05766431,ITCMS,IT CMS
SD1859962,Closed,CMS Interaction,Pending Order,Mobile Postpaid,3/8/2026 7:57,3/8/2026 8:06,69470,69566,ITCMS,IT CMS
SD1859964,Closed,CMS Interaction,Pending Order,Mobile Prepaid,3/8/2026 7:59,3/8/2026 8:38,69517,69517,ITCMS,IT CMS
SD1859965,Closed,CMS Interaction,Pending Order,Mobile Prepaid,3/8/2026 7:59,3/8/2026 8:47,scheduledAction,69517,ITCMS,IT CMS
SD1859968,Closed,CMS Interaction,UOMS,Mobile,3/8/2026 8:05,3/8/2026 8:32,69470,69470,ITCMS,IT CMS
SD1859972,Closed,CMS Interaction,UOMS,HBB,3/8/2026 8:13,3/8/2026 9:31,05766431,05766431,ITCMS,IT CMS
SD1859974,Closed,CMS Interaction,Pending Order,Mobile Postpaid,3/8/2026 8:15,3/8/2026 8:33,69517,69517,ITCMS,IT CMS
SD1859980,Closed,CMS Interaction,CRM,Other,3/8/2026 8:18,3/8/2026 9:00,69470,69470,ITCMS,IT CMS
SD1859981,Closed,CMS Interaction,CRM,No Data Found,3/8/2026 8:18,3/10/2026 7:33,Q511636,Q511636,Escalated Tickets ,BSS CRM
SD1859983,Closed,CMS Interaction,Pending Order,Mobile Postpaid,3/8/2026 8:19,3/8/2026 8:21,69517,69517,ITCMS,IT CMS
SD1859991,Closed,CMS Interaction,Pending Order,MPLS order,3/8/2026 8:28,3/8/2026 8:34,69517,69517,ITCMS,IT CMS
SD1859992,Closed,CMS Interaction,CRM,Other,3/8/2026 8:31,3/8/2026 8:59,69470,69470,ITCMS,IT CMS
SD1859993,Closed,CMS Interaction,CRM,Other,3/8/2026 8:31,3/10/2026 4:45,19715928,19715928,Escalated Tickets ,ARBOR SUPPORT
SD1859994,Closed,CMS Interaction,Pending Order,Fixed Voic and Data,3/8/2026 8:32,3/8/2026 9:29,05766431,05766431,ITCMS,IT CMS
SD1859997,Closed,CMS Interaction,Pending Order,BIP Failure,3/8/2026 8:37,3/8/2026 8:58,69470,69470,ITCMS,IT CMS
SD1859998,Closed,CMS Interaction,Pending Order,ITA order,3/8/2026 8:37,3/8/2026 8:47,scheduledAction,69470,ITCMS,IT CMS
SD1860001,Closed,CMS Interaction,CRM,Other,3/8/2026 8:39,3/9/2026 5:30,05766431,05766431,ITCMS,IT CMS
SD1860002,Closed,CMS Interaction,Pending Order,ITA order,3/8/2026 8:39,3/8/2026 8:47,scheduledAction,69517,ITCMS,IT CMS
SD1860005,Closed,CMS Interaction,CRM,Other,3/8/2026 8:43,3/8/2026 9:28,05766431,05766431,ITCMS,IT CMS
SD1860006,Closed,CMS Interaction,UOMS,Mobile,3/8/2026 8:43,3/10/2026 7:39,Q511636,Q511636,Escalated Tickets ,BSS CRM
SD1860012,Closed,CMS Interaction,Pending Order,Mobile Postpaid,3/8/2026 8:48,3/8/2026 8:54,69470,69470,ITCMS,IT CMS
SD1860013,Closed,CMS Interaction,Pending Order,Mobile Prepaid,3/8/2026 8:49,3/8/2026 8:57,69470,69470,ITCMS,IT CMS
SD1860016,Closed,CMS Interaction,CRM,Other,3/8/2026 8:52,,,S630048,Escalated Tickets ,ARBOR SUPPORT
SD1860017,Closed,CMS Interaction,CRM,Other,3/8/2026 8:53,3/8/2026 11:52,J2226589,J2226589,Escalated Tickets ,BIP Billing
SD1860020,Closed,CMS Interaction,BIP Billing,Bill Issue,3/8/2026 8:57,3/11/2026 10:46,L7990290,L7990290,Escalated Tickets ,BSS iPDF
SD1860023,Closed,CMS Interaction,ITA,ITA,3/8/2026 8:58,3/9/2026 7:26,71009,71009,Escalated Tickets ,OSS Mediation Support
SD1860028,Closed,CMS Interaction,Pending Order,Mobile Postpaid,3/8/2026 9:02,3/8/2026 9:07,69470,69470,ITCMS,IT CMS
SD1860030,Closed,CMS Interaction,CRM,Other,3/8/2026 9:02,3/8/2026 9:25,05766431,05766431,ITCMS,IT CMS
SD1860031,Closed,CMS Interaction,BIP Billing,Bill Issue,3/8/2026 9:03,3/9/2026 9:35,L7990290,L7990290,Escalated Tickets ,BSS iPDF
SD1860032,Closed,CMS Interaction,UOMS,Mobile,3/8/2026 9:03,3/8/2026 10:03,71009,71009,Escalated Tickets ,OSS Mediation Support
SD1860033,Closed,CMS Interaction,Pending Order,BIP Failure,3/8/2026 9:03,3/8/2026 9:09,69470,69470,ITCMS,IT CMS
SD1860034,Closed,CMS Interaction,CRM,No Data Found,3/8/2026 9:06,3/8/2026 9:10,69470,69470,ITCMS,IT CMS
SD1860035,Closed,CMS Interaction,UOMS,Mobile,3/8/2026 9:07,3/9/2026 8:14,71009,71009,Escalated Tickets ,OSS Mediation Support
SD1860036,Closed,CMS Interaction,Pending Order,Fixed Voic and Data,3/8/2026 9:07,3/26/2026 6:20,scheduledAction,W0213873,Escalated Tickets ,NEP Support
SD1860037,Closed,CMS Interaction,BIP Billing,Bill Issue,3/8/2026 9:10,3/11/2026 3:53,19715928,19715928,Escalated Tickets ,ARBOR SUPPORT
SD1860039,Closed,CMS Interaction,BIP Billing,Bill Issue,3/8/2026 9:13,3/9/2026 2:24,12349939,12349939,Escalated Tickets ,ARBOR SUPPORT
SD1860043,Closed,CMS Interaction,UOMS,Mobile,3/8/2026 9:21,3/15/2026 6:29,Q511636,X6410019,Escalated Tickets ,BSS CRM
SD1860047,Closed,CMS Interaction,UOMS,Mobile,3/8/2026 9:23,3/8/2026 9:26,69470,69470,ITCMS,IT CMS
SD1860051,Closed,CMS Interaction,UOMS,Mobile,3/8/2026 9:29,3/10/2026 9:49,19715928,19715928,Escalated Tickets ,ARBOR SUPPORT
SD1860053,Closed,CMS Interaction,UOMS,Mobile,3/8/2026 9:29,3/9/2026 3:37,69496,69496,ITCMS,IT CMS
SD1860054,Closed,CMS Interaction,POS and CMA,Pending Payment,3/8/2026 9:30,3/10/2026 5:57,11125603,11125603,ITCMS,IT CMS
SD1860066,Closed,CMS Interaction,RTCS,Data Usage,3/8/2026 9:48,3/15/2026 7:37,19715928,19715928,Escalated Tickets ,ARBOR SUPPORT
SD1860069,Closed,CMS Interaction,UOMS,Mobile,3/8/2026 9:51,3/8/2026 10:20,05766431,05766431,ITCMS,IT CMS
SD1860070,Closed,CMS Interaction,BIP Billing,Bill Issue,3/8/2026 9:52,3/8/2026 10:21,22674,22674,Escalated Tickets ,BIP Billing
SD1860071,Closed,CMS Interaction,Pending Order,Fixed Voic and Data,3/8/2026 9:56,3/8/2026 10:19,05766431,05766431,ITCMS,IT CMS
SD1860076,Closed,CMS Interaction,POS and CMA,Reversal,3/8/2026 9:57,3/15/2026 1:33,X6410019,X6410019,Escalated Tickets ,BSS POS
SD1860080,Closed,CMS Interaction,CRM,Other,3/8/2026 9:58,3/9/2026 7:20,S630048,S630048,Escalated Tickets ,ARBOR SUPPORT
SD1860083,Closed,CMS Interaction,CRM,Other,3/8/2026 10:01,3/9/2026 8:14,71009,71009,Escalated Tickets ,OSS Mediation Support
SD1860086,Closed,CMS Interaction,CRM,Other,3/8/2026 10:08,3/16/2026 4:40,19715928,12349939,Escalated Tickets ,ARBOR SUPPORT
SD1860088,Closed,CMS Interaction,UOMS,Mobile,3/8/2026 10:04,3/8/2026 10:18,05766431,05766431,ITCMS,IT CMS
SD1860089,Closed,CMS Interaction,BIP Billing,Commitment,3/8/2026 10:08,3/11/2026 5:48,J2226589,J2226589,Escalated Tickets ,BIP Billing
SD1860093,Closed,CMS Interaction,Pending Order,Fixed Voic and Data,3/8/2026 10:06,3/8/2026 10:17,05766431,05766431,ITCMS,IT CMS
SD1860094,Closed,CMS Interaction,CRM,Other,3/8/2026 10:07,3/8/2026 10:13,69566,69566,ITCMS,IT CMS
SD1860098,Closed,CMS Interaction,CRM,Other,3/8/2026 10:18,3/8/2026 10:22,05766431,05766431,ITCMS,IT CMS
SD1860099,Closed,CMS Interaction,Pending Order,RTCS Failure,3/8/2026 10:18,3/8/2026 10:48,69496,69496,ITCMS,IT CMS
SD1860100,Closed,CMS Interaction,Pending Order,WFBB Order,3/8/2026 10:20,3/8/2026 10:23,05766431,05766431,ITCMS,IT CMS
SD1860104,Closed,CMS Interaction,POS and CMA,Reversal,3/8/2026 10:26,3/15/2026 1:35,X6410019,X6410019,Escalated Tickets ,BSS POS
SD1860107,Closed,CMS Interaction,Pending Order,Fixed Voic and Data,3/8/2026 10:29,3/8/2026 10:36,05766431,05766431,ITCMS,IT CMS
SD1860109,Closed,CMS Interaction,UOMS,Mobile,3/8/2026 10:39,3/15/2026 6:34,Q511636,Q511636,Escalated Tickets ,BSS CRM
SD1860110,Closed,CMS Interaction,POS and CMA,User Issue,3/8/2026 10:42,3/15/2026 1:36,X6410019,X6410019,Escalated Tickets ,BSS POS
SD1860122,Closed,CMS Interaction,Pending Order,Fixed Voic and Data,3/8/2026 11:12,3/8/2026 11:22,69496,69496,ITCMS,IT CMS
SD1860123,Closed,CMS Interaction,POS and CMA,Reversal,3/8/2026 11:13,3/9/2026 7:18,11125603,11125603,ITCMS,IT CMS
SD1860125,Closed,CMS Interaction,Pending Order,Mobile Prepaid,3/8/2026 11:16,3/9/2026 3:24,69496,69496,ITCMS,IT CMS
SD1860127,Closed,CMS Interaction,Pending Order,Fixed Voic and Data,3/8/2026 11:21,3/9/2026 3:24,69517,69517,ITCMS,IT CMS
SD1860133,Closed,CMS Interaction,Pending Order,BIP Failure,3/8/2026 11:31,3/8/2026 13:25,scheduledAction,scheduledAction,ITCMS,IT CMS
SD1860134,Closed,CMS Interaction,UOMS,Mobile,3/8/2026 11:32,3/8/2026 12:21,69758,69758,Escalated Tickets ,ARBOR SUPPORT
SD1860135,Closed,CMS Interaction,Pending Order,Fixed Voic and Data,3/8/2026 11:33,3/9/2026 4:48,70141,70141,Escalated Tickets ,BSS RTCS
SD1860136,Closed,CMS Interaction,Pending Order,Fixed Voic and Data,3/8/2026 11:38,3/9/2026 5:51,scheduledAction,19715928,Escalated Tickets ,ARBOR SUPPORT
SD1860137,Closed,CMS Interaction,Pending Order,Mobile Postpaid,3/8/2026 11:45,3/8/2026 13:25,scheduledAction,scheduledAction,ITCMS,IT CMS
SD1860138,Closed,CMS Interaction,Pending Order,RTCS Failure,3/8/2026 11:48,3/8/2026 13:25,scheduledAction,scheduledAction,ITCMS,IT CMS
SD1860139,Closed,CMS Interaction,Pending Order,Fixed Voic and Data,3/8/2026 11:53,3/9/2026 5:51,scheduledAction,12349939,Escalated Tickets ,ARBOR SUPPORT
SD1860140,Closed,CMS Interaction,UOMS,Mobile,3/8/2026 11:55,3/8/2026 13:25,69130,69130,ITCMS,IT CMS
SD1860142,Closed,CMS Interaction,BIP Billing,Bill Issue,3/8/2026 12:15,3/15/2026 11:10,S5801880,S5801880,Escalated Tickets ,BIP Billing
SD1860143,Closed,CMS Interaction,Pending Order,Fixed Voic and Data,3/8/2026 12:14,3/8/2026 17:52,37230,37230,ITCMS,IT CMS
SD1860145,Closed,CMS Interaction,CRM,Other,3/8/2026 12:37,3/14/2026 10:01,S630048,S630048,Escalated Tickets ,ARBOR SUPPORT
SD1860147,Closed,CMS Interaction,Pending Order,Mobile Prepaid,3/8/2026 12:42,3/8/2026 13:20,69130,69130,ITCMS,IT CMS
SD1860148,Closed,CMS Interaction,Pending Order,Fixed Voic and Data,3/8/2026 12:57,3/8/2026 13:19,69130,69130,ITCMS,IT CMS
SD1860149,Closed,CMS Interaction,BIP Billing,Bill Issue,3/8/2026 13:06,3/9/2026 5:19,J2226589,J2226589,Escalated Tickets ,BIP Billing
SD1860151,Closed,CMS Interaction,RTCS,Short code and SMS,3/8/2026 14:08,3/8/2026 18:11,37230,37230,ITCMS,IT CMS
SD1860152,Closed,CMS Interaction,Pending Order,Mobile Postpaid,3/8/2026 14:12,3/24/2026 13:34,70699048,69758,BSS Apple Watch,BSS Apple Watch
SD1860153,Closed,CMS Interaction,RTCS,Data Usage,3/8/2026 14:14,3/9/2026 7:17,11125603,11125603,ITCMS,IT CMS
SD1860154,Closed,CMS Interaction,RTCS,Short code and SMS,3/8/2026 15:10,3/8/2026 18:03,37230,37230,ITCMS,IT CMS
SD1860155,Closed,CMS Interaction,RTCS,Short code and SMS,3/8/2026 16:04,3/8/2026 18:15,37230,37230,ITCMS,IT CMS
SD1860156,Closed,CMS Interaction,Pending Order,Fixed Voic and Data,3/8/2026 16:04,3/8/2026 17:48,37230,37230,ITCMS,IT CMS
SD1860157,Closed,CMS Interaction,RTCS,Data Usage,3/8/2026 16:07,3/9/2026 7:24,71009,71009,Escalated Tickets ,OSS Mediation Support
SD1860158,Closed,CMS Interaction,UOMS,Mobile,3/8/2026 16:19,3/9/2026 7:35,Q511636,69566,ITCMS,IT CMS
SD1860159,Closed,CMS Interaction,UOMS,Fixed Voic and Data,3/8/2026 16:20,3/8/2026 18:07,37230,37230,ITCMS,IT CMS
SD1860160,Closed,CMS Interaction,Pending Order,Fixed Voic and Data,3/8/2026 16:21,3/8/2026 17:48,37230,37230,ITCMS,IT CMS
SD1860161,Closed,CMS Interaction,RTCS,Short code and SMS,3/8/2026 16:37,3/8/2026 18:15,37230,37230,ITCMS,IT CMS
SD1860162,Closed,CMS Interaction,Pending Order,Fixed Voic and Data,3/8/2026 16:42,3/8/2026 17:47,37230,37230,ITCMS,IT CMS
SD1860163,Closed,CMS Interaction,CRM,Other,3/8/2026 16:43,3/9/2026 7:41,Q511636,Q511636,Escalated Tickets ,BSS CRM
SD1860165,Closed,CMS Interaction,Pending Order,Fixed Voic and Data,3/8/2026 16:55,3/8/2026 17:46,37230,37230,ITCMS,IT CMS
SD1860166,Closed,CMS Interaction,CRM,Other,3/8/2026 17:02,3/15/2026 6:36,Q511636,Q511636,Escalated Tickets ,BSS CRM
SD1860167,Closed,CMS Interaction,Pending Order,Fixed Voic and Data,3/8/2026 17:06,3/8/2026 17:46,37230,37230,ITCMS,IT CMS
SD1860168,Closed,CMS Interaction,Pending Order,Mobile Prepaid,3/8/2026 17:06,3/8/2026 18:04,37230,37230,ITCMS,IT CMS
SD1860169,Closed,CMS Interaction,UOMS,Mobile,3/8/2026 17:09,3/9/2026 7:10,71009,71009,Escalated Tickets ,OSS Mediation Support
SD1860170,Closed,CMS Interaction,RTCS,Short code and SMS,3/8/2026 17:15,3/8/2026 18:11,37230,37230,ITCMS,IT CMS
SD1860171,Closed,CMS Interaction,Pending Order,Fixed Voic and Data,3/8/2026 17:17,3/8/2026 17:45,37230,37230,ITCMS,IT CMS
SD1860172,Closed,CMS Interaction,CRM,Other,3/8/2026 17:22,3/9/2026 6:02,05766431,05766431,ITCMS,IT CMS
SD1860173,Closed,CMS Interaction,Pending Order,Fixed Voic and Data,3/8/2026 17:24,3/8/2026 18:10,37230,37230,ITCMS,IT CMS
SD1860174,Closed,CMS Interaction,Pending Order,Mobile Prepaid,3/8/2026 17:28,3/13/2026 8:11,scheduledAction,12349939,Escalated Tickets ,ARBOR SUPPORT
SD1860175,Closed,CMS Interaction,Pending Order,Mobile Postpaid,3/8/2026 17:30,3/9/2026 6:58,71009,71009,Escalated Tickets ,OSS Mediation Support
SD1860176,Closed,CMS Interaction,Pending Order,Fixed Voic and Data,3/8/2026 17:31,3/8/2026 18:09,37230,37230,ITCMS,IT CMS
SD1860177,Closed,CMS Interaction,Pending Order,WFBB Order,3/8/2026 17:31,3/8/2026 18:12,37230,37230,ITCMS,IT CMS
SD1860178,Closed,CMS Interaction,CRM,Other,3/8/2026 17:40,3/15/2026 6:38,Q511636,Q511636,Escalated Tickets ,BSS CRM
SD1860179,Closed,CMS Interaction,ITA,ITA,3/8/2026 17:40,3/9/2026 8:12,Q511636,Q511636,Escalated Tickets ,BSS CRM
SD1860180,Closed,CMS Interaction,CRM,Other,3/8/2026 17:44,3/8/2026 18:14,37230,37230,ITCMS,IT CMS
SD1860181,Closed,CMS Interaction,Pending Order,RTCS Failure,3/8/2026 17:48,3/9/2026 2:18,12349939,69758,Escalated Tickets ,ARBOR SUPPORT
SD1860182,Closed,CMS Interaction,Pending Order,RTCS Failure,3/8/2026 17:50,3/9/2026 2:17,12349939,69840,Escalated Tickets ,ARBOR SUPPORT
SD1860183,Closed,CMS Interaction,Pending Order,BIP Failure,3/8/2026 17:55,3/8/2026 18:00,37230,37230,ITCMS,IT CMS
SD1860184,Closed,CMS Interaction,Pending Order,BIP Failure,3/8/2026 18:16,3/10/2026 8:31,scheduledAction,19715928,Escalated Tickets ,ARBOR SUPPORT
SD1860185,Closed,CMS Interaction,Pending Order,Fixed Voic and Data,3/8/2026 18:28,3/16/2026 13:09,S630048,S630048,Escalated Tickets ,ARBOR SUPPORT
SD1860186,Closed,CMS Interaction,UOMS,Fixed Voic and Data,3/8/2026 18:30,3/8/2026 19:22,69130,69130,ITCMS,IT CMS
SD1860187,Closed,CMS Interaction,Pending Order,Mobile Prepaid,3/8/2026 18:36,3/15/2026 7:20,Q511636,Q511636,Escalated Tickets ,BSS CRM
SD1860188,Closed,CMS Interaction,UOMS,Mobile,3/8/2026 18:40,3/8/2026 19:21,69130,69130,ITCMS,IT CMS
SD1860189,Closed,CMS Interaction,UOMS,Fixed Voic and Data,3/8/2026 18:46,3/8/2026 19:20,69130,69130,ITCMS,IT CMS
SD1860190,Closed,CMS Interaction,CRM,No Data Found,3/8/2026 18:58,3/8/2026 19:27,37230,37230,ITCMS,IT CMS
SD1860191,Closed,CMS Interaction,UOMS,Mobile,3/8/2026 19:06,3/15/2026 6:45,Q511636,Q511636,Escalated Tickets ,BSS CRM
SD1860192,Closed,CMS Interaction,Pending Order,BIP Failure,3/8/2026 19:20,3/8/2026 19:25,37230,37230,ITCMS,IT CMS
SD1860193,Closed,CMS Interaction,Pending Order,BIP Failure,3/8/2026 19:23,3/10/2026 5:59,scheduledAction,69840,Escalated Tickets ,ARBOR SUPPORT
SD1860194,Closed,CMS Interaction,CRM,Other,3/8/2026 19:31,3/11/2026 8:20,11125603,11125603,ITCMS,IT CMS
SD1860195,Closed,CMS Interaction,UOMS,Mobile,3/8/2026 19:40,3/9/2026 4:55,70141,70141,Escalated Tickets ,BSS RTCS
SD1860196,Closed,CMS Interaction,CRM,Other,3/8/2026 19:42,3/8/2026 19:53,37230,37230,ITCMS,IT CMS
SD1860197,Closed,CMS Interaction,Pending Order,WFBB Order,3/8/2026 19:54,3/9/2026 5:20,05766431,05766431,ITCMS,IT CMS
SD1860198,Closed,CMS Interaction,Pending Order,Mobile Postpaid,3/8/2026 19:54,3/9/2026 5:13,69496,69496,ITCMS,IT CMS
SD1860199,Closed,CMS Interaction,Pending Order,WFBB Order,3/8/2026 20:03,3/9/2026 5:19,05766431,05766431,ITCMS,IT CMS
SD1860200,Closed,CMS Interaction,Pending Order,Mobile Postpaid,3/8/2026 20:10,3/8/2026 20:15,scheduledAction,scheduledAction,ITCMS,IT CMS
SD1860201,Closed,CMS Interaction,CRM,Other,3/8/2026 21:10,3/9/2026 5:39,05766431,05766431,ITCMS,IT CMS
SD1860203,Closed,CMS Interaction,CRM,No Data Found,3/8/2026 21:29,3/10/2026 10:17,69566,69566,ITCMS,IT CMS
SD1860204,Closed,CMS Interaction,RTCS,Short code and SMS,3/8/2026 21:36,3/9/2026 3:00,69130,69130,ITCMS,IT CMS
SD1860205,Closed,CMS Interaction,Pending Order,Fixed Voic and Data,3/8/2026 21:52,3/9/2026 3:08,69496,69496,ITCMS,IT CMS
SD1860207,Closed,CMS Interaction,RTCS,Short code and SMS,3/9/2026 0:22,3/9/2026 3:01,69130,69130,ITCMS,IT CMS
SD1860208,Closed,CMS Interaction,Pending Order,Fixed Voic and Data,3/9/2026 1:47,3/9/2026 3:13,69496,69496,ITCMS,IT CMS
SD1860209,Closed,CMS Interaction,Pending Order,Fixed Voic and Data,3/9/2026 1:49,3/9/2026 3:04,69496,69496,ITCMS,IT CMS
SD1860210,Closed,CMS Interaction,Pending Order,Fixed Voic and Data,3/9/2026 1:51,3/9/2026 3:01,69496,69496,ITCMS,IT CMS
SD1860211,Closed,CMS Interaction,RTCS,Short code and SMS,3/9/2026 2:57,3/9/2026 3:02,69130,69130,ITCMS,IT CMS
SD1860217,Closed,CMS Interaction,UOMS,Mobile,3/9/2026 3:37,3/9/2026 8:54,69566,69566,ITCMS,IT CMS
SD1860223,Closed,CMS Interaction,BIP Billing,VAT Update,3/9/2026 3:59,3/9/2026 5:11,J2226589,J2226589,Escalated Tickets ,BIP Billing
SD1860224,Closed,CMS Interaction,Pending Order,MPLS order,3/9/2026 4:01,3/9/2026 4:26,scheduledAction,95809,Activation Support,Activation Support
SD1860225,Closed,CMS Interaction,Pending Order,Fixed Voic and Data,3/9/2026 4:32,3/9/2026 5:02,69496,69496,ITCMS,IT CMS
SD1860226,Closed,CMS Interaction,Pending Order,Fixed Voic and Data,3/9/2026 4:37,3/10/2026 8:31,scheduledAction,12349939,Escalated Tickets ,ARBOR SUPPORT
SD1860230,Closed,CMS Interaction,Pending Order,Mobile Postpaid,3/9/2026 5:05,3/10/2026 4:03,scheduledAction,19715928,Escalated Tickets ,ARBOR SUPPORT
SD1860231,Closed,CMS Interaction,BIP Billing,Bill Issue,3/9/2026 5:13,3/9/2026 9:36,L7990290,L7990290,Escalated Tickets ,BSS iPDF
SD1860235,Closed,CMS Interaction,Pending Order,WFBB Order,3/9/2026 5:20,3/9/2026 5:21,05766431,05766431,ITCMS,IT CMS
SD1860241,Closed,CMS Interaction,Pending Order,Fixed Voic and Data,3/9/2026 5:30,3/9/2026 6:35,LR1995699,LR1995699,Escalated Tickets ,NEP Support
SD1860242,Closed,CMS Interaction,CRM,Other,3/9/2026 5:33,3/9/2026 5:34,05766431,05766431,ITCMS,IT CMS
SD1860245,Closed,CMS Interaction,CRM,Other,3/9/2026 5:35,3/9/2026 7:46,S630048,S630048,Escalated Tickets ,ARBOR SUPPORT
SD1860248,Closed,CMS Interaction,UOMS,PortOut/PortIN,3/9/2026 5:40,3/9/2026 7:09,71009,71009,Escalated Tickets ,OSS Mediation Support
SD1860266,Closed,CMS Interaction,Pending Order,BIP Failure,3/9/2026 5:56,3/10/2026 9:26,W0213873,W0213873,Escalated Tickets ,NEP Support
SD1860267,Closed,CMS Interaction,Pending Order,Mobile Prepaid,3/9/2026 5:59,3/9/2026 6:06,05766431,05766431,ITCMS,IT CMS
SD1860270,Closed,CMS Interaction,Pending Order,Fixed Voic and Data,3/9/2026 6:01,3/9/2026 6:07,05766431,05766431,ITCMS,IT CMS
SD1860274,Closed,CMS Interaction,ITA,ITA,3/9/2026 6:04,3/15/2026 7:03,Q511636,Q511636,Escalated Tickets ,BSS CRM
SD1860280,Closed,CMS Interaction,BIP Billing,Account Name Change,3/9/2026 6:12,3/9/2026 9:36,L7990290,L7990290,Escalated Tickets ,BSS iPDF
SD1860283,Closed,CMS Interaction,CRM,Other,3/9/2026 6:13,3/9/2026 6:41,69470,69470,ITCMS,IT CMS
SD1860285,Closed,CMS Interaction,CRM,Reconnection Routine Issue,3/9/2026 6:19,3/9/2026 6:38,69470,69470,ITCMS,IT CMS
SD1860286,Closed,CMS Interaction,UOMS,Mobile,3/9/2026 6:21,3/10/2026 5:52,11125603,11125603,ITCMS,IT CMS
SD1860289,Closed,CMS Interaction,BIP Billing,Bill Issue,3/9/2026 6:30,3/9/2026 6:45,69470,69470,ITCMS,IT CMS
SD1860290,Closed,CMS Interaction,ITA,ITA,3/9/2026 6:32,3/9/2026 9:18,69566,69566,ITCMS,IT CMS
SD1860297,Closed,CMS Interaction,POS and CMA,User Issue,3/9/2026 6:42,3/9/2026 7:59,05766431,05766431,ITCMS,IT CMS
SD1860301,Closed,CMS Interaction,CRM,Other,3/9/2026 6:45,3/9/2026 7:57,05766431,05766431,ITCMS,IT CMS
SD1860306,Closed,CMS Interaction,Pending Order,Fixed Voic and Data,3/9/2026 6:49,3/15/2026 7:59,LR1995699,LR1995699,Escalated Tickets ,NEP Support
SD1860307,Closed,CMS Interaction,CRM,Other,3/9/2026 6:52,3/9/2026 8:13,71009,71009,Escalated Tickets ,OSS Mediation Support
SD1860309,Closed,CMS Interaction,UOMS,Mobile,3/9/2026 6:53,3/9/2026 7:59,69496,69496,ITCMS,IT CMS
SD1860311,Closed,CMS Interaction,Pending Order,Fixed Voic and Data,3/9/2026 6:54,3/16/2026 4:59,19715928,19715928,Escalated Tickets ,ARBOR SUPPORT
SD1860313,Closed,CMS Interaction,Pending Order,RTCS Failure,3/9/2026 6:54,3/11/2026 4:53,scheduledAction,19715928,Escalated Tickets ,ARBOR SUPPORT
SD1860314,Closed,CMS Interaction,UOMS,Mobile,3/9/2026 6:57,3/11/2026 6:57,Q511636,Q511636,Escalated Tickets ,BSS CRM
SD1860315,Closed,CMS Interaction,CRM,Other,3/9/2026 6:57,3/10/2026 5:51,11125603,11125603,ITCMS,IT CMS
SD1860334,Closed,CMS Interaction,RTCS,Data Usage,3/9/2026 7:10,3/11/2026 11:34,70141,70141,Escalated Tickets ,BSS RTCS
SD1860335,Closed,CMS Interaction,POS and CMA,Reversal,3/9/2026 7:09,3/15/2026 1:41,X6410019,X6410019,Escalated Tickets ,BSS POS
SD1860336,Closed,CMS Interaction,RTCS,Data Usage,3/9/2026 7:13,3/10/2026 4:15,22674,22674,Escalated Tickets ,BSS RTCS
SD1860343,Closed,CMS Interaction,UOMS,Fixed Voic and Data,3/9/2026 7:17,3/9/2026 7:56,05766431,05766431,ITCMS,IT CMS
SD1860344,Closed,CMS Interaction,CRM,Other,3/9/2026 7:18,3/10/2026 12:12,70699048,69840,Escalated Tickets ,ARBOR SUPPORT
SD1860349,Closed,CMS Interaction,BIP Billing,Others,3/9/2026 7:24,3/12/2026 11:53,L7990290,L7990290,Escalated Tickets ,BSS iPDF
SD1860351,Closed,CMS Interaction,CRM,No Data Found,3/9/2026 7:25,3/19/2026 1:13,S630048,S630048,Escalated Tickets ,ARBOR SUPPORT
SD1860354,Closed,CMS Interaction,BIP Billing,Bill Amount Mismatch,3/9/2026 7:27,3/9/2026 12:05,J2226589,J2226589,Escalated Tickets ,BIP Billing
SD1860355,Closed,CMS Interaction,BIP Billing,Bill Issue,3/9/2026 7:28,3/16/2026 22:05,P1832151,P1832151,Escalated Tickets ,BIP Billing
SD1860358,Closed,CMS Interaction,CRM,Other,3/9/2026 7:34,3/17/2026 5:41,S630048,S630048,Escalated Tickets ,ARBOR SUPPORT
SD1860371,Closed,CMS Interaction,Pending Order,Fixed Voic and Data,3/9/2026 7:48,3/9/2026 8:00,LR1995699,LR1995699,Escalated Tickets ,NEP Support
SD1860372,Closed,CMS Interaction,BIP Billing,Bill Issue,3/9/2026 7:49,3/9/2026 8:13,J2226589,J2226589,Escalated Tickets ,BIP Billing
SD1860378,Closed,CMS Interaction,BIP Billing,Sample Bills,3/9/2026 7:55,3/9/2026 9:40,L7990290,L7990290,Escalated Tickets ,BSS iPDF
SD1860386,Closed,CMS Interaction,CRM,No Data Found,3/9/2026 8:01,3/10/2026 11:59,69566,69566,ITCMS,IT CMS
SD1860387,Closed,CMS Interaction,Pending Order,RTCS Failure,3/9/2026 8:01,3/9/2026 8:02,05766431,05766431,ITCMS,IT CMS
SD1860388,Closed,CMS Interaction,CRM,Other,3/9/2026 8:01,3/10/2026 12:02,69566,69566,ITCMS,IT CMS
SD1860394,Closed,CMS Interaction,UOMS,Mobile,3/9/2026 8:08,3/9/2026 8:11,05766431,05766431,ITCMS,IT CMS
SD1860397,Closed,CMS Interaction,BIP Billing,Bill Amount Mismatch,3/9/2026 8:12,3/9/2026 12:15,J2226589,J2226589,Escalated Tickets ,BIP Billing
SD1860398,Closed,CMS Interaction,CRM,Other,3/9/2026 8:13,3/9/2026 8:16,05766431,05766431,ITCMS,IT CMS
SD1860399,Closed,CMS Interaction,BIP Billing,Report,3/9/2026 8:15,3/9/2026 8:27,05766431,05766431,ITCMS,IT CMS
SD1860401,Closed,CMS Interaction,CRM,Other,3/9/2026 8:15,3/9/2026 9:12,69566,69566,ITCMS,IT CMS
SD1860402,Closed,CMS Interaction,Pending Order,BIP Failure,3/9/2026 8:16,3/9/2026 8:17,05766431,05766431,ITCMS,IT CMS
SD1860403,Closed,CMS Interaction,Pending Order,Fixed Voic and Data,3/9/2026 8:17,3/9/2026 10:25,scheduledAction,69517,ITCMS,IT CMS
SD1860404,Closed,CMS Interaction,Pending Order,RTCS Failure,3/9/2026 8:18,3/10/2026 8:19,71009,71009,Escalated Tickets ,OSS Mediation Support
SD1860407,Closed,CMS Interaction,CRM,Other,3/9/2026 8:20,3/18/2026 5:44,19715928,19715928,Escalated Tickets ,ARBOR SUPPORT
SD1860411,Closed,CMS Interaction,CRM,Other,3/9/2026 8:29,3/10/2026 12:02,70699048,69840,Escalated Tickets ,ARBOR SUPPORT
SD1860414,Closed,CMS Interaction,UOMS,Mobile,3/9/2026 8:31,3/9/2026 9:19,69566,69566,ITCMS,IT CMS
SD1860415,Closed,CMS Interaction,Pending Order,Fixed Voic and Data,3/9/2026 8:32,3/9/2026 13:11,69470,69470,ITCMS,IT CMS
SD1860416,Closed,CMS Interaction,ITA,ITA,3/9/2026 8:33,3/9/2026 9:21,69566,69566,ITCMS,IT CMS
SD1860417,Closed,CMS Interaction,Pending Order,Fixed Voic and Data,3/9/2026 8:35,3/9/2026 8:37,69517,69517,ITCMS,IT CMS
SD1860418,Closed,CMS Interaction,Pending Order,Mobile Prepaid,3/9/2026 8:35,3/9/2026 8:39,69517,69517,ITCMS,IT CMS
SD1860423,Closed,CMS Interaction,UOMS,Fixed Voic and Data,3/9/2026 8:42,3/9/2026 17:46,69130,69130,ITCMS,IT CMS
SD1860424,Closed,CMS Interaction,Pending Order,WFBB Order,3/9/2026 8:43,3/9/2026 8:57,05766431,05766431,ITCMS,IT CMS
SD1860425,Closed,CMS Interaction,Pending Order,Mobile Postpaid,3/9/2026 8:44,3/9/2026 10:03,05766431,05766431,ITCMS,IT CMS
SD1860426,Closed,CMS Interaction,Pending Order,Fixed Voic and Data,3/9/2026 8:45,3/9/2026 8:47,69517,69517,ITCMS,IT CMS
SD1860430,Closed,CMS Interaction,Enterprise Billing,Order Issue,3/9/2026 8:52,3/9/2026 17:41,37230,37230,ITCMS,IT-CMS Support
SD1860432,Closed,CMS Interaction,CRM,Other,3/9/2026 8:53,3/10/2026 6:00,S630048,S630048,Escalated Tickets ,ARBOR SUPPORT
SD1860435,Closed,CMS Interaction,UOMS,Fixed Voic and Data,3/9/2026 8:58,3/9/2026 10:02,69566,69566,ITCMS,IT CMS
SD1860436,Closed,CMS Interaction,Pending Order,Mobile Prepaid,3/9/2026 9:01,3/9/2026 9:31,11125603,11125603,ITCMS,IT CMS
SD1860437,Closed,CMS Interaction,Pending Order,Mobile Prepaid,3/9/2026 9:02,3/9/2026 9:33,11125603,11125603,ITCMS,IT CMS
SD1860438,Closed,CMS Interaction,UOMS,Mobile,3/9/2026 9:04,3/9/2026 10:01,05766431,05766431,ITCMS,IT CMS
SD1860441,Closed,CMS Interaction,CRM,Other,3/9/2026 9:08,3/11/2026 9:52,Q511636,Q511636,Escalated Tickets ,BSS CRM
SD1860444,Closed,CMS Interaction,CRM,Other,3/9/2026 9:10,3/9/2026 9:59,05766431,05766431,ITCMS,IT CMS
SD1860448,Closed,CMS Interaction,Pending Order,MPLS order,3/9/2026 9:17,3/9/2026 10:25,scheduledAction,69840,Escalated Tickets ,ARBOR SUPPORT
SD1860449,Closed,CMS Interaction,Pending Order,Mobile Prepaid,3/9/2026 9:17,3/9/2026 9:36,11125603,11125603,ITCMS,IT CMS
SD1860450,Closed,CMS Interaction,Pending Order,Mobile Postpaid,3/9/2026 9:21,3/9/2026 11:05,70274,70274,Escalated Tickets ,OSS Mediation Support
SD1860451,Closed,CMS Interaction,CRM,Other,3/9/2026 9:22,3/9/2026 9:58,05766431,05766431,ITCMS,IT CMS
SD1860452,Closed,CMS Interaction,Pending Order,Fixed Voic and Data,3/9/2026 9:22,3/9/2026 10:07,05766431,05766431,ITCMS,IT CMS
SD1860453,Closed,CMS Interaction,BIP Billing,Bill Issue,3/9/2026 9:24,3/16/2026 11:30,L7990290,L7990290,Escalated Tickets ,BSS iPDF
SD1860456,Closed,CMS Interaction,Pending Order,Mobile Prepaid,3/9/2026 9:28,3/9/2026 10:47,69566,69566,ITCMS,IT CMS
SD1860457,Closed,CMS Interaction,Pending Order,Fesibility Check Failure,3/9/2026 9:31,3/9/2026 9:56,05766431,05766431,ITCMS,IT CMS
SD1860459,Closed,CMS Interaction,UOMS,Mobile,3/9/2026 9:34,3/15/2026 9:03,Q511636,Q511636,Escalated Tickets ,BSS CRM
SD1860460,Closed,CMS Interaction,Pending Order,BIP Failure,3/9/2026 9:35,3/9/2026 9:55,scheduledAction,05766431,ITCMS,IT CMS
SD1860463,Pending Billing,CMS Interaction,RTCS,Data Usage,3/9/2026 9:39,,,T3741892,BSS UMAS,BSS UMAS
SD1860466,Closed,CMS Interaction,Pending Order,Mobile Postpaid,3/9/2026 9:46,3/9/2026 9:53,05766431,05766431,ITCMS,IT CMS
SD1860467,Closed,CMS Interaction,Preorder Issue,Others,3/9/2026 9:46,3/9/2026 9:57,05766431,05766431,ITCMS,IT CMS
SD1860468,Closed,CMS Interaction,Pending Order,Mobile Postpaid,3/9/2026 9:47,3/9/2026 9:52,05766431,05766431,ITCMS,IT CMS
SD1860478,Closed,CMS Interaction,CRM,Other,3/9/2026 10:02,3/10/2026 4:34,19715928,19715928,Escalated Tickets ,ARBOR SUPPORT
SD1860479,Closed,CMS Interaction,UOMS,Mobile,3/9/2026 10:07,3/9/2026 11:32,69566,69566,ITCMS,IT CMS
SD1860480,Closed,CMS Interaction,CRM,Other,3/9/2026 10:12,3/10/2026 6:42,71009,71009,Escalated Tickets ,OSS Mediation Support
SD1860485,Closed,CMS Interaction,CRM,Other,3/9/2026 10:24,3/11/2026 2:43,12349939,19715928,Escalated Tickets ,ARBOR SUPPORT
SD1860488,Closed,CMS Interaction,CRM,Realize Number Issue,3/9/2026 10:26,3/9/2026 11:27,69566,69566,ITCMS,IT CMS
SD1860489,Closed,CMS Interaction,CRM,Other,3/9/2026 10:31,3/9/2026 11:25,69566,69566,ITCMS,IT CMS
SD1860491,Closed,CMS Interaction,RTCS,Data Usage,3/9/2026 10:32,3/9/2026 11:24,69566,69566,ITCMS,IT CMS
SD1860492,Closed,CMS Interaction,Pending Order,Fixed Voic and Data,3/9/2026 10:33,3/9/2026 11:21,69566,69566,ITCMS,IT CMS
SD1860503,Closed,CMS Interaction,UOMS,Mobile,3/9/2026 10:49,3/9/2026 11:19,69566,69566,ITCMS,IT CMS
SD1860504,Closed,CMS Interaction,Pending Order,Fixed Voic and Data,3/9/2026 10:50,3/9/2026 11:06,69566,69566,ITCMS,IT CMS
SD1860508,Closed,CMS Interaction,Pending Order,Mobile Postpaid,3/9/2026 10:53,3/9/2026 11:04,69566,69566,ITCMS,IT CMS
SD1860509,Closed,CMS Interaction,Pending Order,Mobile Postpaid,3/9/2026 10:56,3/9/2026 11:51,scheduledAction,z4886767,Escalated Tickets ,OSS Mediation Support
SD1860510,Closed,CMS Interaction,Pending Order,Mobile Prepaid,3/9/2026 10:56,3/9/2026 11:00,69566,69566,ITCMS,IT CMS
SD1860511,Closed,CMS Interaction,Pending Order,Mobile Postpaid,3/9/2026 10:57,3/9/2026 10:59,69566,69566,ITCMS,IT CMS
SD1860512,Closed,CMS Interaction,Pending Order,Fixed Voic and Data,3/9/2026 10:58,3/9/2026 11:51,scheduledAction,69840,Escalated Tickets ,ARBOR SUPPORT
SD1860514,Closed,CMS Interaction,CRM,Other,3/9/2026 11:01,3/17/2026 5:33,S630048,S630048,Escalated Tickets ,ARBOR SUPPORT
SD1860516,Closed,CMS Interaction,CRM,Other,3/9/2026 11:01,3/17/2026 11:52,S630048,S630048,Escalated Tickets ,ARBOR SUPPORT
SD1860518,Closed,CMS Interaction,CRM,Call details Routine,3/9/2026 11:02,3/9/2026 11:10,69566,69566,ITCMS,IT CMS
SD1860520,Closed,CMS Interaction,Pending Order,RTCS Failure,3/9/2026 11:03,3/9/2026 11:09,69566,69566,ITCMS,IT CMS
SD1860529,Closed,CMS Interaction,UOMS,Fixed Voic and Data,3/9/2026 11:10,3/22/2026 8:55,X6410019,X6410019,Escalated Tickets ,BSS CRM
SD1860530,Closed,CMS Interaction,Pending Order,Mobile Postpaid,3/9/2026 11:13,3/9/2026 11:17,69566,69566,ITCMS,IT CMS
SD1860532,Closed,CMS Interaction,BIP Billing,Bill Issue,3/9/2026 11:14,3/10/2026 5:50,J2226589,J2226589,Escalated Tickets ,BIP Billing
SD1860533,Closed,CMS Interaction,Enterprise Billing,Order Issue,3/9/2026 11:36,3/10/2026 11:58,70699048,69758,Escalated Tickets ,ARBOR SUPPORT
SD1860534,Closed,CMS Interaction,Pending Order,Mobile Postpaid,3/9/2026 11:36,3/9/2026 11:38,69566,69566,ITCMS,IT CMS
SD1860535,Closed,CMS Interaction,Pending Order,Fixed Voic and Data,3/9/2026 11:41,3/9/2026 11:57,69566,69566,ITCMS,IT CMS
SD1860536,Closed,CMS Interaction,BIP Billing,Others,3/9/2026 11:44,3/9/2026 11:55,69566,69566,ITCMS,IT CMS
SD1860537,Assign,CMS Interaction,CRM,Other,3/9/2026 11:47,,,,BSS Apple Watch,BSS Apple Watch
SD1860538,Closed,CMS Interaction,BIP Billing,Bill Issue,3/9/2026 11:48,3/9/2026 11:51,69566,69566,ITCMS,IT CMS
SD1860539,Closed,CMS Interaction,CRM,Other,3/9/2026 11:56,3/15/2026 9:30,Q511636,Q511636,Escalated Tickets ,BSS CRM
SD1860541,Closed,CMS Interaction,CRM,Other,3/9/2026 11:58,3/9/2026 13:09,69470,69470,ITCMS,IT CMS
SD1860546,Closed,CMS Interaction,CRM,Other,3/9/2026 12:13,3/9/2026 13:08,69470,69470,ITCMS,IT CMS
SD1860547,Closed,CMS Interaction,UOMS,Fixed Voic and Data,3/9/2026 12:17,3/9/2026 13:06,69470,69470,ITCMS,IT CMS
SD1860548,Closed,CMS Interaction,UOMS,Mobile,3/9/2026 12:17,3/9/2026 13:04,69470,69470,ITCMS,IT CMS
SD1860549,Closed,CMS Interaction,BIP Billing,Adjustment,3/9/2026 12:22,3/10/2026 5:52,J2226589,J2226589,Escalated Tickets ,BIP Billing
SD1860550,Closed,CMS Interaction,RTCS,Data Usage,3/9/2026 12:27,3/10/2026 5:09,70141,70141,Escalated Tickets ,BSS RTCS
SD1860552,Closed,CMS Interaction,CRM,Other,3/9/2026 12:49,3/9/2026 13:00,69470,69470,ITCMS,IT CMS
SD1860553,Closed,CMS Interaction,Pending Order,Fixed Voic and Data,3/9/2026 13:03,3/17/2026 6:14,11125603,11125603,ITCMS,IT CMS
SD1860554,Closed,CMS Interaction,Pending Order,Mobile Postpaid,3/9/2026 13:16,3/9/2026 17:24,37230,37230,ITCMS,IT CMS
SD1860556,Closed,CMS Interaction,Pending Order,Mobile Postpaid,3/9/2026 14:05,3/9/2026 16:05,scheduledAction,scheduledAction,ITCMS,IT CMS
SD1860557,Closed,CMS Interaction,UOMS,WFBB,3/9/2026 14:10,3/9/2026 17:22,37230,37230,ITCMS,IT CMS
SD1860560,Closed,CMS Interaction,CRM,Other,3/9/2026 15:35,3/9/2026 17:21,37230,37230,ITCMS,IT CMS
SD1860561,Closed,CMS Interaction,Pending Order,Fixed Voic and Data,3/9/2026 15:37,3/9/2026 17:36,37230,37230,ITCMS,IT CMS
SD1860562,Closed,CMS Interaction,CRM,Other,3/9/2026 16:24,3/15/2026 8:23,Q511636,Q511636,Escalated Tickets ,BSS CRM
SD1860563,Closed,CMS Interaction,CRM,Other,3/9/2026 16:25,3/9/2026 17:23,37230,37230,ITCMS,IT CMS
SD1860564,Closed,CMS Interaction,CRM,Other,3/9/2026 16:32,3/10/2026 4:11,69517,69517,ITCMS,IT CMS
SD1860565,Closed,CMS Interaction,UOMS,Mobile,3/9/2026 16:43,3/10/2026 6:41,71009,71009,Escalated Tickets ,OSS Mediation Support
SD1860566,Closed,CMS Interaction,UOMS,Mobile,3/9/2026 16:44,3/9/2026 17:27,37230,37230,ITCMS,IT CMS
SD1860567,Closed,CMS Interaction,CRM,No Data Found,3/9/2026 16:45,3/15/2026 8:11,Q511636,Q511636,Escalated Tickets ,BSS CRM
SD1860569,Closed,CMS Interaction,Pending Order,BIP Failure,3/9/2026 16:53,3/10/2026 4:04,scheduledAction,69758,Escalated Tickets ,ARBOR SUPPORT
SD1860570,Closed,CMS Interaction,UOMS,WFBB,3/9/2026 17:01,3/21/2026 2:07,S630048,S630048,Escalated Tickets ,ARBOR SUPPORT
SD1860571,Closed,CMS Interaction,CRM,Other,3/9/2026 17:07,3/9/2026 17:30,37230,37230,ITCMS,IT CMS
SD1860572,Closed,CMS Interaction,Pending Order,RTCS Failure,3/9/2026 17:11,3/9/2026 17:31,37230,37230,ITCMS,IT CMS
SD1860573,Closed,CMS Interaction,UOMS,Mobile,3/9/2026 17:13,3/10/2026 11:56,70699048,19715928,Escalated Tickets ,ARBOR SUPPORT
SD1860574,Closed,CMS Interaction,Pending Order,Mobile Postpaid,3/9/2026 17:25,3/9/2026 17:31,37230,37230,ITCMS,IT CMS
SD1860575,Closed,CMS Interaction,RTCS,Short code and SMS,3/9/2026 17:26,3/9/2026 17:39,37230,37230,ITCMS,IT CMS
SD1860576,Closed,CMS Interaction,Pending Order,WFBB Order,3/9/2026 17:26,3/10/2026 3:22,69267,69267,Escalated Tickets ,BSS RTCS
SD1860577,Closed,CMS Interaction,BIP Billing,Others,3/9/2026 17:29,3/9/2026 17:33,37230,37230,ITCMS,IT CMS
SD1860578,Closed,CMS Interaction,CRM,Realize Number Issue,3/9/2026 17:30,3/9/2026 17:34,37230,37230,ITCMS,IT CMS
SD1860579,Assign,CMS Interaction,UOMS,HBB,3/9/2026 17:31,,,Y8359287,Digital CICM L3 Support,Digital CICM L3 Support
SD1860580,Closed,CMS Interaction,BIP Billing,Bill Issue,3/9/2026 17:37,3/15/2026 2:01,X6410019,X6410019,Escalated Tickets ,BSS CMA
SD1860581,Closed,CMS Interaction,RTCS,Short code and SMS,3/9/2026 17:40,3/9/2026 17:42,37230,37230,ITCMS,IT CMS
SD1860582,Closed,CMS Interaction,RTCS,Short code and SMS,3/9/2026 17:55,3/9/2026 18:06,37230,37230,ITCMS,IT CMS
SD1860583,Closed,CMS Interaction,CRM,CRM Down,3/9/2026 17:56,3/9/2026 18:12,37230,37230,ITCMS,IT CMS
SD1860584,Closed,CMS Interaction,UOMS,Mobile,3/9/2026 18:06,3/10/2026 6:38,71009,71009,Escalated Tickets ,OSS Mediation Support
SD1860585,Closed,CMS Interaction,RTCS,Short code and SMS,3/9/2026 18:11,3/9/2026 18:13,37230,37230,ITCMS,IT CMS
SD1860586,Closed,CMS Interaction,UOMS,Mobile,3/9/2026 18:16,3/10/2026 6:35,71009,71009,Escalated Tickets ,OSS Mediation Support
SD1860587,Closed,CMS Interaction,Pending Order,Mobile Postpaid,3/9/2026 18:17,3/10/2026 11:50,70699048,69758,Escalated Tickets ,ARBOR SUPPORT
SD1860588,Closed,CMS Interaction,CRM,No Data Found,3/9/2026 18:24,3/9/2026 18:36,37230,37230,ITCMS,IT CMS
SD1860590,Closed,CMS Interaction,RTCS,Short code and SMS,3/9/2026 18:53,3/10/2026 6:34,71009,71009,Escalated Tickets ,OSS Mediation Support
SD1860591,Closed,CMS Interaction,CRM,Other,3/9/2026 19:06,3/25/2026 7:13,S630048,S630048,Escalated Tickets ,ARBOR SUPPORT
SD1860592,Closed,CMS Interaction,CRM,Other,3/9/2026 19:07,3/17/2026 5:32,S630048,S630048,Escalated Tickets ,ARBOR SUPPORT
SD1860593,Closed,CMS Interaction,Pending Order,Mobile Prepaid,3/9/2026 19:18,3/9/2026 19:26,37230,37230,ITCMS,IT CMS
SD1860594,Closed,CMS Interaction,Pending Order,Mobile Postpaid,3/9/2026 19:22,3/10/2026 6:32,71009,71009,Escalated Tickets ,OSS Mediation Support
SD1860595,Closed,CMS Interaction,RTCS,Short code and SMS,3/9/2026 19:27,3/9/2026 19:28,37230,37230,ITCMS,IT CMS
SD1860596,Closed,CMS Interaction,Pending Order,Fixed Voic and Data,3/9/2026 19:29,3/10/2026 5:59,scheduledAction,S630048,Escalated Tickets ,ARBOR SUPPORT
SD1860597,Closed,CMS Interaction,Pending Order,Fixed Voic and Data,3/9/2026 19:31,3/10/2026 4:39,69496,69496,ITCMS,IT CMS
SD1860598,Closed,CMS Interaction,UOMS,HBB,3/9/2026 19:33,3/10/2026 5:06,05766431,05766431,ITCMS,IT CMS
SD1860599,Closed,CMS Interaction,Pending Order,Mobile Prepaid,3/9/2026 19:50,3/10/2026 5:30,scheduledAction,69130,ITCMS,IT CMS
SD1860600,Closed,CMS Interaction,Pending Order,WFBB Order,3/9/2026 19:50,3/10/2026 2:46,69130,69130,ITCMS,IT CMS
SD1860602,Closed,CMS Interaction,UOMS,Mobile,3/9/2026 20:00,3/10/2026 2:41,69130,69130,ITCMS,IT CMS
SD1860603,Closed,CMS Interaction,UOMS,Mobile,3/9/2026 20:01,3/10/2026 2:41,69130,69130,ITCMS,IT CMS
SD1860604,Closed,CMS Interaction,RTCS,Data Usage,3/9/2026 20:14,3/10/2026 2:37,69130,69130,ITCMS,IT CMS
SD1860605,Closed,CMS Interaction,Pending Order,Mobile Prepaid,3/9/2026 20:19,3/9/2026 20:28,scheduledAction,scheduledAction,ITCMS,IT CMS
SD1860606,Closed,CMS Interaction,RTCS,Short code and SMS,3/9/2026 21:03,3/10/2026 2:37,69130,69130,ITCMS,IT CMS
SD1860609,Closed,CMS Interaction,UOMS,Mobile,3/9/2026 23:46,3/10/2026 2:36,69130,69130,ITCMS,IT CMS
SD1860610,Closed,CMS Interaction,UOMS,Mobile,3/9/2026 23:51,3/10/2026 2:35,69130,69130,ITCMS,IT CMS
SD1860611,Closed,CMS Interaction,UOMS,Mobile,3/10/2026 0:30,3/10/2026 5:24,05766431,05766431,ITCMS,IT CMS
SD1860615,Closed,CMS Interaction,CRM,No Data Found,3/10/2026 3:56,3/11/2026 4:37,70141,70141,Escalated Tickets ,BSS RTCS
SD1860616,Closed,CMS Interaction,Pending Order,MPLS order,3/10/2026 4:01,3/12/2026 10:33,scheduledAction,95809,Activation Support,Activation Support
SD1860617,Closed,CMS Interaction,Pending Order,MPLS order,3/10/2026 4:01,3/15/2026 9:27,scheduledAction,95809,Activation Support,Activation Support
SD1860618,Closed,CMS Interaction,Pending Order,MPLS order,3/10/2026 4:01,3/10/2026 4:04,scheduledAction,scheduledAction,Activation Support,Activation Support
SD1860619,Closed,CMS Interaction,Pending Order,MPLS order,3/10/2026 4:01,3/10/2026 10:29,scheduledAction,95809,Activation Support,Activation Support
SD1860620,Assign,CMS Interaction,Pending Order,MPLS order,3/10/2026 4:01,,,,Activation Support,Activation Support
SD1860621,Closed,CMS Interaction,Pending Order,MPLS order,3/10/2026 4:01,3/10/2026 4:04,scheduledAction,scheduledAction,Activation Support,Activation Support
SD1860622,Closed,CMS Interaction,Pending Order,MPLS order,3/10/2026 4:01,3/10/2026 4:04,scheduledAction,scheduledAction,Activation Support,Activation Support
SD1860623,Closed,CMS Interaction,Pending Order,MPLS order,3/10/2026 4:02,3/11/2026 18:42,scheduledAction,95809,Activation Support,Activation Support
SD1860624,Closed,CMS Interaction,Pending Order,MPLS order,3/10/2026 4:02,3/11/2026 10:48,scheduledAction,95809,Activation Support,Activation Support
SD1860625,Assign,CMS Interaction,Pending Order,MPLS order,3/10/2026 4:02,,,,Activation Support,Activation Support
SD1860626,Closed,CMS Interaction,Pending Order,MPLS order,3/10/2026 4:02,3/10/2026 6:27,scheduledAction,95809,Activation Support,Activation Support
SD1860627,Closed,CMS Interaction,Pending Order,MPLS order,3/10/2026 4:02,3/24/2026 11:57,scheduledAction,95809,Activation Support,Activation Support
SD1860628,Closed,CMS Interaction,Pending Order,MPLS order,3/10/2026 4:02,3/10/2026 4:29,scheduledAction,95809,Activation Support,Activation Support
SD1860629,Closed,CMS Interaction,Pending Order,MPLS order,3/10/2026 4:02,3/10/2026 4:04,scheduledAction,95809,Activation Support,Activation Support
SD1860630,Closed,CMS Interaction,Pending Order,MPLS order,3/10/2026 4:02,3/26/2026 13:12,scheduledAction,95809,Activation Support,Activation Support
SD1860631,Closed,CMS Interaction,Pending Order,MPLS order,3/10/2026 4:02,3/16/2026 10:29,scheduledAction,69509,Activation Support,Activation Support
SD1860632,Closed,CMS Interaction,Pending Order,MPLS order,3/10/2026 4:02,4/5/2026 8:46,scheduledAction,scheduledAction,Activation Support,Activation Support
SD1860633,Closed,CMS Interaction,Pending Order,MPLS order,3/10/2026 4:02,3/10/2026 4:04,scheduledAction,scheduledAction,Activation Support,Activation Support
SD1860634,Closed,CMS Interaction,Pending Order,MPLS order,3/10/2026 4:02,3/15/2026 12:23,scheduledAction,69509,Activation Support,Activation Support
SD1860635,Closed,CMS Interaction,Pending Order,MPLS order,3/10/2026 4:03,3/10/2026 4:04,scheduledAction,scheduledAction,Activation Support,Activation Support
SD1860636,Closed,CMS Interaction,Pending Order,MPLS order,3/10/2026 4:03,3/10/2026 4:04,scheduledAction,scheduledAction,Activation Support,Activation Support
SD1860637,Closed,CMS Interaction,Pending Order,MPLS order,3/10/2026 4:03,3/12/2026 8:12,scheduledAction,69509,Activation Support,Activation Support
SD1860638,Closed,CMS Interaction,Pending Order,MPLS order,3/10/2026 4:03,3/10/2026 5:30,scheduledAction,95809,Activation Support,Activation Support
SD1860639,Closed,CMS Interaction,Pending Order,MPLS order,3/10/2026 4:03,3/10/2026 4:22,scheduledAction,95809,Activation Support,Activation Support
SD1860640,Closed,CMS Interaction,Pending Order,MPLS order,3/10/2026 4:03,3/10/2026 13:18,scheduledAction,95809,Activation Support,Activation Support
SD1860641,In Progress,CMS Interaction,Pending Order,MPLS order,3/10/2026 4:03,,,12064,Activation Support,Activation Support
SD1860642,Assign,CMS Interaction,Pending Order,MPLS order,3/10/2026 4:03,,,,Activation Support,Activation Support
SD1860643,Closed,CMS Interaction,Pending Order,MPLS order,3/10/2026 4:03,3/24/2026 10:26,scheduledAction,69509,Activation Support,Activation Support
SD1860645,Closed,CMS Interaction,Pending Order,MPLS order,3/10/2026 4:03,3/10/2026 4:32,scheduledAction,scheduledAction,Activation Support,Activation Support
SD1860646,Closed,CMS Interaction,Pending Order,MPLS order,3/10/2026 4:03,3/10/2026 4:32,scheduledAction,scheduledAction,Activation Support,Activation Support
SD1860647,Closed,CMS Interaction,Pending Order,MPLS order,3/10/2026 4:04,3/10/2026 4:33,scheduledAction,scheduledAction,Activation Support,Activation Support
SD1860648,Closed,CMS Interaction,Pending Order,MPLS order,3/10/2026 4:04,3/11/2026 8:48,scheduledAction,12064,Activation Support,Activation Support
SD1860649,Closed,CMS Interaction,Pending Order,MPLS order,3/10/2026 4:04,3/10/2026 4:33,scheduledAction,scheduledAction,Activation Support,Activation Support
SD1860650,Closed,CMS Interaction,Pending Order,MPLS order,3/10/2026 4:04,3/16/2026 10:29,scheduledAction,69509,Activation Support,Activation Support
SD1860651,Closed,CMS Interaction,Pending Order,MPLS order,3/10/2026 4:04,3/17/2026 9:12,scheduledAction,69509,Activation Support,Activation Support
SD1860652,Closed,CMS Interaction,Pending Order,MPLS order,3/10/2026 4:04,3/11/2026 7:19,scheduledAction,68523,Activation Support,Activation Support
SD1860653,Closed,CMS Interaction,Pending Order,MPLS order,3/10/2026 4:04,3/10/2026 4:33,scheduledAction,scheduledAction,Activation Support,Activation Support
SD1860654,Assign,CMS Interaction,Pending Order,MPLS order,3/10/2026 4:04,,,,Activation Support,Activation Support
SD1860655,Closed,CMS Interaction,Pending Order,MPLS order,3/10/2026 4:04,3/10/2026 22:16,scheduledAction,95809,Activation Support,Activation Support
SD1860656,Closed,CMS Interaction,Pending Order,MPLS order,3/10/2026 4:04,3/18/2026 6:51,scheduledAction,69509,Activation Support,Activation Support
SD1860657,Closed,CMS Interaction,Pending Order,MPLS order,3/10/2026 4:04,3/17/2026 11:44,scheduledAction,95809,Activation Support,Activation Support
SD1860658,Closed,CMS Interaction,Pending Order,MPLS order,3/10/2026 4:04,4/5/2026 4:04,scheduledAction,69509,Activation Support,Activation Support
SD1860659,Assign,CMS Interaction,Pending Order,MPLS order,3/10/2026 4:05,,,,Activation Support,Activation Support
SD1860660,Closed,CMS Interaction,Pending Order,MPLS order,3/10/2026 4:05,3/16/2026 8:02,scheduledAction,69509,Activation Support,Activation Support
SD1860661,Closed,CMS Interaction,Pending Order,Fesibility Check Failure,3/10/2026 4:24,3/10/2026 5:08,05766431,05766431,ITCMS,IT CMS
SD1860663,Closed,CMS Interaction,Pending Order,Fixed Voic and Data,3/10/2026 4:31,3/10/2026 7:32,scheduledAction,19715928,Escalated Tickets ,ARBOR SUPPORT
SD1860664,Closed,CMS Interaction,BIP Billing,Report,3/10/2026 4:35,3/10/2026 5:23,05766431,05766431,ITCMS,IT CMS
SD1860666,Closed,CMS Interaction,CRM,Other,3/10/2026 4:54,3/23/2026 10:29,X6410019,Q511636,Escalated Tickets ,BSS CRM
SD1860668,Closed,CMS Interaction,BIP Billing,Bill Issue,3/10/2026 5:04,3/12/2026 6:30,19715928,19715928,Escalated Tickets ,ARBOR SUPPORT
SD1860670,Closed,CMS Interaction,CRM,Realize Number Issue,3/10/2026 5:05,3/10/2026 5:10,05766431,05766431,ITCMS,IT CMS
SD1860676,Closed,CMS Interaction,CRM,Realize Number Issue,3/10/2026 5:19,3/10/2026 11:35,70699048,69758,Escalated Tickets ,ARBOR SUPPORT
SD1860678,Closed,CMS Interaction,Pending Order,Fixed Voic and Data,3/10/2026 5:27,3/10/2026 5:43,11125603,11125603,ITCMS,IT CMS
SD1860679,Closed,CMS Interaction,BIP Billing,Plan Penalty Suppress,3/10/2026 5:31,3/10/2026 6:11,J2226589,J2226589,Escalated Tickets ,BIP Billing
SD1860680,Closed,CMS Interaction,CRM,Other,3/10/2026 5:31,3/10/2026 6:01,S630048,S630048,Escalated Tickets ,ARBOR SUPPORT
SD1860681,Closed,CMS Interaction,CRM,No Data Found,3/10/2026 5:32,3/15/2026 8:03,Q511636,Q511636,Escalated Tickets ,BSS CRM
SD1860686,Closed,CMS Interaction,Pending Order,Mobile Postpaid,3/10/2026 5:35,3/17/2026 12:10,scheduledAction,70002,Escalated Tickets ,OSS Mediation Support
SD1860688,Closed,CMS Interaction,Preorder Issue,Invalid Data,3/10/2026 5:40,3/10/2026 11:30,70699048,69840,Escalated Tickets ,ARBOR SUPPORT
SD1860692,Closed,CMS Interaction,CRM,Other,3/10/2026 5:49,3/10/2026 8:58,69566,69566,ITCMS,IT CMS
SD1860694,Closed,CMS Interaction,UOMS,Mobile,3/10/2026 5:53,3/10/2026 6:05,11125603,11125603,ITCMS,IT CMS
SD1860697,Closed,CMS Interaction,RTCS,Data Usage,3/10/2026 6:04,3/11/2026 4:45,70141,70141,Escalated Tickets ,BSS RTCS
SD1860699,Closed,CMS Interaction,UOMS,Mobile,3/10/2026 6:06,3/10/2026 7:22,11125603,11125603,ITCMS,IT CMS
SD1860700,Closed,CMS Interaction,CRM,Other,3/10/2026 6:07,3/10/2026 7:06,19715928,19715928,Escalated Tickets ,ARBOR SUPPORT
SD1860702,Closed,CMS Interaction,Pending Order,Fixed Voic and Data,3/10/2026 6:10,3/10/2026 6:33,11125603,11125603,ITCMS,IT CMS
SD1860703,Closed,CMS Interaction,Pending Order,Fesibility Check Failure,3/10/2026 6:13,3/10/2026 8:18,71009,71009,Escalated Tickets ,OSS Mediation Support
SD1860705,Closed,CMS Interaction,CRM,No Data Found,3/10/2026 6:15,3/10/2026 11:28,70699048,69758,Escalated Tickets ,ARBOR SUPPORT
SD1860706,Closed,CMS Interaction,UOMS,Mobile,3/10/2026 6:17,3/11/2026 6:08,11125603,11125603,ITCMS,IT CMS
SD1860707,Closed,CMS Interaction,POS and CMA,Reversal,3/10/2026 6:18,3/15/2026 7:53,Q511636,Q511636,Escalated Tickets ,BSS CRM
SD1860708,Closed,CMS Interaction,UOMS,Connectivity Solutions,3/10/2026 6:21,3/10/2026 7:11,S630048,S630048,Escalated Tickets ,ARBOR SUPPORT
SD1860710,Closed,CMS Interaction,Preorder Issue,System Error,3/10/2026 6:22,3/11/2026 6:10,11125603,11125603,ITCMS,IT CMS
SD1860713,Closed,CMS Interaction,Preorder Issue,Invalid Data,3/10/2026 6:24,3/15/2026 8:00,Q511636,Q511636,Escalated Tickets ,BSS CRM
SD1860714,Closed,CMS Interaction,BIP Billing,BIP Order Isuse,3/10/2026 6:24,3/10/2026 10:37,J2226589,J2226589,Escalated Tickets ,BIP Billing
SD1860717,Closed,CMS Interaction,Pending Order,Mobile Postpaid,3/10/2026 6:35,3/17/2026 12:07,S630048,S630048,Escalated Tickets ,ARBOR SUPPORT
SD1860721,Closed,CMS Interaction,ITA,ITA,3/10/2026 6:39,3/11/2026 6:22,19715928,19715928,Escalated Tickets ,ARBOR SUPPORT
SD1860725,Closed,CMS Interaction,UOMS,Fixed Voic and Data,3/10/2026 6:42,3/12/2026 5:50,19715928,19715928,Escalated Tickets ,ARBOR SUPPORT
SD1860729,Closed,CMS Interaction,UOMS,Mobile,3/10/2026 6:43,3/10/2026 10:55,J2226589,J2226589,Escalated Tickets ,BIP Billing
SD1860730,Closed,CMS Interaction,Pending Order,Fixed Voic and Data,3/10/2026 6:44,3/10/2026 7:40,05766431,05766431,ITCMS,IT CMS
SD1860731,Closed,CMS Interaction,CRM,Other,3/10/2026 6:46,3/10/2026 6:52,05766431,05766431,ITCMS,IT CMS
SD1860732,Closed,CMS Interaction,Pending Order,Mobile Postpaid,3/10/2026 6:46,3/15/2026 7:50,Q511636,Q511636,Escalated Tickets ,BSS CRM
SD1860733,Closed,CMS Interaction,Pending Order,Fixed Voic and Data,3/10/2026 6:47,3/15/2026 9:27,LR1995699,LR1995699,Escalated Tickets ,NEP Support
SD1860737,Closed,CMS Interaction,Pending Order,Mobile Postpaid,3/10/2026 6:52,3/10/2026 7:28,11125603,11125603,ITCMS,IT CMS
SD1860740,Closed,CMS Interaction,UOMS,Mobile,3/10/2026 6:59,3/10/2026 10:39,05766431,05766431,ITCMS,IT CMS
SD1860741,Closed,CMS Interaction,BIP Billing,Others,3/10/2026 7:00,3/10/2026 11:27,70699048,69840,Escalated Tickets ,ARBOR SUPPORT
SD1860742,Closed,CMS Interaction,RTCS,Data Usage,3/10/2026 7:01,3/10/2026 9:07,11125603,11125603,ITCMS,IT CMS
SD1860747,Closed,CMS Interaction,CRM,No Data Found,3/10/2026 7:10,3/15/2026 10:14,19715928,19715928,Escalated Tickets ,ARBOR SUPPORT
SD1860748,Closed,CMS Interaction,Pending Order,Mobile Postpaid,3/10/2026 7:11,3/10/2026 7:31,11125603,11125603,ITCMS,IT CMS
SD1860752,Closed,CMS Interaction,UOMS,HBB,3/10/2026 7:14,3/10/2026 7:32,11125603,11125603,ITCMS,IT CMS
SD1860763,Closed,CMS Interaction,RTCS,Short code and SMS,3/10/2026 7:24,3/11/2026 6:18,22674,22674,Escalated Tickets ,BSS RTCS
SD1860764,Closed,CMS Interaction,Pending Order,Mobile Prepaid,3/10/2026 7:24,3/10/2026 10:22,Q511636,Q511636,Escalated Tickets ,BSS CRM
SD1860766,Closed,CMS Interaction,Pending Order,Mobile Postpaid,3/10/2026 7:25,3/10/2026 7:32,scheduledAction,11125603,ITCMS,IT CMS
SD1860772,Closed,CMS Interaction,UOMS,Mobile,3/10/2026 7:28,3/10/2026 7:35,11125603,11125603,ITCMS,IT CMS
SD1860774,Closed,CMS Interaction,RTCS,Short code and SMS,3/10/2026 7:29,3/11/2026 8:46,05766431,05766431,ITCMS,IT CMS
SD1860776,Closed,CMS Interaction,Pending Order,Mobile Prepaid,3/10/2026 7:29,3/10/2026 7:36,05766431,05766431,ITCMS,IT CMS
SD1860777,Closed,CMS Interaction,Pending Order,Mobile Prepaid,3/10/2026 7:30,3/10/2026 7:36,05766431,05766431,ITCMS,IT CMS
SD1860780,Closed,CMS Interaction,Pending Order,Mobile Postpaid,3/10/2026 7:31,3/10/2026 7:35,05766431,05766431,ITCMS,IT CMS
SD1860792,Closed,CMS Interaction,BIP Billing,BIP Order Isuse,3/10/2026 7:39,3/17/2026 12:13,S630048,S630048,Escalated Tickets ,ARBOR SUPPORT
SD1860800,Closed,CMS Interaction,Pending Order,Fixed Voic and Data,3/10/2026 7:46,3/10/2026 7:48,05766431,05766431,ITCMS,IT CMS
SD1860801,Closed,CMS Interaction,BIP Billing,Bill Amount Mismatch,3/10/2026 7:54,3/15/2026 5:28,J2226589,J2226589,Escalated Tickets ,BIP Billing
SD1860802,Closed,CMS Interaction,Pending Order,Fixed Voic and Data,3/10/2026 7:48,3/10/2026 7:50,05766431,05766431,ITCMS,IT CMS
SD1860806,Closed,CMS Interaction,Pending Order,Fixed Voic and Data,3/10/2026 7:53,3/10/2026 10:40,05766431,05766431,ITCMS,IT CMS
SD1860809,Closed,CMS Interaction,RTCS,Short code and SMS,3/10/2026 7:59,3/13/2026 0:18,69566,69566,ITCMS,IT CMS
SD1860815,Closed,CMS Interaction,POS and CMA,Reversal,3/10/2026 8:03,3/11/2026 7:03,11125603,11125603,ITCMS,IT CMS
SD1860824,Closed,CMS Interaction,RTCS,Short code and SMS,3/10/2026 8:09,3/10/2026 8:19,69470,69470,ITCMS,IT CMS
SD1860826,Closed,CMS Interaction,Pending Order,ITA order,3/10/2026 8:10,3/10/2026 8:17,69470,69470,ITCMS,IT CMS
SD1860827,Closed,CMS Interaction,Pending Order,Fixed Voic and Data,3/10/2026 8:10,3/10/2026 8:16,69517,69517,ITCMS,IT CMS
SD1860834,Open,CMS Interaction,Pending Order,Fixed Voic and Data,3/10/2026 8:16,,,70699048,Escalated Tickets ,BSS Interface
SD1860836,Closed,CMS Interaction,CRM,Other,3/10/2026 8:16,3/15/2026 8:22,Q511636,Q511636,Escalated Tickets ,BSS CRM
SD1860838,Closed,CMS Interaction,Pending Order,Fesibility Check Failure,3/10/2026 8:21,3/10/2026 9:29,W0213873,8.54905E+11,Escalated Tickets ,NEP Support
SD1860839,Closed,CMS Interaction,RTCS,Short code and SMS,3/10/2026 8:22,3/11/2026 7:03,11125603,11125603,ITCMS,IT CMS
SD1860841,Closed,CMS Interaction,Pending Order,Fixed Voic and Data,3/10/2026 8:24,3/13/2026 0:22,69566,69566,ITCMS,IT CMS
SD1860842,Closed,CMS Interaction,Pending Order,RTCS Failure,3/10/2026 8:25,3/11/2026 9:15,71009,71009,Escalated Tickets ,OSS Mediation Support
SD1860844,Closed,CMS Interaction,Pending Order,Fixed Voic and Data,3/10/2026 8:28,3/10/2026 11:15,70699048,12349939,Escalated Tickets ,ARBOR SUPPORT
SD1860845,Closed,CMS Interaction,Pending Order,Fixed Voic and Data,3/10/2026 8:28,3/10/2026 8:38,05766431,05766431,ITCMS,IT CMS
SD1860846,Closed,CMS Interaction,CRM,Other,3/10/2026 8:29,3/11/2026 8:48,71009,71009,Escalated Tickets ,OSS Mediation Support
SD1860847,Closed,CMS Interaction,ITA,ITA,3/10/2026 8:30,3/10/2026 11:45,69566,69566,ITCMS,IT CMS
SD1860848,Closed,CMS Interaction,CRM,Other,3/10/2026 8:31,3/10/2026 8:42,69470,69470,ITCMS,IT CMS
SD1860849,Closed,CMS Interaction,UOMS,Mobile,3/10/2026 8:33,3/10/2026 8:35,05766431,05766431,ITCMS,IT CMS
SD1860850,Closed,CMS Interaction,Pending Order,Fixed Voic and Data,3/10/2026 8:33,3/11/2026 10:24,70699048,70699048,Escalated Tickets ,BSS Interface
SD1860851,Closed,CMS Interaction,Pending Order,Fesibility Check Failure,3/10/2026 8:33,3/10/2026 9:28,W0213873,8.54905E+11,Escalated Tickets ,NEP Support
SD1860852,Closed,CMS Interaction,Pending Order,Fixed Voic and Data,3/10/2026 8:36,3/10/2026 11:44,69566,69566,ITCMS,IT CMS
SD1860857,Closed,CMS Interaction,Pending Order,Mobile Postpaid,3/10/2026 8:37,3/14/2026 13:58,scheduledAction,71009,Escalated Tickets ,OSS Mediation Support
SD1860858,Closed,CMS Interaction,Preorder Issue,Others,3/10/2026 8:37,3/12/2026 6:27,19715928,19715928,Escalated Tickets ,ARBOR SUPPORT
SD1860864,Closed,CMS Interaction,CRM,Realize Number Issue,3/10/2026 8:49,3/10/2026 11:41,69566,69566,ITCMS,IT CMS
SD1860865,Closed,CMS Interaction,Pending Order,Mobile Postpaid,3/10/2026 8:50,3/10/2026 8:53,69470,69470,ITCMS,IT CMS
SD1860866,Closed,CMS Interaction,Pending Order,Fixed Voic and Data,3/10/2026 8:52,3/17/2026 12:33,S630048,S630048,Escalated Tickets ,ARBOR SUPPORT
SD1860868,Closed,CMS Interaction,BIP Billing,Bill Issue,3/10/2026 8:52,3/17/2026 12:08,S5801880,S5801880,Escalated Tickets ,BIP Billing
SD1860870,Closed,CMS Interaction,Pending Order,Fixed Voic and Data,3/10/2026 8:54,3/10/2026 9:01,69566,69566,ITCMS,IT CMS
SD1860872,Closed,CMS Interaction,Pending Order,Fixed Voic and Data,3/10/2026 9:01,3/10/2026 9:53,05766431,05766431,ITCMS,IT CMS
SD1860879,Closed,CMS Interaction,Pending Order,BIP Failure,3/10/2026 9:05,3/10/2026 9:29,scheduledAction,scheduledAction,ITCMS,IT CMS
SD1860880,Closed,CMS Interaction,CRM,Other,3/10/2026 9:04,3/15/2026 12:44,X6410019,X6410019,Escalated Tickets ,BSS CRM
SD1860884,Closed,CMS Interaction,RTCS,Short code and SMS,3/10/2026 9:05,3/10/2026 10:39,69470,69470,ITCMS,IT CMS
SD1860887,Closed,CMS Interaction,Pending Order,BIP Failure,3/10/2026 9:07,3/10/2026 9:29,scheduledAction,scheduledAction,ITCMS,IT CMS
SD1860888,Closed,CMS Interaction,Pending Order,Mobile Postpaid,3/10/2026 9:07,3/10/2026 10:05,71009,71009,Escalated Tickets ,OSS Mediation Support
SD1860893,Closed,CMS Interaction,Pending Order,Fixed Voic and Data,3/10/2026 9:10,3/10/2026 9:53,69496,69496,ITCMS,IT CMS
SD1860897,Closed,CMS Interaction,UOMS,Mobile,3/10/2026 9:13,3/24/2026 5:25,69027,69027,VAS,VAS
SD1860901,Closed,CMS Interaction,CRM,Realize Number Issue,3/10/2026 9:22,3/17/2026 12:34,S630048,S630048,Escalated Tickets ,ARBOR SUPPORT
SD1860903,Closed,CMS Interaction,CRM,Other,3/10/2026 9:24,3/10/2026 10:26,69130,69130,ITCMS,IT CMS
SD1860904,Closed,CMS Interaction,CRM,Other,3/10/2026 9:24,3/15/2026 7:27,Q511636,Q511636,Escalated Tickets ,BSS CRM
SD1860907,Closed,CMS Interaction,Pending Order,Mobile Postpaid,3/10/2026 9:28,3/10/2026 9:49,05766431,05766431,ITCMS,IT CMS
SD1860910,Closed,CMS Interaction,Pending Order,Mobile Postpaid,3/10/2026 9:32,3/10/2026 9:40,69566,69566,ITCMS,IT CMS
SD1860914,Closed,CMS Interaction,BIP Billing,Bill Issue,3/10/2026 9:39,3/11/2026 5:56,J2226589,J2226589,Escalated Tickets ,BIP Billing
SD1860917,Closed,CMS Interaction,CRM,Other,3/10/2026 9:42,3/10/2026 9:43,69566,69566,ITCMS,IT CMS
SD1860920,Closed,CMS Interaction,CRM,Other,3/10/2026 9:43,3/10/2026 9:45,69566,69566,ITCMS,IT CMS
SD1860922,Closed,CMS Interaction,Pending Order,Fixed Voic and Data,3/10/2026 9:48,3/13/2026 0:31,69566,69566,ITCMS,IT CMS
SD1860923,Closed,CMS Interaction,CRM,Other,3/10/2026 9:48,3/10/2026 9:50,05766431,05766431,ITCMS,IT CMS
SD1860926,Closed,CMS Interaction,Pending Order,RTCS Failure,3/10/2026 9:53,3/10/2026 10:10,71009,71009,Escalated Tickets ,OSS Mediation Support
SD1860927,Closed,CMS Interaction,BIP Billing,Bill Issue,3/10/2026 9:53,3/17/2026 4:45,69517,69517,ITCMS,IT CMS
SD1860928,Closed,CMS Interaction,Pending Order,Fixed Voic and Data,3/10/2026 9:53,3/16/2026 6:54,19715928,19715928,Escalated Tickets ,ARBOR SUPPORT
SD1860930,Closed,CMS Interaction,HBB User Name,User ID Inactive,3/10/2026 9:54,3/17/2026 10:46,LR1995699,LR1995699,Escalated Tickets ,NEP Support
SD1860931,Closed,CMS Interaction,CRM,Other,3/10/2026 9:55,3/10/2026 9:57,69496,69496,ITCMS,IT CMS
SD1860933,Closed,CMS Interaction,BIP Billing,Bill Issue,3/10/2026 9:59,3/12/2026 11:55,L7990290,L7990290,Escalated Tickets ,BSS iPDF
SD1860934,Closed,CMS Interaction,CRM,Other,3/10/2026 10:00,3/10/2026 10:02,05766431,05766431,ITCMS,IT CMS
SD1860935,Closed,CMS Interaction,Pending Order,Mobile Postpaid,3/10/2026 10:04,3/15/2026 7:17,Q511636,Q511636,Escalated Tickets ,BSS CRM
SD1860936,Closed,CMS Interaction,Pending Order,Fixed Voic and Data,3/10/2026 10:06,3/10/2026 10:12,05766431,05766431,ITCMS,IT CMS
SD1860939,Closed,CMS Interaction,Preorder Issue,System Error,3/10/2026 10:08,3/15/2026 3:35,19715928,19715928,Escalated Tickets ,ARBOR SUPPORT
SD1860940,Closed,CMS Interaction,Apple watch,activation,3/10/2026 10:09,3/10/2026 10:23,05766431,05766431,ITCMS,IT CMS
SD1860941,Closed,CMS Interaction,Pending Order,BIP Failure,3/10/2026 10:09,3/10/2026 10:20,69470,69470,ITCMS,IT CMS
SD1860947,Closed,CMS Interaction,UOMS,Mobile,3/10/2026 10:12,3/10/2026 10:25,69566,69566,ITCMS,IT CMS
SD1860954,Closed,CMS Interaction,Apple watch,activation,3/10/2026 10:15,3/10/2026 10:22,69566,69566,ITCMS,IT CMS
SD1860957,Closed,CMS Interaction,RTCS,Data Usage,3/10/2026 10:17,3/10/2026 10:19,69566,69566,ITCMS,IT CMS
SD1860980,Closed,CMS Interaction,Pending Order,Fixed Voic and Data,3/10/2026 10:35,3/11/2026 9:58,LR1995699,LR1995699,Escalated Tickets ,NEP Support
SD1860983,Closed,CMS Interaction,ITA,ITA,3/10/2026 10:41,3/11/2026 8:50,71009,71009,Escalated Tickets ,OSS Mediation Support
SD1860984,Closed,CMS Interaction,CRM,Other,3/10/2026 10:41,3/15/2026 6:30,X6410019,X6410019,Escalated Tickets ,BSS CRM
SD1860994,Closed,CMS Interaction,CRM,No Data Found,3/10/2026 10:51,3/10/2026 11:34,69566,69566,ITCMS,IT CMS
SD1861003,Closed,CMS Interaction,CRM,Other,3/10/2026 10:59,3/11/2026 8:45,Q511636,Q511636,Escalated Tickets ,BSS CRM
SD1861004,Closed,CMS Interaction,Pending Order,Fixed Voic and Data,3/10/2026 11:01,3/10/2026 11:05,69566,69566,ITCMS,IT CMS
SD1861010,Closed,CMS Interaction,Pending Order,Mobile Prepaid,3/10/2026 11:07,3/10/2026 11:26,69566,69566,ITCMS,IT CMS
SD1861012,Closed,CMS Interaction,RTCS,Short code and SMS,3/10/2026 11:08,3/10/2026 11:16,69566,69566,ITCMS,IT CMS
SD1861014,Closed,CMS Interaction,Pending Order,Fixed Voic and Data,3/10/2026 11:08,3/10/2026 11:13,69566,69566,ITCMS,IT CMS
SD1861017,Closed,CMS Interaction,Pending Order,Fixed Voic and Data,3/10/2026 11:16,3/17/2026 7:44,19715928,19715928,Escalated Tickets ,ARBOR SUPPORT
SD1861020,Closed,CMS Interaction,Pending Order,Fixed Voic and Data,3/10/2026 11:22,3/10/2026 11:29,69566,69566,ITCMS,IT CMS
SD1861026,Closed,CMS Interaction,Preorder Issue,Others,3/10/2026 11:29,3/10/2026 11:31,69566,69566,ITCMS,IT CMS
SD1861027,Closed,CMS Interaction,Pending Order,Mobile Postpaid,3/10/2026 11:36,3/17/2026 6:03,X6410019,X6410019,Escalated Tickets ,BSS CMA
SD1861030,Closed,CMS Interaction,Pending Order,Fixed Voic and Data,3/10/2026 11:47,3/10/2026 12:42,S630048,S630048,Escalated Tickets ,ARBOR SUPPORT
SD1861042,Closed,CMS Interaction,Pending Order,Mobile Prepaid,3/10/2026 12:03,3/10/2026 12:40,69470,69470,ITCMS,IT CMS
SD1861044,Closed,CMS Interaction,CRM,Other,3/10/2026 12:04,3/13/2026 0:34,69566,69566,ITCMS,IT CMS
SD1861049,Closed,CMS Interaction,Pending Order,Mobile Prepaid,3/10/2026 12:18,3/10/2026 12:38,69470,69470,ITCMS,IT CMS
SD1861052,Closed,CMS Interaction,UOMS,Connectivity Solutions,3/10/2026 12:28,3/10/2026 12:36,S630048,S630048,Escalated Tickets ,ARBOR SUPPORT
SD1861057,Closed,CMS Interaction,RTCS,Data Usage,3/10/2026 13:03,3/11/2026 4:04,22674,22674,Escalated Tickets ,BSS RTCS
SD1861059,Closed,CMS Interaction,UOMS,Mobile,3/10/2026 13:29,3/17/2026 12:35,S630048,S630048,Escalated Tickets ,ARBOR SUPPORT
SD1861060,Closed,CMS Interaction,RTCS,Data Usage,3/10/2026 13:58,3/11/2026 7:41,11125603,11125603,ITCMS,IT CMS
SD1861062,Closed,CMS Interaction,Pending Order,Fixed Voic and Data,3/10/2026 15:13,3/11/2026 8:50,05766431,05766431,ITCMS,IT CMS
SD1861063,Closed,CMS Interaction,Pending Order,Mobile Postpaid,3/10/2026 15:40,3/10/2026 15:50,69496,69496,ITCMS,IT CMS
SD1861064,Closed,CMS Interaction,CRM,Other,3/10/2026 15:49,3/11/2026 3:33,05766431,05766431,ITCMS,IT CMS
SD1861065,Closed,CMS Interaction,Pending Order,Fixed Voic and Data,3/10/2026 16:09,3/10/2026 17:19,37230,37230,ITCMS,IT CMS
SD1861066,Closed,CMS Interaction,Pending Order,Fixed Voic and Data,3/10/2026 16:20,3/11/2026 6:08,05766431,05766431,ITCMS,IT CMS
SD1861067,Closed,CMS Interaction,Pending Order,Mobile Prepaid,3/10/2026 16:24,3/13/2026 0:38,69566,69566,ITCMS,IT CMS
SD1861068,Closed,CMS Interaction,UOMS,Mobile,3/10/2026 16:24,3/10/2026 17:16,37230,37230,ITCMS,IT CMS
SD1861070,Closed,CMS Interaction,UOMS,Mobile,3/10/2026 16:35,3/10/2026 17:20,37230,37230,ITCMS,IT CMS
SD1861072,Closed,CMS Interaction,Pending Order,BIP Failure,3/10/2026 16:40,3/11/2026 3:28,scheduledAction,19715928,Escalated Tickets ,ARBOR SUPPORT
SD1861073,Closed,CMS Interaction,Pending Order,Fixed Voic and Data,3/10/2026 16:45,3/10/2026 17:30,37230,37230,ITCMS,IT CMS
SD1861075,Closed,CMS Interaction,Pending Order,Fixed Voic and Data,3/10/2026 16:50,3/11/2026 5:57,05766431,05766431,ITCMS,IT CMS
SD1861076,Closed,CMS Interaction,Pending Order,Fixed Voic and Data,3/10/2026 16:57,3/11/2026 6:00,05766431,05766431,ITCMS,IT CMS
SD1861077,Closed,CMS Interaction,UOMS,Mobile,3/10/2026 17:01,3/11/2026 6:52,11125603,11125603,ITCMS,IT CMS
SD1861078,Closed,CMS Interaction,UOMS,Mobile,3/10/2026 17:05,3/11/2026 8:09,71009,71009,Escalated Tickets ,OSS Mediation Support
SD1861079,Closed,CMS Interaction,CRM,CRM Down,3/10/2026 17:05,3/11/2026 7:46,11125603,11125603,ITCMS,IT CMS
SD1861080,Closed,CMS Interaction,BIP Billing,Others,3/10/2026 17:08,3/10/2026 17:14,37230,37230,ITCMS,IT CMS
SD1861081,Closed,CMS Interaction,Apple watch,activation,3/10/2026 17:12,4/5/2026 8:54,69758,69758,BSS Apple Watch,BSS Apple Watch
SD1861082,Closed,CMS Interaction,RTCS,Short code and SMS,3/10/2026 17:13,3/10/2026 17:31,37230,37230,ITCMS,IT CMS
SD1861084,Closed,CMS Interaction,CRM,CRM Down,3/10/2026 17:14,3/11/2026 7:44,11125603,11125603,ITCMS,IT CMS
SD1861085,Closed,CMS Interaction,CRM,CRM Down,3/10/2026 17:16,3/11/2026 7:43,11125603,11125603,ITCMS,IT CMS
SD1861086,Closed,CMS Interaction,CRM,CRM Down,3/10/2026 17:17,3/11/2026 7:01,11125603,11125603,ITCMS,IT CMS
SD1861087,Closed,CMS Interaction,CRM,Other,3/10/2026 17:18,3/11/2026 7:45,11125603,11125603,ITCMS,IT CMS
SD1861088,Closed,CMS Interaction,CRM,No Data Found,3/10/2026 17:20,3/11/2026 7:01,11125603,11125603,ITCMS,IT CMS
SD1861089,Closed,CMS Interaction,CRM,CRM Down,3/10/2026 17:21,3/11/2026 6:51,11125603,11125603,ITCMS,IT CMS
SD1861090,Closed,CMS Interaction,UOMS,PortOut/PortIN,3/10/2026 17:28,3/10/2026 17:33,37230,37230,ITCMS,IT CMS
SD1861091,Closed,CMS Interaction,RTCS,Data Usage,3/10/2026 17:31,3/11/2026 6:50,11125603,11125603,ITCMS,IT CMS
SD1861092,Closed,CMS Interaction,UOMS,Mobile,3/10/2026 17:34,3/10/2026 17:37,37230,37230,ITCMS,IT CMS
SD1861093,Closed,CMS Interaction,UOMS,PortOut/PortIN,3/10/2026 17:38,3/10/2026 17:41,37230,37230,ITCMS,IT CMS
SD1861094,Closed,CMS Interaction,Pending Order,Fixed Voic and Data,3/10/2026 17:44,3/10/2026 17:46,37230,37230,ITCMS,IT CMS
SD1861095,Closed,CMS Interaction,CRM,Other,3/10/2026 17:51,3/10/2026 17:53,37230,37230,ITCMS,IT CMS
SD1861096,Closed,CMS Interaction,DDMS,SMS,3/10/2026 17:53,3/16/2026 21:34,P1832151,69758,Escalated Tickets ,BSS DDMS
SD1861097,Closed,CMS Interaction,Pending Order,WFBB Order,3/10/2026 17:54,3/10/2026 17:57,37230,37230,ITCMS,IT CMS
SD1861098,Closed,CMS Interaction,RTCS,Short code and SMS,3/10/2026 17:54,3/10/2026 17:58,37230,37230,ITCMS,IT CMS
SD1861099,Closed,CMS Interaction,Pending Order,Mobile Postpaid,3/10/2026 17:56,3/10/2026 18:23,scheduledAction,69758,Escalated Tickets ,ARBOR SUPPORT
SD1861100,Closed,CMS Interaction,CRM,Other,3/10/2026 17:56,3/15/2026 9:32,LR1995699,LR1995699,Escalated Tickets ,NEP Support
SD1861101,Closed,CMS Interaction,UOMS,PortOut/PortIN,3/10/2026 18:00,3/10/2026 18:05,37230,37230,ITCMS,IT CMS
SD1861102,Closed,CMS Interaction,BIP Billing,Bill Issue,3/10/2026 18:06,3/11/2026 5:58,J2226589,J2226589,Escalated Tickets ,BIP Billing
SD1861104,Closed,CMS Interaction,UOMS,HBB,3/10/2026 18:13,3/15/2026 9:35,Q511636,Q511636,Escalated Tickets ,BSS CRM
SD1861105,Closed,CMS Interaction,UOMS,Mobile,3/10/2026 18:13,3/12/2026 13:38,69130,69130,ITCMS,IT CMS
SD1861107,Closed,CMS Interaction,BIP Billing,Bill Issue,3/10/2026 18:16,3/11/2026 5:58,J2226589,J2226589,Escalated Tickets ,BIP Billing
SD1861108,Closed,CMS Interaction,Pending Order,Mobile Postpaid,3/10/2026 18:16,3/10/2026 21:19,scheduledAction,scheduledAction,ITCMS,IT CMS
SD1861109,Closed,CMS Interaction,UOMS,Mobile,3/10/2026 18:17,3/12/2026 13:37,69130,69130,ITCMS,IT CMS
SD1861110,Closed,CMS Interaction,Pending Order,Fixed Voic and Data,3/10/2026 18:20,3/11/2026 3:31,05766431,05766431,ITCMS,IT CMS
SD1861112,Closed,CMS Interaction,UOMS,Mobile,3/10/2026 18:27,3/17/2026 12:37,S630048,S630048,Escalated Tickets ,ARBOR SUPPORT
SD1861114,Closed,CMS Interaction,Pending Order,RTCS Failure,3/10/2026 18:28,3/11/2026 3:08,69470,69470,ITCMS,IT CMS
SD1861116,Closed,CMS Interaction,Pending Order,Mobile Postpaid,3/10/2026 18:38,3/12/2026 9:57,70274,70274,Escalated Tickets ,OSS Mediation Support
SD1861117,Closed,CMS Interaction,Pending Order,Mobile Prepaid,3/10/2026 18:39,3/11/2026 3:04,69470,69470,ITCMS,IT CMS
SD1861119,Closed,CMS Interaction,Pending Order,ITA order,3/10/2026 18:40,3/10/2026 18:57,scheduledAction,scheduledAction,ITCMS,IT CMS
SD1861120,Closed,CMS Interaction,UOMS,Mobile,3/10/2026 18:52,3/13/2026 0:42,69566,69566,ITCMS,IT CMS
SD1861121,Closed,CMS Interaction,Pending Order,Fixed Voic and Data,3/10/2026 18:58,3/11/2026 3:29,05766431,05766431,ITCMS,IT CMS
SD1861122,Closed,CMS Interaction,Pending Order,Fixed Voic and Data,3/10/2026 18:59,3/11/2026 3:28,05766431,05766431,ITCMS,IT CMS
SD1861123,Closed,CMS Interaction,Pending Order,Fixed Voic and Data,3/10/2026 19:02,3/11/2026 3:27,05766431,05766431,ITCMS,IT CMS
SD1861124,Closed,CMS Interaction,Pending Order,Fixed Voic and Data,3/10/2026 19:05,3/11/2026 3:26,05766431,05766431,ITCMS,IT CMS
SD1861125,Closed,CMS Interaction,Pending Order,Fixed Voic and Data,3/10/2026 19:07,3/11/2026 3:23,05766431,05766431,ITCMS,IT CMS
SD1861126,Closed,CMS Interaction,Pending Order,Mobile Prepaid,3/10/2026 19:07,3/11/2026 3:21,05766431,05766431,ITCMS,IT CMS
SD1861127,Closed,CMS Interaction,Pending Order,Fixed Voic and Data,3/10/2026 19:09,3/11/2026 3:19,05766431,05766431,ITCMS,IT CMS
SD1861128,Closed,CMS Interaction,Pending Order,Fixed Voic and Data,3/10/2026 19:13,3/11/2026 3:17,05766431,05766431,ITCMS,IT CMS
SD1861129,Closed,CMS Interaction,Pending Order,Fixed Voic and Data,3/10/2026 19:20,3/11/2026 3:15,05766431,05766431,ITCMS,IT CMS
SD1861130,Closed,CMS Interaction,Pending Order,Fixed Voic and Data,3/10/2026 19:23,3/11/2026 3:14,05766431,05766431,ITCMS,IT CMS
SD1861131,Closed,CMS Interaction,Pending Order,Fixed Voic and Data,3/10/2026 19:31,3/11/2026 3:37,05766431,05766431,ITCMS,IT CMS
SD1861132,Closed,CMS Interaction,Pending Order,Fixed Voic and Data,3/10/2026 19:38,3/11/2026 3:13,05766431,05766431,ITCMS,IT CMS
SD1861133,Closed,CMS Interaction,Pending Order,Fixed Voic and Data,3/10/2026 19:42,3/11/2026 2:59,69470,69470,ITCMS,IT CMS
SD1861134,Closed,CMS Interaction,CRM,Other,3/10/2026 19:43,3/11/2026 8:40,05766431,05766431,ITCMS,IT CMS
SD1861135,Closed,CMS Interaction,Pending Order,Fixed Voic and Data,3/10/2026 19:46,3/11/2026 2:56,69470,69470,ITCMS,IT CMS
SD1861137,Closed,CMS Interaction,Pending Order,Mobile Postpaid,3/10/2026 19:58,3/11/2026 2:52,69470,69470,ITCMS,IT CMS
SD1861142,Closed,CMS Interaction,Pending Order,Fixed Voic and Data,3/10/2026 21:35,3/11/2026 3:07,05766431,05766431,ITCMS,IT CMS
SD1861143,Closed,CMS Interaction,RTCS,Data Usage,3/10/2026 21:48,3/11/2026 7:39,11125603,11125603,ITCMS,IT CMS
SD1861144,Closed,CMS Interaction,BIP Billing,BIP Order Isuse,3/10/2026 21:49,3/11/2026 8:39,05766431,05766431,ITCMS,IT CMS
SD1861145,Closed,CMS Interaction,Pending Order,RTCS Failure,3/10/2026 21:52,3/11/2026 7:50,scheduledAction,70266,Escalated Tickets ,OSS Mediation Support
SD1861146,Closed,CMS Interaction,Pending Order,ITA order,3/10/2026 22:18,3/11/2026 7:50,scheduledAction,z4886767,Escalated Tickets ,OSS Mediation Support
SD1861147,Closed,CMS Interaction,Pending Order,BIP Failure,3/10/2026 22:33,3/11/2026 7:50,scheduledAction,70002,Escalated Tickets ,OSS Mediation Support
SD1861148,Closed,CMS Interaction,RTCS,Short code and SMS,3/10/2026 22:39,3/11/2026 6:29,11125603,11125603,ITCMS,IT CMS
SD1861149,Closed,CMS Interaction,Pending Order,Fixed Voic and Data,3/10/2026 23:25,3/11/2026 3:03,05766431,05766431,ITCMS,IT CMS
SD1861151,Closed,CMS Interaction,DDMS,Reconnection,3/11/2026 0:18,3/16/2026 21:37,P1832151,P1832151,Escalated Tickets ,BSS DDMS
SD1861152,Closed,CMS Interaction,Pending Order,Fixed Voic and Data,3/11/2026 0:37,3/11/2026 3:01,05766431,05766431,ITCMS,IT CMS
SD1861153,Closed,CMS Interaction,Pending Order,Fixed Voic and Data,3/11/2026 0:39,3/11/2026 3:02,05766431,05766431,ITCMS,IT CMS
SD1861154,Closed,CMS Interaction,CRM,Other,3/11/2026 0:53,3/15/2026 11:15,X6410019,X6410019,Escalated Tickets ,BSS CRM
SD1861157,Closed,CMS Interaction,Pending Order,MPLS order,3/11/2026 4:01,3/12/2026 10:05,scheduledAction,95809,Activation Support,Activation Support
SD1861158,Closed,CMS Interaction,Pending Order,MPLS order,3/11/2026 4:01,3/31/2026 12:17,scheduledAction,69509,Activation Support,Activation Support
SD1861159,Closed,CMS Interaction,Pending Order,MPLS order,3/11/2026 4:01,3/30/2026 11:07,scheduledAction,scheduledAction,Activation Support,Activation Support
SD1861160,Closed,CMS Interaction,Pending Order,MPLS order,3/11/2026 4:01,3/11/2026 9:47,scheduledAction,69509,Activation Support,Activation Support
SD1861161,Assign,CMS Interaction,Pending Order,MPLS order,3/11/2026 4:01,,,,Activation Support,Activation Support
SD1861162,Closed,CMS Interaction,Pending Order,MPLS order,3/11/2026 4:01,3/11/2026 12:40,scheduledAction,34120,Activation Support,Activation Support
SD1861163,Closed,CMS Interaction,Pending Order,MPLS order,3/11/2026 4:02,3/11/2026 4:25,scheduledAction,scheduledAction,Activation Support,Activation Support
SD1861164,Closed,CMS Interaction,Pending Order,MPLS order,3/11/2026 4:02,3/16/2026 7:02,scheduledAction,34120,Activation Support,Activation Support
SD1861165,Closed,CMS Interaction,Pending Order,MPLS order,3/11/2026 4:02,3/12/2026 7:16,scheduledAction,scheduledAction,Activation Support,Activation Support
SD1861166,Closed,CMS Interaction,Pending Order,MPLS order,3/11/2026 4:02,3/31/2026 10:09,scheduledAction,68523,Activation Support,Activation Support
SD1861167,Closed,CMS Interaction,Pending Order,MPLS order,3/11/2026 4:02,4/2/2026 6:04,scheduledAction,68523,Activation Support,Activation Support
SD1861168,Closed,CMS Interaction,Pending Order,MPLS order,3/11/2026 4:02,3/16/2026 10:30,scheduledAction,69509,Activation Support,Activation Support
SD1861169,Closed,CMS Interaction,Pending Order,MPLS order,3/11/2026 4:02,3/11/2026 4:25,scheduledAction,scheduledAction,Activation Support,Activation Support
SD1861170,Closed,CMS Interaction,Pending Order,MPLS order,3/11/2026 4:02,4/2/2026 6:04,scheduledAction,68523,Activation Support,Activation Support
SD1861171,Closed,CMS Interaction,Pending Order,MPLS order,3/11/2026 4:02,4/5/2026 10:57,scheduledAction,34120,Activation Support,Activation Support
SD1861172,Closed,CMS Interaction,Pending Order,MPLS order,3/11/2026 4:02,4/6/2026 8:09,scheduledAction,68523,Activation Support,Activation Support
SD1861173,Closed,CMS Interaction,Pending Order,MPLS order,3/11/2026 4:02,3/12/2026 10:05,scheduledAction,69509,Activation Support,Activation Support
SD1861174,Closed,CMS Interaction,Pending Order,MPLS order,3/11/2026 4:03,3/25/2026 12:58,scheduledAction,95809,Activation Support,Activation Support
SD1861175,Closed,CMS Interaction,Pending Order,MPLS order,3/11/2026 4:03,3/17/2026 11:44,scheduledAction,68523,Activation Support,Activation Support
SD1861176,Closed,CMS Interaction,Pending Order,MPLS order,3/11/2026 4:03,3/11/2026 4:25,scheduledAction,scheduledAction,Activation Support,Activation Support
SD1861177,Closed,CMS Interaction,Pending Order,MPLS order,3/11/2026 4:03,3/11/2026 4:25,scheduledAction,scheduledAction,Activation Support,Activation Support
SD1861178,Closed,CMS Interaction,Pending Order,MPLS order,3/11/2026 4:03,3/16/2026 15:50,scheduledAction,69509,Activation Support,Activation Support
SD1861179,Closed,CMS Interaction,Pending Order,MPLS order,3/11/2026 4:03,3/11/2026 5:52,scheduledAction,scheduledAction,Activation Support,Activation Support
SD1861180,Closed,CMS Interaction,Pending Order,MPLS order,3/11/2026 4:03,3/16/2026 7:47,scheduledAction,69509,Activation Support,Activation Support
SD1861181,Closed,CMS Interaction,Pending Order,MPLS order,3/11/2026 4:03,3/11/2026 4:25,scheduledAction,68523,Activation Support,Activation Support
SD1861182,Closed,CMS Interaction,Pending Order,MPLS order,3/11/2026 4:03,3/11/2026 4:25,scheduledAction,68523,Activation Support,Activation Support
SD1861183,Closed,CMS Interaction,RTCS,Short code and SMS,3/11/2026 4:28,3/11/2026 6:28,11125603,11125603,ITCMS,IT CMS
SD1861184,Closed,CMS Interaction,Pending Order,Fixed Voic and Data,3/11/2026 4:31,3/11/2026 6:27,11125603,11125603,ITCMS,IT CMS
SD1861185,Closed,CMS Interaction,BIP Billing,Bill Issue,3/11/2026 4:54,3/11/2026 8:13,L7990290,L7990290,Escalated Tickets ,BSS iPDF
SD1861187,Closed,CMS Interaction,BIP Billing,Bill Issue,3/11/2026 4:58,3/11/2026 8:15,L7990290,L7990290,Escalated Tickets ,BSS iPDF
SD1861189,Closed,CMS Interaction,Pending Order,RTCS Failure,3/11/2026 5:11,3/11/2026 7:50,scheduledAction,69517,ITCMS,IT CMS
SD1861190,Closed,CMS Interaction,Pending Order,Fixed Voic and Data,3/11/2026 5:14,3/11/2026 6:25,11125603,11125603,ITCMS,IT CMS
SD1861191,Closed,CMS Interaction,Pending Order,Fixed Voic and Data,3/11/2026 5:23,3/11/2026 6:22,11125603,11125603,ITCMS,IT CMS
SD1861194,Closed,CMS Interaction,Pending Order,Mobile Postpaid,3/11/2026 5:28,3/12/2026 8:50,19715928,19715928,Escalated Tickets ,ARBOR SUPPORT
SD1861197,Closed,CMS Interaction,BIP Billing,Commitment,3/11/2026 5:33,3/11/2026 6:13,J2226589,J2226589,Escalated Tickets ,BIP Billing
SD1861198,Closed,CMS Interaction,Pending Order,Mobile Postpaid,3/11/2026 5:34,3/11/2026 6:49,71009,71009,Escalated Tickets ,OSS Mediation Support
SD1861200,Closed,CMS Interaction,Pending Order,Mobile Postpaid,3/11/2026 5:36,3/11/2026 6:18,11125603,11125603,ITCMS,IT CMS
SD1861202,Closed,CMS Interaction,CRM,Other,3/11/2026 5:38,3/11/2026 6:47,71009,71009,Escalated Tickets ,OSS Mediation Support
SD1861204,Closed,CMS Interaction,Pending Order,Mobile Postpaid,3/11/2026 5:44,3/11/2026 6:10,69517,69517,ITCMS,IT CMS
SD1861205,Closed,CMS Interaction,RTCS,Data Usage,3/11/2026 5:46,3/11/2026 7:40,11125603,11125603,ITCMS,IT CMS
SD1861207,Closed,CMS Interaction,UOMS,Mobile,3/11/2026 5:46,3/11/2026 8:39,05766431,05766431,ITCMS,IT CMS
SD1861209,Closed,CMS Interaction,UOMS,Mobile,3/11/2026 5:47,3/11/2026 6:03,11125603,11125603,ITCMS,IT CMS
SD1861210,Closed,CMS Interaction,Pending Order,BIP Failure,3/11/2026 5:47,3/11/2026 7:50,scheduledAction,11125603,ITCMS,IT CMS
SD1861211,Closed,CMS Interaction,CRM,Other,3/11/2026 5:52,3/11/2026 7:42,11125603,11125603,ITCMS,IT CMS
SD1861215,Closed,CMS Interaction,Pending Order,WFBB Order,3/11/2026 5:56,3/11/2026 6:48,05766431,05766431,ITCMS,IT CMS
SD1861217,Open,CMS Interaction,Pending Order,Fixed Voic and Data,3/11/2026 5:59,,,,Escalated Tickets ,Unified Back Office Team
SD1861219,Closed,CMS Interaction,Pending Order,BIP Failure,3/11/2026 6:00,3/11/2026 8:48,scheduledAction,S5801880,Escalated Tickets ,BSS LMS
SD1861221,Closed,CMS Interaction,UOMS,Mobile,3/11/2026 6:00,3/11/2026 7:38,11125603,11125603,ITCMS,IT CMS
SD1861223,Closed,CMS Interaction,CRM,Other,3/11/2026 6:02,3/11/2026 6:16,05766431,05766431,ITCMS,IT CMS
SD1861226,Closed,CMS Interaction,Pending Order,Fixed Voic and Data,3/11/2026 6:06,3/11/2026 6:15,05766431,05766431,ITCMS,IT CMS
SD1861227,Closed,CMS Interaction,CRM,Other,3/11/2026 6:07,3/11/2026 6:42,05766431,05766431,ITCMS,IT CMS
SD1861229,Closed,CMS Interaction,Pending Order,Mobile Postpaid,3/11/2026 6:08,3/11/2026 6:10,05766431,05766431,ITCMS,IT CMS
SD1861231,Closed,CMS Interaction,CRM,No Data Found,3/11/2026 6:14,3/15/2026 9:44,Q511636,Q511636,Escalated Tickets ,BSS CRM
SD1861233,Closed,CMS Interaction,Pending Order,Mobile Prepaid,3/11/2026 6:15,3/11/2026 6:37,05766431,05766431,ITCMS,IT CMS
SD1861234,Closed,CMS Interaction,Pending Order,WFBB Order,3/11/2026 6:15,3/11/2026 6:29,05766431,05766431,ITCMS,IT CMS
SD1861235,Closed,CMS Interaction,CRM,Other,3/11/2026 6:16,3/11/2026 7:50,S630048,S630048,Escalated Tickets ,ARBOR SUPPORT
SD1861238,Closed,CMS Interaction,CRM,Other,3/11/2026 6:22,3/15/2026 3:48,19715928,19715928,Escalated Tickets ,ARBOR SUPPORT
SD1861239,Closed,CMS Interaction,Pending Order,Mobile Prepaid,3/11/2026 6:23,3/11/2026 6:51,scheduledAction,scheduledAction,ITCMS,IT CMS
SD1861240,Closed,CMS Interaction,UOMS,Mobile,3/11/2026 6:23,3/11/2026 7:00,05766431,05766431,ITCMS,IT CMS
SD1861244,Closed,CMS Interaction,Pending Order,Fixed Voic and Data,3/11/2026 6:28,3/11/2026 6:33,05766431,05766431,ITCMS,IT CMS
SD1861249,Closed,CMS Interaction,Pending Order,Mobile Postpaid,3/11/2026 6:35,3/11/2026 6:46,69496,69496,ITCMS,IT CMS
SD1861250,Closed,CMS Interaction,UOMS,Mobile,3/11/2026 6:38,3/11/2026 6:57,69496,69496,ITCMS,IT CMS
SD1861255,Closed,CMS Interaction,Pending Order,Fixed Voic and Data,3/11/2026 6:42,3/11/2026 6:47,05766431,05766431,ITCMS,IT CMS
SD1861256,Closed,CMS Interaction,Pending Order,BIP Failure,3/11/2026 6:42,3/11/2026 7:50,scheduledAction,Z6302499,Escalated Tickets ,OSS Mediation Support
SD1861257,Closed,CMS Interaction,CRM,Other,3/11/2026 6:43,3/11/2026 7:24,11125603,11125603,ITCMS,IT CMS
SD1861258,Closed,CMS Interaction,CRM,Other,3/11/2026 6:45,3/11/2026 6:53,69496,69496,ITCMS,IT CMS
SD1861259,Closed,CMS Interaction,Pending Order,Fixed Voic and Data,3/11/2026 6:46,3/11/2026 8:45,LR1995699,LR1995699,Escalated Tickets ,NEP Support
SD1861263,Closed,CMS Interaction,Pending Order,Mobile Prepaid,3/11/2026 6:49,3/11/2026 6:56,05766431,05766431,ITCMS,IT CMS
SD1861264,Closed,CMS Interaction,BIP Billing,Bill Issue,3/11/2026 6:51,3/11/2026 8:16,L7990290,L7990290,Escalated Tickets ,BSS iPDF
SD1861266,Closed,CMS Interaction,Pending Order,Fesibility Check Failure,3/11/2026 6:54,3/15/2026 9:37,LR1995699,LR1995699,Escalated Tickets ,NEP Support
SD1861268,Closed,CMS Interaction,BIP Billing,Bill Issue,3/11/2026 6:57,3/11/2026 10:47,J2226589,J2226589,Escalated Tickets ,BIP Billing
SD1861269,Closed,CMS Interaction,Pending Order,Mobile Postpaid,3/11/2026 6:58,3/11/2026 7:20,scheduledAction,69517,ITCMS,IT CMS
SD1861270,Closed,CMS Interaction,RTCS,Short code and SMS,3/11/2026 7:01,3/11/2026 7:27,11125603,11125603,ITCMS,IT CMS
SD1861276,Closed,CMS Interaction,Preorder Issue,System Error,3/11/2026 7:06,3/15/2026 4:32,19715928,19715928,Escalated Tickets ,ARBOR SUPPORT
SD1861277,Closed,CMS Interaction,Pending Order,Mobile Postpaid,3/11/2026 7:08,3/11/2026 7:45,11125603,11125603,ITCMS,IT CMS
SD1861279,Closed,CMS Interaction,CRM,Other,3/11/2026 7:09,3/11/2026 8:02,69470,69470,ITCMS,IT CMS
SD1861280,Closed,CMS Interaction,CRM,Other,3/11/2026 7:11,3/11/2026 8:13,69470,69470,ITCMS,IT CMS
SD1861281,Closed,CMS Interaction,Pending Order,Mobile Prepaid,3/11/2026 7:10,3/11/2026 8:04,71009,71009,Escalated Tickets ,OSS Mediation Support
SD1861283,Closed,CMS Interaction,Pending Order,Mobile Postpaid,3/11/2026 7:13,3/11/2026 7:50,scheduledAction,71009,Escalated Tickets ,OSS Mediation Support
SD1861288,Closed,CMS Interaction,Pending Order,Mobile Prepaid,3/11/2026 7:18,3/11/2026 8:00,69470,69470,ITCMS,IT CMS
SD1861292,Closed,CMS Interaction,CRM,Realize Number Issue,3/11/2026 7:24,3/11/2026 7:32,11125603,11125603,ITCMS,IT CMS
SD1861293,Closed,CMS Interaction,CRM,Other,3/11/2026 7:24,3/15/2026 11:17,X6410019,X6410019,Escalated Tickets ,BSS CRM
SD1861295,Closed,CMS Interaction,Pending Order,Mobile Postpaid,3/11/2026 7:26,3/11/2026 8:01,69470,69470,ITCMS,IT CMS
SD1861298,Closed,CMS Interaction,Pending Order,Mobile Prepaid,3/11/2026 7:28,3/11/2026 8:12,69470,69470,ITCMS,IT CMS
SD1861302,Closed,CMS Interaction,DDMS,Dunning,3/11/2026 7:32,3/11/2026 18:19,P1832151,P1832151,Escalated Tickets ,BSS DDMS
SD1861304,Closed,CMS Interaction,BIP Billing,Bill Issue,3/11/2026 7:36,3/11/2026 9:04,L7990290,L7990290,Escalated Tickets ,BSS iPDF
SD1861308,Closed,CMS Interaction,BIP Billing,Bill Issue,3/11/2026 7:44,3/15/2026 2:18,X6410019,X6410019,Escalated Tickets ,BSS CMA
SD1861309,Closed,CMS Interaction,Pending Order,Mobile Postpaid,3/11/2026 7:44,3/18/2026 5:46,S630048,S630048,Escalated Tickets ,ARBOR SUPPORT
SD1861310,Closed,CMS Interaction,Pending Order,RTCS Failure,3/11/2026 7:45,3/15/2026 4:35,19715928,19715928,Escalated Tickets ,ARBOR SUPPORT
SD1861314,Closed,CMS Interaction,CRM,Other,3/11/2026 7:48,3/11/2026 7:55,69470,69470,ITCMS,IT CMS
SD1861316,Closed,CMS Interaction,RTCS,Data Usage,3/11/2026 7:51,3/11/2026 13:07,69566,69566,ITCMS,IT CMS
SD1861317,Closed,CMS Interaction,UOMS,Mobile,3/11/2026 7:51,3/11/2026 7:56,69470,69470,ITCMS,IT CMS
SD1861321,Closed,CMS Interaction,Pending Order,Mobile Prepaid,3/11/2026 7:56,3/11/2026 7:57,69470,69470,ITCMS,IT CMS
SD1861324,Closed,CMS Interaction,Pending Order,Mobile Prepaid,3/11/2026 7:58,3/11/2026 8:02,69496,69496,ITCMS,IT CMS
SD1861327,Closed,CMS Interaction,Pending Order,Fixed Voic and Data,3/11/2026 8:04,3/11/2026 8:07,69470,69470,ITCMS,IT CMS
SD1861337,Closed,CMS Interaction,Pending Order,Mobile Postpaid,3/11/2026 8:13,3/11/2026 8:38,05766431,05766431,ITCMS,IT CMS
SD1861339,Closed,CMS Interaction,CRM,No Data Found,3/11/2026 8:15,3/17/2026 12:12,S5801880,S5801880,Escalated Tickets ,BSS LMS
SD1861340,Closed,CMS Interaction,RTCS,Short code and SMS,3/11/2026 8:15,3/13/2026 0:48,69566,69566,ITCMS,IT CMS
SD1861341,Closed,CMS Interaction,CRM,Other,3/11/2026 8:17,3/15/2026 11:21,X6410019,X6410019,Escalated Tickets ,BSS CRM
SD1861344,Closed,CMS Interaction,RTCS,Data Usage,3/11/2026 8:18,3/11/2026 10:40,109720587,109720587,Escalated Tickets ,BSS RTCS
SD1861345,Closed,CMS Interaction,DDMS,Dunning,3/11/2026 8:20,3/16/2026 21:38,P1832151,69758,Escalated Tickets ,BSS DDMS
SD1861346,Closed,CMS Interaction,CRM,Other,3/11/2026 8:19,3/11/2026 10:15,69566,69566,ITCMS,IT CMS
SD1861347,Closed,CMS Interaction,ITA,ITA,3/11/2026 8:20,3/11/2026 8:24,69566,69566,ITCMS,IT CMS
SD1861350,Closed,CMS Interaction,BIP Billing,Bill Issue,3/11/2026 8:27,3/11/2026 9:06,L7990290,L7990290,Escalated Tickets ,BSS iPDF
SD1861351,Closed,CMS Interaction,POS and CMA,Pending Payment,3/11/2026 8:28,3/11/2026 8:48,11125603,11125603,ITCMS,IT CMS
SD1861356,Closed,CMS Interaction,CRM,Other,3/11/2026 8:35,3/15/2026 11:22,X6410019,X6410019,Escalated Tickets ,BSS CRM
SD1861359,Closed,CMS Interaction,Pending Order,Mobile Postpaid,3/11/2026 8:41,3/15/2026 11:24,X6410019,X6410019,Escalated Tickets ,BSS CRM
SD1861363,Closed,CMS Interaction,Pending Order,Mobile Postpaid,3/11/2026 8:45,3/11/2026 8:49,69517,69517,ITCMS,IT CMS
SD1861373,Closed,CMS Interaction,RTCS,Data Usage,3/11/2026 8:58,3/11/2026 9:04,22674,22674,Escalated Tickets ,BSS RTCS
SD1861374,Closed,CMS Interaction,Pending Order,Mobile Prepaid,3/11/2026 9:00,3/15/2026 8:44,70699048,70699048,Escalated Tickets ,BSS Interface
SD1861384,Closed,CMS Interaction,RTCS,Short code and SMS,3/11/2026 9:07,3/12/2026 5:03,69496,69496,ITCMS,IT CMS
SD1861387,Closed,CMS Interaction,Pending Order,Fixed Voic and Data,3/11/2026 9:09,3/11/2026 10:01,05766431,05766431,ITCMS,IT CMS
SD1861389,Closed,CMS Interaction,RTCS,Data Usage,3/11/2026 9:12,3/11/2026 10:02,12085,12085,Escalated Tickets ,BSS RTCS
SD1861390,Closed,CMS Interaction,Pending Order,Fixed Voic and Data,3/11/2026 9:13,3/11/2026 10:00,05766431,05766431,ITCMS,IT CMS
SD1861393,Closed,CMS Interaction,Pending Order,Mobile Prepaid,3/11/2026 9:16,3/11/2026 9:47,scheduledAction,11125603,ITCMS,IT CMS
SD1861394,Closed,CMS Interaction,RTCS,Short code and SMS,3/11/2026 9:16,3/21/2026 1:57,S630048,S630048,Escalated Tickets ,ARBOR SUPPORT
SD1861395,Closed,CMS Interaction,Pending Order,MPLS order,3/11/2026 9:17,3/11/2026 10:27,69566,69566,ITCMS,IT CMS
SD1861397,Closed,CMS Interaction,Pending Order,Fixed Voic and Data,3/11/2026 9:18,3/11/2026 9:55,05766431,05766431,ITCMS,IT CMS
SD1861398,Closed,CMS Interaction,Pending Order,Mobile Postpaid,3/11/2026 9:18,3/11/2026 9:53,69496,69496,ITCMS,IT CMS
SD1861402,Closed,CMS Interaction,UOMS,Mobile,3/11/2026 9:21,3/12/2026 6:51,12085,12085,Escalated Tickets ,BSS RTCS
SD1861404,Closed,CMS Interaction,BIP Billing,Bill Issue,3/11/2026 9:22,3/11/2026 12:16,22674,22674,Escalated Tickets ,BIP Billing
SD1861405,Closed,CMS Interaction,Pending Order,Fesibility Check Failure,3/11/2026 9:23,3/11/2026 9:39,69470,69470,ITCMS,IT CMS
SD1861406,Closed,CMS Interaction,CRM,Other,3/11/2026 9:25,3/12/2026 12:32,J2226589,J2226589,Escalated Tickets ,BIP Billing
SD1861407,Closed,CMS Interaction,CRM,Other,3/11/2026 9:28,3/11/2026 10:05,69470,69470,ITCMS,IT CMS
SD1861413,Closed,CMS Interaction,POS and CMA,Reversal,3/11/2026 9:33,3/12/2026 9:11,69566,69566,ITCMS,IT CMS
SD1861417,Closed,CMS Interaction,Pending Order,Fixed Voic and Data,3/11/2026 9:36,3/11/2026 9:50,05766431,05766431,ITCMS,IT CMS
SD1861420,Closed,CMS Interaction,BIP Billing,Bill Issue,3/11/2026 9:37,3/12/2026 11:56,L7990290,L7990290,Escalated Tickets ,BSS iPDF
SD1861421,Closed,CMS Interaction,UOMS,Fixed Voic and Data,3/11/2026 9:38,3/15/2026 12:20,X6410019,X6410019,Escalated Tickets ,BSS CRM
SD1861423,Closed,CMS Interaction,Pending Order,Fixed Voic and Data,3/11/2026 9:38,3/11/2026 9:49,05766431,05766431,ITCMS,IT CMS
SD1861425,Closed,CMS Interaction,BIP Billing,Bill Issue,3/11/2026 9:47,3/12/2026 11:57,L7990290,L7990290,Escalated Tickets ,BSS iPDF
SD1861426,Closed,CMS Interaction,CRM,Other,3/11/2026 9:47,3/11/2026 9:52,05766431,05766431,ITCMS,IT CMS
SD1861427,Closed,CMS Interaction,Pending Order,Fesibility Check Failure,3/11/2026 9:49,3/11/2026 9:52,05766431,05766431,ITCMS,IT CMS
SD1861428,Closed,CMS Interaction,BIP Billing,Collection,3/11/2026 9:49,3/12/2026 5:06,J2226589,J2226589,Escalated Tickets ,BIP Billing
SD1861429,Closed,CMS Interaction,Pending Order,Fixed Voic and Data,3/11/2026 9:50,3/11/2026 10:03,69470,69470,ITCMS,IT CMS
SD1861430,Closed,CMS Interaction,RTCS,Data Usage,3/11/2026 9:53,3/12/2026 6:16,12085,12085,Escalated Tickets ,BSS RTCS
SD1861431,Closed,CMS Interaction,UOMS,PortOut/PortIN,3/11/2026 9:55,3/11/2026 9:57,05766431,05766431,ITCMS,IT CMS
SD1861432,Closed,CMS Interaction,Pending Order,Fixed Voic and Data,3/11/2026 9:57,3/11/2026 9:59,05766431,05766431,ITCMS,IT CMS
SD1861442,Closed,CMS Interaction,POS and CMA,Reversal,3/11/2026 10:10,3/12/2026 9:26,69566,69566,ITCMS,IT CMS
SD1861443,Closed,CMS Interaction,Pending Order,Fixed Voic and Data,3/11/2026 10:10,3/28/2026 17:48,W0213873,8.54905E+11,Escalated Tickets ,NEP Support
SD1861445,Closed,CMS Interaction,Pending Order,Mobile Postpaid,3/11/2026 10:15,3/11/2026 10:49,scheduledAction,scheduledAction,ITCMS,IT CMS
SD1861446,Closed,CMS Interaction,Pending Order,Mobile Postpaid,3/11/2026 10:15,3/15/2026 12:23,X6410019,X6410019,Escalated Tickets ,BSS CRM
SD1861448,Closed,CMS Interaction,RTCS,Short code and SMS,3/11/2026 10:19,3/11/2026 10:21,69470,69470,ITCMS,IT CMS
SD1861453,Closed,CMS Interaction,RTCS,CPN,3/11/2026 10:32,3/17/2026 21:27,S630048,12349939,Escalated Tickets ,ARBOR SUPPORT
SD1861460,Closed,CMS Interaction,CRM,Other,3/11/2026 10:27,3/15/2026 12:27,X6410019,X6410019,Escalated Tickets ,BSS CRM
SD1861472,Closed,CMS Interaction,Pending Order,Fixed Voic and Data,3/11/2026 10:34,3/13/2026 1:10,69566,69566,ITCMS,IT CMS
SD1861475,Closed,CMS Interaction,CRM,Other,3/11/2026 10:34,3/22/2026 8:58,X6410019,X6410019,Escalated Tickets ,BSS CRM
SD1861479,Closed,CMS Interaction,Pending Order,Mobile Postpaid,3/11/2026 10:37,3/11/2026 10:49,scheduledAction,scheduledAction,ITCMS,IT CMS
SD1861483,Assign,CMS Interaction,UOMS,Mobile,3/11/2026 10:40,,,,CICM CEP HYPERCARE Support,CICM CEP HYPERCARE Support
SD1861485,Closed,CMS Interaction,Pending Order,Mobile Postpaid,3/11/2026 10:43,3/11/2026 12:24,69566,69566,ITCMS,IT CMS
SD1861486,Closed,CMS Interaction,Pending Order,Mobile Prepaid,3/11/2026 10:44,3/11/2026 11:52,69470,69470,ITCMS,IT CMS
SD1861493,Closed,CMS Interaction,Pending Order,Fixed Voic and Data,3/11/2026 10:47,3/11/2026 12:15,69566,69566,ITCMS,IT CMS
SD1861496,Closed,CMS Interaction,Pending Order,Fixed Voic and Data,3/11/2026 10:53,3/11/2026 11:35,69566,69566,ITCMS,IT CMS
SD1861497,Closed,CMS Interaction,BIP Billing,Bill Issue,3/11/2026 10:54,3/11/2026 12:32,J2226589,J2226589,Escalated Tickets ,BIP Billing
SD1861498,Closed,CMS Interaction,CRM,Other,3/11/2026 10:54,3/11/2026 20:52,S630048,S630048,Escalated Tickets ,ARBOR SUPPORT
SD1861502,Closed,CMS Interaction,CRM,No Data Found,3/11/2026 10:58,3/16/2026 10:12,19715928,19715928,Escalated Tickets ,ARBOR SUPPORT
SD1861504,Closed,CMS Interaction,Pending Order,Mobile Postpaid,3/11/2026 10:59,3/15/2026 10:29,19715928,19715928,Escalated Tickets ,ARBOR SUPPORT
SD1861507,Closed,CMS Interaction,POS and CMA,Reversal,3/11/2026 11:07,3/15/2026 1:48,X6410019,X6410019,Escalated Tickets ,BSS POS
SD1861509,Closed,CMS Interaction,Pending Order,Fixed Voic and Data,3/11/2026 11:14,3/11/2026 12:12,scheduledAction,69566,ITCMS,IT CMS
SD1861510,Closed,CMS Interaction,DDMS,Dunning,3/11/2026 11:21,3/12/2026 7:29,69574,69574,Escalated Tickets ,BSS DDMS
SD1861512,Closed,CMS Interaction,Pending Order,Mobile Prepaid,3/11/2026 11:18,3/17/2026 6:11,scheduledAction,J2226589,Escalated Tickets ,BIP Billing
SD1861517,Closed,CMS Interaction,Pending Order,Mobile Prepaid,3/11/2026 11:20,3/15/2026 8:49,70699048,70699048,Escalated Tickets ,BSS Interface
SD1861529,Closed,CMS Interaction,RTCS,Short code and SMS,3/11/2026 11:34,3/11/2026 11:36,69566,69566,ITCMS,IT CMS
SD1861533,Closed,CMS Interaction,CRM,No Data Found,3/11/2026 11:43,3/11/2026 11:46,69566,69566,ITCMS,IT CMS
SD1861534,Closed,CMS Interaction,UOMS,Connectivity Solutions,3/11/2026 11:47,3/11/2026 11:53,69566,69566,ITCMS,IT CMS
SD1861535,Closed,CMS Interaction,BIP Billing,Bill Issue,3/11/2026 11:51,3/12/2026 5:23,J2226589,J2226589,Escalated Tickets ,BIP Billing
SD1861536,Closed,CMS Interaction,UOMS,Mobile,3/11/2026 12:00,3/15/2026 12:32,S630048,S630048,Escalated Tickets ,ARBOR SUPPORT
SD1861539,Closed,CMS Interaction,Pending Order,Fixed Voic and Data,3/11/2026 12:45,3/11/2026 13:11,scheduledAction,69566,ITCMS,IT CMS
SD1861540,Closed,CMS Interaction,UOMS,Mobile,3/11/2026 12:52,3/11/2026 13:00,69566,69566,ITCMS,IT CMS
SD1861542,Closed,CMS Interaction,Pending Order,Mobile Postpaid,3/11/2026 13:13,3/15/2026 4:28,19715928,19715928,Escalated Tickets ,ARBOR SUPPORT
SD1861545,Closed,CMS Interaction,Pending Order,Fixed Voic and Data,3/11/2026 13:26,3/11/2026 17:42,37230,37230,ITCMS,IT CMS
SD1861546,Closed,CMS Interaction,Pending Order,Fixed Voic and Data,3/11/2026 13:38,3/11/2026 17:41,37230,37230,ITCMS,IT CMS
SD1861547,Closed,CMS Interaction,RTCS,Short code and SMS,3/11/2026 13:49,3/11/2026 14:01,69130,69130,ITCMS,IT CMS
SD1861548,Closed,CMS Interaction,Pending Order,Fixed Voic and Data,3/11/2026 13:49,3/11/2026 20:12,scheduledAction,69758,Escalated Tickets ,ARBOR SUPPORT
SD1861549,Closed,CMS Interaction,RTCS,Short code and SMS,3/11/2026 13:52,3/11/2026 13:54,69130,69130,ITCMS,IT CMS
SD1861550,Closed,CMS Interaction,Pending Order,Mobile Postpaid,3/11/2026 13:54,3/12/2026 9:31,69566,69566,ITCMS,IT CMS
SD1861551,Closed,CMS Interaction,Pending Order,Mobile Postpaid,3/11/2026 14:16,3/11/2026 17:38,37230,37230,ITCMS,IT CMS
SD1861552,Closed,CMS Interaction,CRM,CRM Down,3/11/2026 15:37,3/13/2026 1:05,69566,69566,ITCMS,IT CMS
SD1861553,Closed,CMS Interaction,RTCS,Data Usage,3/11/2026 15:37,3/12/2026 13:28,69566,69566,ITCMS,IT CMS
SD1861554,Closed,CMS Interaction,CRM,Other,3/11/2026 15:48,3/15/2026 4:39,19715928,19715928,Escalated Tickets ,ARBOR SUPPORT
SD1861555,Closed,CMS Interaction,UOMS,PortOut/PortIN,3/11/2026 16:09,3/11/2026 17:49,37230,37230,ITCMS,IT CMS
SD1861556,Closed,CMS Interaction,UOMS,PortOut/PortIN,3/11/2026 16:13,3/11/2026 17:54,37230,37230,ITCMS,IT CMS
SD1861557,Closed,CMS Interaction,Pending Order,Mobile Prepaid,3/11/2026 16:14,3/11/2026 17:46,37230,37230,ITCMS,IT CMS
SD1861558,Closed,CMS Interaction,Pending Order,RTCS Failure,3/11/2026 16:19,3/11/2026 16:23,scheduledAction,scheduledAction,ITCMS,IT CMS
SD1861559,Closed,CMS Interaction,Pending Order,BIP Failure,3/11/2026 16:20,3/15/2026 3:14,19715928,19715928,Escalated Tickets ,ARBOR SUPPORT
SD1861560,Closed,CMS Interaction,Pending Order,BIP Failure,3/11/2026 16:21,3/15/2026 3:13,19715928,19715928,Escalated Tickets ,ARBOR SUPPORT
SD1861562,Closed,CMS Interaction,Pending Order,Mobile Prepaid,3/11/2026 17:00,3/11/2026 17:45,37230,37230,ITCMS,IT CMS
SD1861563,Closed,CMS Interaction,BIP Billing,Bill Issue,3/11/2026 17:12,3/12/2026 5:33,J2226589,J2226589,Escalated Tickets ,BIP Billing
SD1861564,Closed,CMS Interaction,UOMS,Fixed Voic and Data,3/11/2026 17:23,3/12/2026 10:17,70274,70274,Escalated Tickets ,OSS Mediation Support
SD1861565,Closed,CMS Interaction,Pending Order,Fixed Voic and Data,3/11/2026 17:29,3/11/2026 17:51,37230,37230,ITCMS,IT CMS
SD1861570,Closed,CMS Interaction,CRM,CRM Down,3/11/2026 17:50,4/5/2026 3:31,X6410019,X6410019,Escalated Tickets ,BSS CRM
SD1861571,Closed,CMS Interaction,RTCS,Short code and SMS,3/11/2026 17:52,3/11/2026 17:55,37230,37230,ITCMS,IT CMS
SD1861572,Closed,CMS Interaction,Pending Order,Fixed Voic and Data,3/11/2026 17:54,4/2/2026 2:50,scheduledAction,S630048,Escalated Tickets ,ARBOR SUPPORT
SD1861573,Closed,CMS Interaction,UOMS,Mobile,3/11/2026 17:58,3/11/2026 18:46,37230,37230,ITCMS,IT CMS
SD1861574,Closed,CMS Interaction,Pending Order,Fesibility Check Failure,3/11/2026 18:01,3/11/2026 18:16,scheduledAction,scheduledAction,ITCMS,IT CMS
SD1861575,Closed,CMS Interaction,CRM,Other,3/11/2026 18:04,3/11/2026 18:54,37230,37230,ITCMS,IT CMS
SD1861576,Closed,CMS Interaction,CRM,Call details Routine,3/11/2026 18:07,3/15/2026 7:32,71009,71009,Escalated Tickets ,OSS Mediation Support
SD1861577,Closed,CMS Interaction,CRM,Realize Number Issue,3/11/2026 18:09,3/11/2026 18:50,37230,37230,ITCMS,IT CMS
SD1861578,Closed,CMS Interaction,Pending Order,Mobile Prepaid,3/11/2026 18:10,3/11/2026 18:44,37230,37230,ITCMS,IT CMS
SD1861579,Closed,CMS Interaction,UOMS,Mobile,3/11/2026 18:13,3/15/2026 7:30,71009,71009,Escalated Tickets ,OSS Mediation Support
SD1861580,Closed,CMS Interaction,UOMS,Mobile,3/11/2026 18:15,3/11/2026 18:49,37230,37230,ITCMS,IT CMS
SD1861581,Closed,CMS Interaction,UOMS,Mobile,3/11/2026 18:18,4/1/2026 8:31,11125603,11125603,ITCMS,IT CMS
SD1861582,Closed,CMS Interaction,Pending Order,Fixed Voic and Data,3/11/2026 18:34,3/12/2026 10:06,scheduledAction,69758,Escalated Tickets ,ARBOR SUPPORT
SD1861585,Closed,CMS Interaction,Pending Order,Fixed Voic and Data,3/11/2026 18:50,3/11/2026 18:53,37230,37230,ITCMS,IT CMS
SD1861586,Closed,CMS Interaction,Pending Order,Mobile Postpaid,3/11/2026 18:51,3/11/2026 18:58,37230,37230,ITCMS,IT CMS
SD1861587,Closed,CMS Interaction,RTCS,Short code and SMS,3/11/2026 18:53,3/11/2026 18:55,37230,37230,ITCMS,IT CMS
SD1861588,Closed,CMS Interaction,CRM,Other,3/11/2026 18:54,3/11/2026 18:58,37230,37230,ITCMS,IT CMS
SD1861589,Closed,CMS Interaction,CRM,Other,3/11/2026 19:13,3/17/2026 21:49,S630048,S630048,Escalated Tickets ,ARBOR SUPPORT
SD1861590,Closed,CMS Interaction,UOMS,Mobile,3/11/2026 19:33,3/15/2026 7:28,71009,71009,Escalated Tickets ,OSS Mediation Support
SD1861591,Closed,CMS Interaction,CRM,CRM Down,3/11/2026 19:33,3/11/2026 19:36,37230,37230,ITCMS,IT CMS
SD1861592,Closed,CMS Interaction,CRM,Other,3/11/2026 19:36,3/15/2026 12:43,X6410019,X6410019,Escalated Tickets ,BSS CRM
SD1861593,Closed,CMS Interaction,CRM,Other,3/11/2026 19:46,3/12/2026 9:22,69566,69566,ITCMS,IT CMS
SD1861594,Closed,CMS Interaction,UOMS,Mobile,3/11/2026 19:46,3/12/2026 4:08,69267,61495417,Escalated Tickets ,BSS RTCS
SD1861595,Closed,CMS Interaction,CRM,CRM Down,3/11/2026 19:47,3/12/2026 10:08,69566,69566,ITCMS,IT CMS
SD1861597,Closed,CMS Interaction,Pending Order,Mobile Postpaid,3/11/2026 19:52,3/15/2026 6:44,70274,70274,Escalated Tickets ,OSS Mediation Support
SD1861598,Closed,CMS Interaction,CRM,Other,3/11/2026 19:53,3/11/2026 19:55,37230,37230,ITCMS,IT CMS
SD1861599,Closed,CMS Interaction,CRM,Other,3/11/2026 19:54,3/17/2026 21:46,S630048,S630048,Escalated Tickets ,ARBOR SUPPORT
SD1861600,Closed,CMS Interaction,UOMS,Mobile,3/11/2026 19:55,3/11/2026 19:57,37230,37230,ITCMS,IT CMS
SD1861602,Closed,CMS Interaction,Pending Order,Mobile Prepaid,3/11/2026 20:10,3/12/2026 4:21,69496,69496,ITCMS,IT CMS
SD1861603,Closed,CMS Interaction,Pending Order,WFBB Order,3/11/2026 20:11,3/15/2026 8:50,70699048,70699048,Escalated Tickets ,BSS Interface
SD1861604,Closed,CMS Interaction,UOMS,Mobile,3/11/2026 20:14,3/12/2026 9:43,69566,69566,ITCMS,IT CMS
SD1861605,Closed,CMS Interaction,RTCS,Short code and SMS,3/11/2026 20:31,3/12/2026 13:32,69130,69130,ITCMS,IT CMS
SD1861610,Closed,CMS Interaction,RTCS,Short code and SMS,3/12/2026 0:12,3/12/2026 4:39,69496,69496,ITCMS,IT CMS
SD1861612,Closed,CMS Interaction,CRM,Other,3/12/2026 2:10,3/17/2026 21:44,S630048,S630048,Escalated Tickets ,ARBOR SUPPORT
SD1861618,Closed,CMS Interaction,Pending Order,MPLS order,3/12/2026 4:01,3/12/2026 4:01,scheduledAction,scheduledAction,Activation Support,Activation Support
SD1861619,Resolved,CMS Interaction,Pending Order,MPLS order,3/12/2026 4:01,4/9/2026 7:23,scheduledAction,68523,Activation Support,Activation Support
SD1861620,In Progress,CMS Interaction,Pending Order,MPLS order,3/12/2026 4:01,,,68523,Activation Support,Activation Support
SD1861621,Closed,CMS Interaction,Pending Order,MPLS order,3/12/2026 4:01,3/12/2026 4:01,scheduledAction,scheduledAction,Activation Support,Activation Support
SD1861622,Closed,CMS Interaction,Pending Order,MPLS order,3/12/2026 4:01,3/12/2026 4:01,scheduledAction,scheduledAction,Activation Support,Activation Support
SD1861623,Closed,CMS Interaction,Pending Order,MPLS order,3/12/2026 4:01,4/2/2026 10:53,scheduledAction,12064,Activation Support,Activation Support
SD1861624,Closed,CMS Interaction,Pending Order,MPLS order,3/12/2026 4:01,3/12/2026 4:01,scheduledAction,scheduledAction,Activation Support,Activation Support
SD1861625,Closed,CMS Interaction,Pending Order,MPLS order,3/12/2026 4:01,3/12/2026 4:29,scheduledAction,scheduledAction,Activation Support,Activation Support
SD1861626,Assign,CMS Interaction,Pending Order,MPLS order,3/12/2026 4:01,,,,Activation Support,Activation Support
SD1861627,Closed,CMS Interaction,Pending Order,MPLS order,3/12/2026 4:01,3/12/2026 4:29,scheduledAction,scheduledAction,Activation Support,Activation Support
SD1861628,Assign,CMS Interaction,Pending Order,MPLS order,3/12/2026 4:02,,,,Activation Support,Activation Support
SD1861629,Closed,CMS Interaction,Pending Order,MPLS order,3/12/2026 4:02,3/12/2026 4:29,scheduledAction,scheduledAction,Activation Support,Activation Support
SD1861630,Assign,CMS Interaction,Pending Order,MPLS order,3/12/2026 4:02,,,,Activation Support,Activation Support
SD1861631,Closed,CMS Interaction,Pending Order,MPLS order,3/12/2026 4:02,3/18/2026 8:24,scheduledAction,69509,Activation Support,Activation Support
SD1861632,Closed,CMS Interaction,Pending Order,MPLS order,3/12/2026 4:02,3/12/2026 17:38,scheduledAction,scheduledAction,Activation Support,Activation Support
SD1861633,Closed,CMS Interaction,Pending Order,MPLS order,3/12/2026 4:02,3/12/2026 4:29,scheduledAction,scheduledAction,Activation Support,Activation Support
SD1861634,Closed,CMS Interaction,Pending Order,MPLS order,3/12/2026 4:02,3/24/2026 10:27,scheduledAction,69509,Activation Support,Activation Support
SD1861635,Closed,CMS Interaction,Pending Order,MPLS order,3/12/2026 4:02,3/29/2026 19:51,scheduledAction,69509,Activation Support,Activation Support
SD1861636,Closed,CMS Interaction,Pending Order,MPLS order,3/12/2026 4:02,3/12/2026 10:34,scheduledAction,69509,Activation Support,Activation Support
SD1861637,Resolved,CMS Interaction,Pending Order,MPLS order,3/12/2026 4:02,4/9/2026 8:58,scheduledAction,scheduledAction,Activation Support,Activation Support
SD1861638,Resolved,CMS Interaction,Pending Order,MPLS order,3/12/2026 4:02,4/9/2026 5:50,scheduledAction,95809,Activation Support,Activation Support
SD1861639,Closed,CMS Interaction,Pending Order,MPLS order,3/12/2026 4:03,3/12/2026 4:29,scheduledAction,scheduledAction,Activation Support,Activation Support
SD1861640,Closed,CMS Interaction,Pending Order,MPLS order,3/12/2026 4:03,3/12/2026 4:29,scheduledAction,scheduledAction,Activation Support,Activation Support
SD1861641,Closed,CMS Interaction,Pending Order,MPLS order,3/12/2026 4:03,3/12/2026 4:29,scheduledAction,scheduledAction,Activation Support,Activation Support
SD1861642,Closed,CMS Interaction,Pending Order,MPLS order,3/12/2026 4:03,3/18/2026 8:55,scheduledAction,34120,Activation Support,Activation Support
SD1861643,Closed,CMS Interaction,Pending Order,MPLS order,3/12/2026 4:03,3/12/2026 6:48,scheduledAction,scheduledAction,Activation Support,Activation Support
SD1861644,In Progress,CMS Interaction,Pending Order,MPLS order,3/12/2026 4:03,,,69509,Activation Support,Activation Support
SD1861645,In Progress,CMS Interaction,Pending Order,MPLS order,3/12/2026 4:03,,,69509,Activation Support,Activation Support
SD1861646,Assign,CMS Interaction,Pending Order,MPLS order,3/12/2026 4:03,,,,Activation Support,Activation Support
SD1861647,Closed,CMS Interaction,Pending Order,MPLS order,3/12/2026 4:03,3/29/2026 6:12,scheduledAction,95809,Activation Support,Activation Support
SD1861648,Assign,CMS Interaction,Pending Order,MPLS order,3/12/2026 4:03,,,34120,Activation Support,Activation Support
SD1861649,Assign,CMS Interaction,Pending Order,MPLS order,3/12/2026 4:03,,,,Activation Support,Activation Support
SD1861650,Closed,CMS Interaction,Pending Order,MPLS order,3/12/2026 4:03,3/12/2026 4:29,scheduledAction,scheduledAction,Activation Support,Activation Support
SD1861651,Closed,CMS Interaction,Pending Order,MPLS order,3/12/2026 4:04,3/16/2026 11:30,scheduledAction,34120,Activation Support,Activation Support
SD1861652,Closed,CMS Interaction,Pending Order,MPLS order,3/12/2026 4:04,3/12/2026 4:29,scheduledAction,scheduledAction,Activation Support,Activation Support
SD1861653,Closed,CMS Interaction,Pending Order,MPLS order,3/12/2026 4:04,4/7/2026 12:48,scheduledAction,95809,Activation Support,Activation Support
SD1861654,Closed,CMS Interaction,Pending Order,MPLS order,3/12/2026 4:04,3/24/2026 17:20,scheduledAction,34120,Activation Support,Activation Support
SD1861655,Closed,CMS Interaction,Pending Order,MPLS order,3/12/2026 4:04,3/15/2026 5:34,scheduledAction,68523,Activation Support,Activation Support
SD1861656,Closed,CMS Interaction,Pending Order,MPLS order,3/12/2026 4:04,3/12/2026 4:29,scheduledAction,scheduledAction,Activation Support,Activation Support
SD1861657,Closed,CMS Interaction,Pending Order,MPLS order,3/12/2026 4:04,3/12/2026 8:43,scheduledAction,34120,Activation Support,Activation Support
SD1861658,Closed,CMS Interaction,Pending Order,MPLS order,3/12/2026 4:04,3/12/2026 4:29,scheduledAction,scheduledAction,Activation Support,Activation Support
SD1861659,Closed,CMS Interaction,Pending Order,MPLS order,3/12/2026 4:04,3/12/2026 4:29,scheduledAction,scheduledAction,Activation Support,Activation Support
SD1861660,Assign,CMS Interaction,Pending Order,MPLS order,3/12/2026 4:04,,,,Activation Support,Activation Support
SD1861661,Closed,CMS Interaction,Pending Order,Mobile Prepaid,3/12/2026 4:04,3/12/2026 4:17,69496,69496,ITCMS,IT CMS
SD1861662,Closed,CMS Interaction,Pending Order,MPLS order,3/12/2026 4:04,3/12/2026 4:29,scheduledAction,scheduledAction,Activation Support,Activation Support
SD1861663,Closed,CMS Interaction,Pending Order,MPLS order,3/12/2026 4:04,3/12/2026 4:29,scheduledAction,scheduledAction,Activation Support,Activation Support
SD1861664,In Progress,CMS Interaction,Pending Order,MPLS order,3/12/2026 4:05,,,68523,Activation Support,Activation Support
SD1861665,Closed,CMS Interaction,Pending Order,MPLS order,3/12/2026 4:05,3/12/2026 4:30,scheduledAction,scheduledAction,Activation Support,Activation Support
SD1861666,Resolved,CMS Interaction,Pending Order,MPLS order,3/12/2026 4:05,4/9/2026 8:58,scheduledAction,16538,Activation Support,Activation Support
SD1861667,Closed,CMS Interaction,Pending Order,MPLS order,3/12/2026 4:05,3/31/2026 8:33,scheduledAction,scheduledAction,Activation Support,Activation Support
SD1861668,Closed,CMS Interaction,Pending Order,MPLS order,3/12/2026 4:05,3/12/2026 12:55,scheduledAction,95809,Activation Support,Activation Support
SD1861669,Closed,CMS Interaction,Pending Order,MPLS order,3/12/2026 4:05,3/17/2026 6:43,scheduledAction,95809,Activation Support,Activation Support
SD1861670,Closed,CMS Interaction,Pending Order,MPLS order,3/12/2026 4:05,3/17/2026 9:12,scheduledAction,scheduledAction,Activation Support,Activation Support
SD1861671,Closed,CMS Interaction,Pending Order,MPLS order,3/12/2026 4:05,3/12/2026 8:43,scheduledAction,68523,Activation Support,Activation Support
SD1861672,Closed,CMS Interaction,Pending Order,MPLS order,3/12/2026 4:05,3/26/2026 9:47,scheduledAction,69509,Activation Support,Activation Support
SD1861673,Closed,CMS Interaction,Pending Order,MPLS order,3/12/2026 4:05,4/5/2026 9:14,scheduledAction,68523,Activation Support,Activation Support
SD1861674,Closed,CMS Interaction,Pending Order,MPLS order,3/12/2026 4:05,3/12/2026 18:06,scheduledAction,68523,Activation Support,Activation Support
SD1861675,Closed,CMS Interaction,Pending Order,MPLS order,3/12/2026 4:06,3/15/2026 9:58,scheduledAction,69509,Activation Support,Activation Support
SD1861676,Closed,CMS Interaction,Pending Order,MPLS order,3/12/2026 4:06,3/16/2026 8:34,scheduledAction,69509,Activation Support,Activation Support
SD1861677,Closed,CMS Interaction,Pending Order,MPLS order,3/12/2026 4:06,3/12/2026 4:30,scheduledAction,scheduledAction,Activation Support,Activation Support
SD1861678,Closed,CMS Interaction,Pending Order,MPLS order,3/12/2026 4:06,3/31/2026 7:26,scheduledAction,69509,Activation Support,Activation Support
SD1861679,In Progress,CMS Interaction,Pending Order,MPLS order,3/12/2026 4:06,,,69509,Activation Support,Activation Support
SD1861680,Closed,CMS Interaction,Pending Order,MPLS order,3/12/2026 4:06,3/12/2026 4:30,scheduledAction,scheduledAction,Activation Support,Activation Support
SD1861681,Closed,CMS Interaction,Pending Order,MPLS order,3/12/2026 4:06,3/16/2026 11:30,scheduledAction,68523,Activation Support,Activation Support
SD1861683,Closed,CMS Interaction,Pending Order,Mobile Postpaid,3/12/2026 5:01,3/12/2026 5:16,69496,69496,ITCMS,IT CMS
SD1861687,Closed,CMS Interaction,UOMS,WFBB,3/12/2026 5:16,3/12/2026 9:45,69566,69566,ITCMS,IT CMS
SD1861689,Closed,CMS Interaction,RTCS,Short code and SMS,3/12/2026 5:17,3/15/2026 5:02,19715928,19715928,Escalated Tickets ,ARBOR SUPPORT
SD1861690,Closed,CMS Interaction,Pending Order,Mobile Prepaid,3/12/2026 5:22,3/12/2026 10:18,69566,69566,ITCMS,IT CMS
SD1861691,Closed,CMS Interaction,CRM,Other,3/12/2026 5:22,3/12/2026 9:13,S630048,S630048,Escalated Tickets ,ARBOR SUPPORT
SD1861692,Closed,CMS Interaction,Pending Order,Mobile Postpaid,3/12/2026 5:30,3/12/2026 5:54,scheduledAction,scheduledAction,ITCMS,IT CMS
SD1861694,Closed,CMS Interaction,Pending Order,WFBB Order,3/12/2026 5:33,3/15/2026 5:05,19715928,19715928,Escalated Tickets ,ARBOR SUPPORT
SD1861699,Closed,CMS Interaction,Pending Order,Mobile Postpaid,3/12/2026 5:46,3/17/2026 8:56,05766431,05766431,ITCMS,IT CMS
SD1861701,Closed,CMS Interaction,Pending Order,Fixed Voic and Data,3/12/2026 5:51,3/12/2026 6:59,69496,69496,ITCMS,IT CMS
SD1861702,Closed,CMS Interaction,Pending Order,Fixed Voic and Data,3/12/2026 5:51,3/12/2026 10:35,scheduledAction,70699048,Escalated Tickets ,BSS Interface
SD1861709,Closed,CMS Interaction,Pending Order,Fixed Voic and Data,3/12/2026 6:03,3/12/2026 6:57,69496,69496,ITCMS,IT CMS
SD1861710,Closed,CMS Interaction,Pending Order,BIP Failure,3/12/2026 6:05,3/12/2026 6:20,scheduledAction,scheduledAction,ITCMS,IT CMS
SD1861711,Closed,CMS Interaction,Pending Order,Fixed Voic and Data,3/12/2026 6:05,3/12/2026 6:53,69496,69496,ITCMS,IT CMS
SD1861713,Closed,CMS Interaction,CRM,Other,3/12/2026 6:07,3/15/2026 12:53,S630048,S630048,Escalated Tickets ,ARBOR SUPPORT
SD1861714,Closed,CMS Interaction,Preorder Issue,Others,3/12/2026 6:08,3/12/2026 13:24,69566,69566,ITCMS,IT CMS
SD1861726,Closed,CMS Interaction,Pending Order,Mobile Postpaid,3/12/2026 6:22,3/12/2026 7:07,69496,69496,ITCMS,IT CMS
SD1861735,Closed,CMS Interaction,RTCS,Short code and SMS,3/12/2026 6:31,3/15/2026 7:44,21498,21498,VAS,VAS
SD1861736,Closed,CMS Interaction,Pending Order,Fixed Voic and Data,3/12/2026 6:34,3/12/2026 7:08,LR1995699,LR1995699,Escalated Tickets ,NEP Support
SD1861737,Closed,CMS Interaction,CRM,Other,3/12/2026 6:37,3/15/2026 7:07,LR1995699,LR1995699,Escalated Tickets ,NEP Support
SD1861739,Closed,CMS Interaction,Pending Order,Mobile Postpaid,3/12/2026 6:37,3/12/2026 6:49,scheduledAction,scheduledAction,ITCMS,IT CMS
SD1861742,Closed,CMS Interaction,RTCS,Short code and SMS,3/12/2026 6:40,3/12/2026 13:31,69130,69130,ITCMS,IT CMS
SD1861744,Closed,CMS Interaction,CRM,No Data Found,3/12/2026 6:42,3/12/2026 13:30,69130,69130,ITCMS,IT CMS
SD1861745,Closed,CMS Interaction,UOMS,Mobile,3/12/2026 6:45,3/12/2026 13:29,69130,69130,ITCMS,IT CMS
SD1861747,Closed,CMS Interaction,BIP Billing,Others,3/12/2026 6:47,3/12/2026 8:23,J2226589,22674,Escalated Tickets ,BIP Billing
SD1861749,Closed,CMS Interaction,RTCS,Short code and SMS,3/12/2026 6:50,3/12/2026 13:28,69130,69130,ITCMS,IT CMS
SD1861750,Closed,CMS Interaction,Pending Order,Mobile Postpaid,3/12/2026 6:53,3/12/2026 7:01,69496,69496,ITCMS,IT CMS
SD1861751,Closed,CMS Interaction,CRM,Other,3/12/2026 6:55,3/12/2026 7:04,69496,69496,ITCMS,IT CMS
SD1861755,Closed,CMS Interaction,UOMS,Mobile,3/12/2026 7:01,3/12/2026 13:27,69130,69130,ITCMS,IT CMS
SD1861756,Closed,CMS Interaction,BIP Billing,Others,3/12/2026 7:05,3/12/2026 8:26,J2226589,J2226589,Escalated Tickets ,BIP Billing
SD1861758,Closed,CMS Interaction,Pending Order,BIP Failure,3/12/2026 7:05,3/12/2026 7:29,69496,69496,ITCMS,IT CMS
SD1861760,Closed,CMS Interaction,Pending Order,Mobile Postpaid,3/12/2026 7:07,3/12/2026 10:35,scheduledAction,scheduledAction,ITCMS,IT CMS
SD1861761,Closed,CMS Interaction,UOMS,Mobile,3/12/2026 7:07,3/12/2026 13:35,69566,69566,ITCMS,IT CMS
SD1861762,Closed,CMS Interaction,Pending Order,Mobile Postpaid,3/12/2026 7:08,3/12/2026 7:17,scheduledAction,69496,ITCMS,IT CMS
SD1861764,Closed,CMS Interaction,Pending Order,WFBB Order,3/12/2026 7:10,3/17/2026 21:38,S630048,S630048,Escalated Tickets ,ARBOR SUPPORT
SD1861766,Closed,CMS Interaction,UOMS,Mobile,3/12/2026 7:12,3/15/2026 13:05,X6410019,X6410019,Escalated Tickets ,BSS CRM
SD1861768,Closed,CMS Interaction,Pending Order,Fixed Voic and Data,3/12/2026 7:14,3/12/2026 13:20,69566,69566,ITCMS,IT CMS
SD1861770,Closed,CMS Interaction,Pending Order,Fixed Voic and Data,3/12/2026 7:17,3/14/2026 5:01,scheduledAction,70699048,Escalated Tickets ,BSS Interface
SD1861772,Closed,CMS Interaction,Pending Order,Mobile Postpaid,3/12/2026 7:22,3/12/2026 7:25,69496,69496,ITCMS,IT CMS
SD1861775,Closed,CMS Interaction,UOMS,Mobile,3/12/2026 7:26,3/12/2026 13:13,69566,69566,ITCMS,IT CMS
SD1861777,Closed,CMS Interaction,Pending Order,Mobile Prepaid,3/12/2026 7:29,3/12/2026 7:31,69496,69496,ITCMS,IT CMS
SD1861784,Closed,CMS Interaction,Pending Order,Fixed Voic and Data,3/12/2026 7:39,3/17/2026 6:12,scheduledAction,69758,Escalated Tickets ,ARBOR SUPPORT
SD1861790,Closed,CMS Interaction,CRM,Other,3/12/2026 7:44,3/28/2026 17:33,W0213873,LR1995699,Escalated Tickets ,NEP Support
SD1861793,Closed,CMS Interaction,CRM,No Data Found,3/12/2026 7:46,3/18/2026 6:07,19715928,19715928,Escalated Tickets ,ARBOR SUPPORT
SD1861795,Closed,CMS Interaction,UOMS,Mobile,3/12/2026 7:50,3/12/2026 11:49,69566,69566,ITCMS,IT CMS
SD1861796,Closed,CMS Interaction,Pending Order,Mobile Postpaid,3/12/2026 7:51,3/12/2026 8:14,scheduledAction,scheduledAction,ITCMS,IT CMS
SD1861797,Closed,CMS Interaction,Pending Order,Mobile Postpaid,3/12/2026 7:54,3/12/2026 10:35,scheduledAction,scheduledAction,ITCMS,IT CMS
SD1861799,Closed,CMS Interaction,Pending Order,RTCS Failure,3/12/2026 7:55,3/12/2026 8:02,19715928,19715928,Escalated Tickets ,ARBOR SUPPORT
SD1861801,Closed,CMS Interaction,Pending Order,Mobile Postpaid,3/12/2026 7:58,3/12/2026 10:35,scheduledAction,scheduledAction,ITCMS,IT CMS
SD1861804,Closed,CMS Interaction,BIP Billing,Bill Amount Mismatch,3/12/2026 7:58,3/15/2026 5:30,J2226589,J2226589,Escalated Tickets ,BIP Billing
SD1861805,Closed,CMS Interaction,Pending Order,BIP Failure,3/12/2026 7:59,3/12/2026 8:14,scheduledAction,scheduledAction,ITCMS,IT CMS
SD1861810,Closed,CMS Interaction,Pending Order,Mobile Prepaid,3/12/2026 8:01,3/12/2026 11:43,69566,69566,ITCMS,IT CMS
SD1861816,Closed,CMS Interaction,Pending Order,Fixed Voic and Data,3/12/2026 8:08,3/19/2026 8:11,scheduledAction,scheduledAction,Digital CICM L1 Support,Digital CICM L1 Support
SD1861830,Closed,CMS Interaction,Pending Order,Mobile Postpaid,3/12/2026 8:17,3/12/2026 10:35,scheduledAction,scheduledAction,ITCMS,IT CMS
SD1861836,Closed,CMS Interaction,UOMS,Fixed Voic and Data,3/12/2026 8:23,3/12/2026 11:34,69566,69566,ITCMS,IT CMS
SD1861837,Closed,CMS Interaction,CRM,Other,3/12/2026 8:24,3/12/2026 11:30,69566,69566,ITCMS,IT CMS
SD1861839,Closed,CMS Interaction,Pending Order,Mobile Postpaid,3/12/2026 8:26,3/17/2026 21:32,S630048,S630048,Escalated Tickets ,ARBOR SUPPORT
SD1861844,Closed,CMS Interaction,BIP Billing,Report,3/12/2026 8:30,3/21/2026 3:00,S630048,S630048,Escalated Tickets ,ARBOR SUPPORT
SD1861845,Closed,CMS Interaction,BIP Billing,Bill Issue,3/12/2026 8:34,3/12/2026 9:22,19715928,19715928,Escalated Tickets ,ARBOR SUPPORT
SD1861848,Assign,CMS Interaction,UOMS,Mobile,3/12/2026 8:39,,,,Escalated Tickets ,Digital Channels
SD1861849,Closed,CMS Interaction,RTCS,Short code and SMS,3/12/2026 8:40,3/12/2026 11:21,69566,69566,ITCMS,IT CMS
SD1861850,Closed,CMS Interaction,CRM,Other,3/12/2026 8:42,3/18/2026 8:17,S630048,S630048,Escalated Tickets ,ARBOR SUPPORT
SD1861852,Closed,CMS Interaction,UOMS,Mobile,3/12/2026 8:45,3/15/2026 7:24,19715928,19715928,Escalated Tickets ,ARBOR SUPPORT
SD1861853,Closed,CMS Interaction,Pending Order,Mobile Prepaid,3/12/2026 8:49,3/12/2026 11:12,69566,69566,ITCMS,IT CMS
SD1861855,Closed,CMS Interaction,Pending Order,RTCS Failure,3/12/2026 8:52,3/12/2026 10:35,scheduledAction,scheduledAction,ITCMS,IT CMS
SD1861859,Closed,CMS Interaction,RTCS,Short code and SMS,3/12/2026 8:57,3/24/2026 7:04,11125603,11125603,ITCMS,IT CMS
SD1861860,Closed,CMS Interaction,BIP Billing,Bill Issue,3/12/2026 8:57,3/15/2026 5:32,J2226589,J2226589,Escalated Tickets ,BIP Billing
SD1861862,Closed,CMS Interaction,Pending Order,Fixed Voic and Data,3/12/2026 9:00,3/12/2026 10:35,scheduledAction,scheduledAction,ITCMS,IT CMS
SD1861864,Closed,CMS Interaction,BIP Billing,Bill Issue,3/12/2026 9:04,3/12/2026 10:46,69566,69566,ITCMS,IT CMS
SD1861867,Closed,CMS Interaction,Pending Order,Mobile Postpaid,3/12/2026 9:10,3/12/2026 10:06,scheduledAction,scheduledAction,ITCMS,IT CMS
SD1861869,Closed,CMS Interaction,Pending Order,Mobile Postpaid,3/12/2026 9:14,3/12/2026 10:35,scheduledAction,scheduledAction,ITCMS,IT CMS
SD1861870,Closed,CMS Interaction,UOMS,Mobile,3/12/2026 9:14,3/15/2026 13:11,X6410019,X6410019,Escalated Tickets ,BSS CRM
SD1861871,Closed,CMS Interaction,RTCS,Short code and SMS,3/12/2026 9:19,3/12/2026 10:36,69566,69566,ITCMS,IT CMS
SD1861872,Closed,CMS Interaction,BIP Billing,Others,3/12/2026 9:23,3/15/2026 13:15,X6410019,Q511636,Escalated Tickets ,BSS CRM
SD1861874,Closed,CMS Interaction,Pending Order,Fixed Voic and Data,3/12/2026 9:24,3/12/2026 9:41,69566,69566,ITCMS,IT CMS
SD1861881,Closed,CMS Interaction,Pending Order,Mobile Prepaid,3/12/2026 9:40,3/12/2026 10:29,69566,69566,ITCMS,IT CMS
SD1861885,Closed,CMS Interaction,HBB User Name,User id  issue,3/12/2026 9:45,3/12/2026 9:49,69566,69566,ITCMS,IT CMS
SD1861888,Closed,CMS Interaction,Pending Order,Fixed Voic and Data,3/12/2026 9:48,3/12/2026 9:55,69566,69566,ITCMS,IT CMS
SD1861889,Closed,CMS Interaction,ITA,ITA,3/12/2026 9:50,3/12/2026 11:09,69566,69566,ITCMS,IT CMS
SD1861892,Closed,CMS Interaction,Pending Order,Fixed Voic and Data,3/12/2026 9:53,3/17/2026 7:58,Q511636,Q511636,Escalated Tickets ,BSS CRM
SD1861904,Closed,CMS Interaction,DDMS,Dunning,3/12/2026 10:12,3/16/2026 21:39,P1832151,P1832151,Escalated Tickets ,BSS DDMS
SD1861908,Closed,CMS Interaction,Pending Order,Mobile Postpaid,3/12/2026 10:18,3/12/2026 10:22,69566,69566,ITCMS,IT CMS
SD1861912,Closed,CMS Interaction,Pending Order,Mobile Prepaid,3/12/2026 10:33,3/12/2026 10:39,69566,69566,ITCMS,IT CMS
SD1861915,Closed,CMS Interaction,CRM,Other,3/12/2026 10:50,3/12/2026 10:52,69566,69566,ITCMS,IT CMS
SD1861919,Closed,CMS Interaction,UOMS,HBB,3/12/2026 10:43,3/17/2026 11:31,X6410019,X6410019,Escalated Tickets ,BSS CRM
SD1861922,Closed,CMS Interaction,CRM,Other,3/12/2026 10:48,3/12/2026 10:51,69566,69566,ITCMS,IT CMS
SD1861923,Closed,CMS Interaction,Pending Order,WFBB Order,3/12/2026 10:52,3/12/2026 10:59,69566,69566,ITCMS,IT CMS
SD1861925,Closed,CMS Interaction,UOMS,Mobile,3/12/2026 10:56,3/12/2026 11:01,69566,69566,ITCMS,IT CMS
SD1861932,Closed,CMS Interaction,HBB User Name,User id  issue,3/12/2026 11:01,3/15/2026 7:22,LR1995699,LR1995699,Escalated Tickets ,NEP Support
SD1861954,Closed,CMS Interaction,UOMS,Mobile,3/12/2026 11:30,3/12/2026 11:32,69566,69566,ITCMS,IT CMS
SD1861955,Closed,CMS Interaction,ITA,ITA,3/12/2026 11:35,3/12/2026 11:40,69566,69566,ITCMS,IT CMS
SD1861958,Closed,CMS Interaction,Pending Order,Mobile Prepaid,3/12/2026 11:44,3/12/2026 11:47,69566,69566,ITCMS,IT CMS
SD1861960,Closed,CMS Interaction,RTCS,Data Usage,3/12/2026 11:50,3/12/2026 11:54,69566,69566,ITCMS,IT CMS
SD1861962,Closed,CMS Interaction,Pending Order,Fixed Voic and Data,3/12/2026 11:52,3/16/2026 13:26,scheduledAction,8.54905E+11,Escalated Tickets ,NEP Support
SD1861963,Closed,CMS Interaction,RTCS,Data Usage,3/12/2026 11:54,3/15/2026 5:52,19715928,19715928,Escalated Tickets ,ARBOR SUPPORT
SD1861964,Closed,CMS Interaction,Pending Order,Mobile Prepaid,3/12/2026 11:54,3/12/2026 12:07,69566,69566,ITCMS,IT CMS
SD1861966,Closed,CMS Interaction,Pending Order,ITA order,3/12/2026 11:56,3/12/2026 12:05,69566,69566,ITCMS,IT CMS
SD1861970,Closed,CMS Interaction,Preorder Issue,Others,3/12/2026 12:25,3/12/2026 12:39,69566,69566,ITCMS,IT CMS
SD1861972,Closed,CMS Interaction,RTCS,Data Usage,3/12/2026 12:42,3/17/2026 21:29,S630048,S630048,Escalated Tickets ,ARBOR SUPPORT
SD1861981,Closed,CMS Interaction,RTCS,Short code and SMS,3/12/2026 15:32,3/13/2026 0:16,69566,69566,ITCMS,IT CMS
SD1861982,Closed,CMS Interaction,RTCS,Short code and SMS,3/12/2026 16:01,3/15/2026 6:45,21498,21498,VAS,VAS
SD1861983,Closed,CMS Interaction,CRM,Other,3/12/2026 16:02,3/13/2026 0:10,69566,69566,ITCMS,IT CMS
SD1861984,Closed,CMS Interaction,Pending Order,Fesibility Check Failure,3/12/2026 16:06,3/12/2026 17:39,scheduledAction,scheduledAction,ITCMS,IT CMS
SD1861985,Closed,CMS Interaction,CRM,Other,3/12/2026 16:07,3/13/2026 0:09,69566,69566,ITCMS,IT CMS
SD1861986,Closed,CMS Interaction,Pending Order,Fixed Voic and Data,3/12/2026 16:16,3/13/2026 0:03,69566,69566,ITCMS,IT CMS
SD1861987,Closed,CMS Interaction,UOMS,Fixed Voic and Data,3/12/2026 16:31,3/12/2026 23:53,69566,69566,ITCMS,IT CMS
SD1861988,Closed,CMS Interaction,DDMS,DDMS Interface,3/12/2026 16:52,3/16/2026 21:43,P1832151,P1832151,Escalated Tickets ,BSS DDMS
SD1861989,Closed,CMS Interaction,BIP Billing,Others,3/12/2026 16:54,3/15/2026 7:20,71009,71009,Escalated Tickets ,OSS Mediation Support
SD1861990,Closed,CMS Interaction,RTCS,Short code and SMS,3/12/2026 17:03,3/12/2026 23:45,69566,69566,ITCMS,IT CMS
SD1861991,Closed,CMS Interaction,CRM,Other,3/12/2026 17:09,3/17/2026 8:00,Q511636,Q511636,Escalated Tickets ,BSS CRM
SD1861992,Closed,CMS Interaction,CRM,Other,3/12/2026 17:09,3/25/2026 5:46,Z6302499,Z6302499,Escalated Tickets ,OSS Mediation Support
SD1861993,Closed,CMS Interaction,UOMS,Mobile,3/12/2026 17:23,3/15/2026 2:43,22674,22674,Escalated Tickets ,BSS RTCS
SD1861994,Closed,CMS Interaction,UOMS,Mobile,3/12/2026 17:27,3/12/2026 23:33,69566,69566,ITCMS,IT CMS
SD1861995,Closed,CMS Interaction,CRM,Other,3/12/2026 17:29,3/12/2026 23:31,69566,69566,ITCMS,IT CMS
SD1861996,Closed,CMS Interaction,CRM,Other,3/12/2026 17:32,3/12/2026 23:28,69566,69566,ITCMS,IT CMS
SD1861997,Closed,CMS Interaction,ITA,ITA,3/12/2026 17:42,3/17/2026 11:40,X6410019,X6410019,Escalated Tickets ,BSS CRM
SD1861998,Closed,CMS Interaction,UOMS,Mobile,3/12/2026 17:43,3/12/2026 23:24,69566,69566,ITCMS,IT CMS
SD1861999,Closed,CMS Interaction,UOMS,PortOut/PortIN,3/12/2026 17:55,3/12/2026 23:22,69566,69566,ITCMS,IT CMS
SD1862000,Closed,CMS Interaction,Pending Order,Mobile Postpaid,3/12/2026 17:56,3/12/2026 18:07,scheduledAction,scheduledAction,ITCMS,IT CMS
SD1862001,Closed,CMS Interaction,CRM,Other,3/12/2026 18:07,3/15/2026 4:49,19715928,19715928,Escalated Tickets ,ARBOR SUPPORT
SD1862002,Resolved,CMS Interaction,CRM,Other,3/12/2026 18:08,4/9/2026 8:11,11125603,11125603,ITCMS,IT CMS
SD1862003,Closed,CMS Interaction,DDMS,Reconnection,3/12/2026 18:09,3/16/2026 21:45,P1832151,P1832151,Escalated Tickets ,BSS DDMS
SD1862004,Closed,CMS Interaction,UOMS,Mobile,3/12/2026 18:11,3/17/2026 22:10,S630048,S630048,Escalated Tickets ,ARBOR SUPPORT
SD1862005,Closed,CMS Interaction,Pending Order,BIP Failure,3/12/2026 18:11,3/16/2026 10:29,70699048,70699048,Escalated Tickets ,BSS Interface
SD1862006,Closed,CMS Interaction,Pending Order,Mobile Postpaid,3/12/2026 18:12,3/12/2026 23:10,69566,69566,ITCMS,IT CMS
SD1862007,Closed,CMS Interaction,Pending Order,BIP Failure,3/12/2026 18:23,3/15/2026 7:19,71009,71009,Escalated Tickets ,OSS Mediation Support
SD1862008,Closed,CMS Interaction,Pending Order,WFBB Order,3/12/2026 18:23,3/12/2026 23:06,69566,69566,ITCMS,IT CMS
SD1862009,Closed,CMS Interaction,CRM,Other,3/12/2026 18:24,3/12/2026 23:05,69566,69566,ITCMS,IT CMS
SD1862010,Closed,CMS Interaction,CRM,Other,3/12/2026 18:24,3/12/2026 23:02,69566,69566,ITCMS,IT CMS
SD1862011,Assign,CMS Interaction,Pending Order,Fixed Voic and Data,3/12/2026 18:27,,,,Escalated Tickets ,Unified Back Office Team
SD1862012,Closed,CMS Interaction,CRM,Realize Number Issue,3/12/2026 18:30,3/24/2026 3:38,19715928,19715928,Escalated Tickets ,ARBOR SUPPORT
SD1862013,Closed,CMS Interaction,UOMS,HBB,3/12/2026 18:34,3/17/2026 12:38,X6410019,X6410019,Escalated Tickets ,BSS CRM
SD1862014,Closed,CMS Interaction,Pending Order,Mobile Postpaid,3/12/2026 18:47,3/14/2026 13:59,scheduledAction,S630048,Escalated Tickets ,ARBOR SUPPORT
SD1862015,Closed,CMS Interaction,ITA,ITA,3/12/2026 18:48,3/12/2026 22:48,69566,69566,ITCMS,IT CMS
SD1862016,Closed,CMS Interaction,UOMS,Mobile,3/12/2026 18:50,3/12/2026 22:47,69566,69566,ITCMS,IT CMS
SD1862017,Closed,CMS Interaction,CRM,Other,3/12/2026 18:51,3/12/2026 22:45,69566,69566,ITCMS,IT CMS
SD1862018,Closed,CMS Interaction,Pending Order,Mobile Postpaid,3/12/2026 18:58,3/12/2026 22:42,69566,69566,ITCMS,IT CMS
SD1862020,Closed,CMS Interaction,CRM,Other,3/12/2026 19:08,3/12/2026 22:39,69566,69566,ITCMS,IT CMS
SD1862022,Closed,CMS Interaction,Pending Order,Mobile Postpaid,3/12/2026 19:19,3/12/2026 19:59,scheduledAction,scheduledAction,ITCMS,IT CMS
SD1862023,Closed,CMS Interaction,Preorder Issue,Others,3/12/2026 19:19,3/12/2026 22:37,69566,69566,ITCMS,IT CMS
SD1862024,Closed,CMS Interaction,UOMS,Mobile,3/12/2026 19:23,3/12/2026 22:35,69566,69566,ITCMS,IT CMS
SD1862025,Closed,CMS Interaction,Pending Order,BIP Failure,3/12/2026 19:32,3/12/2026 19:59,scheduledAction,scheduledAction,ITCMS,IT CMS
SD1862026,Closed,CMS Interaction,UOMS,Mobile,3/12/2026 19:42,3/12/2026 22:33,69566,69566,ITCMS,IT CMS
SD1862027,Closed,CMS Interaction,DDMS,Reconnection,3/12/2026 19:45,3/16/2026 21:47,P1832151,P1832151,Escalated Tickets ,BSS DDMS
SD1862028,Closed,CMS Interaction,RTCS,Short code and SMS,3/12/2026 19:47,3/12/2026 22:29,69566,69566,ITCMS,IT CMS
SD1862029,Closed,CMS Interaction,Pending Order,Mobile Prepaid,3/12/2026 19:50,3/12/2026 20:00,scheduledAction,scheduledAction,ITCMS,IT CMS
SD1862030,Closed,CMS Interaction,UOMS,Mobile,3/12/2026 20:04,3/15/2026 7:18,71009,71009,Escalated Tickets ,OSS Mediation Support
SD1862031,Closed,CMS Interaction,CRM,Other,3/12/2026 20:19,3/12/2026 22:25,69566,69566,ITCMS,IT CMS
SD1862032,Closed,CMS Interaction,BIP Billing,Bill Issue,3/12/2026 20:59,3/15/2026 5:34,J2226589,J2226589,Escalated Tickets ,BIP Billing
SD1862033,Closed,CMS Interaction,RTCS,Short code and SMS,3/12/2026 21:15,3/12/2026 22:20,69566,69566,ITCMS,IT CMS
SD1862035,Closed,CMS Interaction,BIP Billing,Bill Issue,3/12/2026 23:52,3/15/2026 5:40,J2226589,J2226589,Escalated Tickets ,BIP Billing
SD1862036,Closed,CMS Interaction,Pending Order,Mobile Postpaid,3/13/2026 0:00,3/13/2026 0:06,69566,69566,ITCMS,IT CMS
SD1862037,Closed,CMS Interaction,RTCS,Data Usage,3/13/2026 0:55,3/13/2026 1:01,69566,69566,ITCMS,IT CMS
SD1862038,Closed,CMS Interaction,UOMS,Fixed Voic and Data,3/13/2026 1:16,3/13/2026 7:28,69566,69566,ITCMS,IT CMS
SD1862040,Closed,CMS Interaction,Pending Order,WFBB Order,3/13/2026 2:21,3/24/2026 8:40,LR1995699,8.54905E+11,Escalated Tickets ,NEP Support
SD1862045,Closed,CMS Interaction,Pending Order,MPLS order,3/13/2026 4:01,3/16/2026 13:26,scheduledAction,95809,Activation Support,Activation Support
SD1862046,Closed,CMS Interaction,Pending Order,MPLS order,3/13/2026 4:02,3/24/2026 6:25,scheduledAction,scheduledAction,Activation Support,Activation Support
SD1862047,Closed,CMS Interaction,Pending Order,MPLS order,3/13/2026 4:02,3/15/2026 7:33,scheduledAction,scheduledAction,Activation Support,Activation Support
SD1862048,Closed,CMS Interaction,Pending Order,MPLS order,3/13/2026 4:02,3/13/2026 4:29,scheduledAction,scheduledAction,Activation Support,Activation Support
SD1862049,Closed,CMS Interaction,Pending Order,MPLS order,3/13/2026 4:02,3/13/2026 4:29,scheduledAction,scheduledAction,Activation Support,Activation Support
SD1862050,Closed,CMS Interaction,Pending Order,MPLS order,3/13/2026 4:02,3/13/2026 4:29,scheduledAction,scheduledAction,Activation Support,Activation Support
SD1862051,Closed,CMS Interaction,Pending Order,MPLS order,3/13/2026 4:02,3/14/2026 12:35,scheduledAction,scheduledAction,Activation Support,Activation Support
SD1862052,Closed,CMS Interaction,Pending Order,MPLS order,3/13/2026 4:02,3/13/2026 4:29,scheduledAction,scheduledAction,Activation Support,Activation Support
SD1862053,Closed,CMS Interaction,Pending Order,MPLS order,3/13/2026 4:02,3/25/2026 5:40,scheduledAction,95809,Activation Support,Activation Support
SD1862054,Closed,CMS Interaction,Pending Order,MPLS order,3/13/2026 4:02,3/18/2026 16:22,scheduledAction,95809,Activation Support,Activation Support
SD1862055,Closed,CMS Interaction,Pending Order,MPLS order,3/13/2026 4:02,3/16/2026 14:26,scheduledAction,95809,Activation Support,Activation Support
SD1862056,Closed,CMS Interaction,Pending Order,MPLS order,3/13/2026 4:02,4/2/2026 8:45,scheduledAction,95809,Activation Support,Activation Support
SD1862057,Closed,CMS Interaction,Pending Order,MPLS order,3/13/2026 4:02,3/31/2026 8:33,scheduledAction,scheduledAction,Activation Support,Activation Support
SD1862058,Closed,CMS Interaction,Pending Order,MPLS order,3/13/2026 4:03,3/17/2026 11:45,scheduledAction,scheduledAction,Activation Support,Activation Support
SD1862059,Closed,CMS Interaction,Pending Order,MPLS order,3/13/2026 4:03,3/16/2026 9:30,scheduledAction,scheduledAction,Activation Support,Activation Support
SD1862060,Resolved,CMS Interaction,Pending Order,MPLS order,3/13/2026 4:03,4/8/2026 8:18,scheduledAction,16538,Activation Support,Activation Support
SD1862061,Closed,CMS Interaction,Pending Order,MPLS order,3/13/2026 4:03,3/30/2026 10:02,scheduledAction,95809,Activation Support,Activation Support
SD1862062,Closed,CMS Interaction,Pending Order,MPLS order,3/13/2026 4:03,3/13/2026 4:29,scheduledAction,scheduledAction,Activation Support,Activation Support
SD1862063,In Progress,CMS Interaction,Pending Order,MPLS order,3/13/2026 4:03,,,16538,Activation Support,Activation Support
SD1862064,Closed,CMS Interaction,Pending Order,MPLS order,3/13/2026 4:03,3/16/2026 14:26,scheduledAction,95809,Activation Support,Activation Support
SD1862065,Closed,CMS Interaction,Pending Order,MPLS order,3/13/2026 4:03,4/6/2026 10:47,scheduledAction,12064,Activation Support,Activation Support
SD1862066,Assign,CMS Interaction,Pending Order,MPLS order,3/13/2026 4:03,,,,Activation Support,Activation Support
SD1862067,Closed,CMS Interaction,Pending Order,MPLS order,3/13/2026 4:03,4/6/2026 7:29,scheduledAction,95809,Activation Support,Activation Support
SD1862068,Closed,CMS Interaction,Pending Order,MPLS order,3/13/2026 4:03,3/16/2026 14:26,scheduledAction,95809,Activation Support,Activation Support
SD1862069,Closed,CMS Interaction,Pending Order,MPLS order,3/13/2026 4:03,3/13/2026 4:29,scheduledAction,scheduledAction,Activation Support,Activation Support
SD1862070,Closed,CMS Interaction,Pending Order,MPLS order,3/13/2026 4:04,3/26/2026 14:12,scheduledAction,95809,Activation Support,Activation Support
SD1862071,Closed,CMS Interaction,Pending Order,MPLS order,3/13/2026 4:04,3/15/2026 9:59,scheduledAction,95809,Activation Support,Activation Support
SD1862072,Closed,CMS Interaction,Pending Order,MPLS order,3/13/2026 4:04,3/16/2026 9:00,scheduledAction,69509,Activation Support,Activation Support
SD1862073,Closed,CMS Interaction,Pending Order,MPLS order,3/13/2026 4:04,3/16/2026 9:00,scheduledAction,69509,Activation Support,Activation Support
SD1862074,Closed,CMS Interaction,Pending Order,MPLS order,3/13/2026 4:04,3/13/2026 4:30,scheduledAction,scheduledAction,Activation Support,Activation Support
SD1862075,Closed,CMS Interaction,Pending Order,MPLS order,3/13/2026 4:04,3/30/2026 13:44,scheduledAction,69509,Activation Support,Activation Support
SD1862076,Closed,CMS Interaction,Pending Order,MPLS order,3/13/2026 4:04,4/7/2026 12:48,scheduledAction,16538,Activation Support,Activation Support
SD1862077,Closed,CMS Interaction,Pending Order,MPLS order,3/13/2026 4:04,3/13/2026 4:30,scheduledAction,scheduledAction,Activation Support,Activation Support
SD1862078,Closed,CMS Interaction,Pending Order,MPLS order,3/13/2026 4:04,3/16/2026 14:26,scheduledAction,69509,Activation Support,Activation Support
SD1862079,Closed,CMS Interaction,Pending Order,MPLS order,3/13/2026 4:04,3/15/2026 9:00,scheduledAction,scheduledAction,Activation Support,Activation Support
SD1862080,Closed,CMS Interaction,Pending Order,MPLS order,3/13/2026 4:04,3/16/2026 4:07,scheduledAction,scheduledAction,Activation Support,Activation Support
SD1862081,In Progress,CMS Interaction,Pending Order,MPLS order,3/13/2026 4:04,,,16538,Activation Support,Activation Support
SD1862082,In Progress,CMS Interaction,Pending Order,MPLS order,3/13/2026 4:05,,,34120,Activation Support,Activation Support
SD1862083,Closed,CMS Interaction,Pending Order,MPLS order,3/13/2026 4:05,3/16/2026 14:27,scheduledAction,34120,Activation Support,Activation Support
SD1862084,Closed,CMS Interaction,Pending Order,MPLS order,3/13/2026 4:05,3/13/2026 4:30,scheduledAction,scheduledAction,Activation Support,Activation Support
SD1862085,Closed,CMS Interaction,Pending Order,MPLS order,3/13/2026 4:05,3/13/2026 4:30,scheduledAction,scheduledAction,Activation Support,Activation Support
SD1862086,Closed,CMS Interaction,Pending Order,MPLS order,3/13/2026 4:05,3/16/2026 14:27,scheduledAction,scheduledAction,Activation Support,Activation Support
SD1862087,In Progress,CMS Interaction,Pending Order,MPLS order,3/13/2026 4:05,,,12064,Activation Support,Activation Support
SD1862088,Closed,CMS Interaction,Pending Order,MPLS order,3/13/2026 4:05,3/31/2026 10:10,scheduledAction,scheduledAction,Activation Support,Activation Support
SD1862089,Assign,CMS Interaction,Pending Order,MPLS order,3/13/2026 4:05,,,,Activation Support,Activation Support
SD1862090,Closed,CMS Interaction,Pending Order,MPLS order,3/13/2026 4:05,3/16/2026 14:27,scheduledAction,34120,Activation Support,Activation Support
SD1862091,Closed,CMS Interaction,Pending Order,MPLS order,3/13/2026 4:05,4/1/2026 11:14,scheduledAction,69509,Activation Support,Activation Support
SD1862092,Closed,CMS Interaction,Pending Order,MPLS order,3/13/2026 4:05,3/13/2026 4:30,scheduledAction,scheduledAction,Activation Support,Activation Support
SD1862093,Closed,CMS Interaction,Pending Order,MPLS order,3/13/2026 4:05,3/26/2026 4:25,scheduledAction,scheduledAction,Activation Support,Activation Support
SD1862094,Closed,CMS Interaction,Pending Order,MPLS order,3/13/2026 4:06,3/16/2026 17:55,scheduledAction,12064,Activation Support,Activation Support
SD1862095,Closed,CMS Interaction,Pending Order,MPLS order,3/13/2026 4:06,3/17/2026 19:13,scheduledAction,scheduledAction,Activation Support,Activation Support
SD1862096,Closed,CMS Interaction,Pending Order,MPLS order,3/13/2026 4:06,3/25/2026 14:28,scheduledAction,scheduledAction,Activation Support,Activation Support
SD1862098,Closed,CMS Interaction,RTCS,Short code and SMS,3/13/2026 5:57,3/13/2026 7:17,69566,69566,ITCMS,IT CMS
SD1862099,Closed,CMS Interaction,Pending Order,Mobile Prepaid,3/13/2026 6:03,3/13/2026 7:14,69566,69566,ITCMS,IT CMS
SD1862100,Closed,CMS Interaction,RTCS,Short code and SMS,3/13/2026 6:33,3/13/2026 7:12,69566,69566,ITCMS,IT CMS
SD1862102,Closed,CMS Interaction,Pending Order,Fixed Voic and Data,3/13/2026 7:32,3/15/2026 7:36,LR1995699,LR1995699,Escalated Tickets ,NEP Support
SD1862103,Closed,CMS Interaction,CRM,Other,3/13/2026 7:39,3/13/2026 7:48,69566,69566,ITCMS,IT CMS
SD1862104,Closed,CMS Interaction,CRM,Other,3/13/2026 7:44,3/13/2026 9:33,69566,69566,ITCMS,IT CMS
SD1862105,Closed,CMS Interaction,CRM,Other,3/13/2026 8:11,3/13/2026 9:32,69566,69566,ITCMS,IT CMS
SD1862106,Closed,CMS Interaction,UOMS,Mobile,3/13/2026 8:20,3/13/2026 9:27,69566,69566,ITCMS,IT CMS
SD1862107,Closed,CMS Interaction,CRM,Other,3/13/2026 8:56,3/13/2026 9:01,69566,69566,ITCMS,IT CMS
SD1862108,Closed,CMS Interaction,BIP Billing,Bill Issue,3/13/2026 9:39,3/15/2026 5:38,J2226589,J2226589,Escalated Tickets ,BIP Billing
SD1862112,Closed,CMS Interaction,RTCS,Short code and SMS,3/13/2026 10:45,3/13/2026 12:15,69566,69566,ITCMS,IT CMS
SD1862113,Closed,CMS Interaction,UOMS,Mobile,3/13/2026 11:03,3/13/2026 12:12,69566,69566,ITCMS,IT CMS
SD1862121,Closed,CMS Interaction,UOMS,Mobile,3/13/2026 11:43,3/21/2026 4:21,S630048,S630048,Escalated Tickets ,ARBOR SUPPORT
SD1862122,Closed,CMS Interaction,RTCS,Short code and SMS,3/13/2026 11:46,3/13/2026 12:22,69566,69566,ITCMS,IT CMS
SD1862123,Closed,CMS Interaction,RTCS,Short code and SMS,3/13/2026 11:49,3/19/2026 19:24,69496,69496,ITCMS,IT CMS
SD1862124,Closed,CMS Interaction,CRM,Other,3/13/2026 11:52,3/13/2026 12:06,69566,69566,ITCMS,IT CMS
SD1862125,Closed,CMS Interaction,CRM,Other,3/13/2026 12:36,3/17/2026 9:51,70699048,70699048,Escalated Tickets ,BSS Interface
SD1862128,Closed,CMS Interaction,Pending Order,Mobile Postpaid,3/13/2026 14:02,3/15/2026 5:33,Z6302499,Z6302499,Escalated Tickets ,OSS Mediation Support
SD1862129,Closed,CMS Interaction,Pending Order,Mobile Prepaid,3/13/2026 14:37,3/13/2026 15:21,69566,69566,ITCMS,IT CMS
SD1862131,Closed,CMS Interaction,Pending Order,Mobile Postpaid,3/13/2026 16:10,3/13/2026 16:35,scheduledAction,scheduledAction,ITCMS,IT CMS
SD1862133,Closed,CMS Interaction,POS and CMA,User Issue,3/13/2026 16:16,3/15/2026 1:49,X6410019,X6410019,Escalated Tickets ,BSS POS
SD1862134,Closed,CMS Interaction,Pending Order,Mobile Postpaid,3/13/2026 16:27,3/14/2026 14:00,scheduledAction,S630048,Escalated Tickets ,ARBOR SUPPORT
SD1862135,Closed,CMS Interaction,UOMS,Mobile,3/13/2026 16:33,3/16/2026 8:03,19715928,19715928,Escalated Tickets ,ARBOR SUPPORT
SD1862136,Closed,CMS Interaction,UOMS,Mobile,3/13/2026 16:35,3/13/2026 16:46,69566,69566,ITCMS,IT CMS
SD1862137,Closed,CMS Interaction,Pending Order,BIP Failure,3/13/2026 17:00,3/13/2026 17:02,69566,69566,ITCMS,IT CMS
SD1862138,Closed,CMS Interaction,CRM,Other,3/13/2026 17:08,3/13/2026 23:19,69566,69566,ITCMS,IT CMS
SD1862139,Closed,CMS Interaction,Pending Order,Mobile Postpaid,3/13/2026 17:11,3/15/2026 8:19,19715928,19715928,Escalated Tickets ,ARBOR SUPPORT
SD1862140,Closed,CMS Interaction,Pending Order,WFBB Order,3/13/2026 17:14,3/13/2026 23:16,69566,69566,ITCMS,IT CMS
SD1862141,Closed,CMS Interaction,Pending Order,Mobile Prepaid,3/13/2026 17:18,3/13/2026 19:56,scheduledAction,scheduledAction,ITCMS,IT CMS
SD1862142,Closed,CMS Interaction,Pending Order,BIP Failure,3/13/2026 17:18,3/16/2026 10:31,scheduledAction,70699048,Escalated Tickets ,BSS Interface
SD1862143,Closed,CMS Interaction,Pending Order,Mobile Prepaid,3/13/2026 17:34,3/13/2026 21:36,69566,69566,ITCMS,IT CMS
SD1862144,Closed,CMS Interaction,ITA,ITA,3/13/2026 17:34,3/15/2026 6:03,05766431,05766431,ITCMS,IT CMS
SD1862145,Closed,CMS Interaction,Pending Order,Mobile Postpaid,3/13/2026 17:35,3/15/2026 3:38,scheduledAction,70002,Escalated Tickets ,OSS Mediation Support
SD1862146,Closed,CMS Interaction,CRM,Other,3/13/2026 17:42,3/17/2026 12:42,X6410019,X6410019,Escalated Tickets ,BSS CRM
SD1862147,Closed,CMS Interaction,Pending Order,RTCS Failure,3/13/2026 17:50,3/15/2026 5:18,05766431,05766431,ITCMS,IT CMS
SD1862148,Closed,CMS Interaction,Pending Order,BIP Failure,3/13/2026 17:58,3/15/2026 7:08,71009,71009,Escalated Tickets ,OSS Mediation Support
SD1862149,Closed,CMS Interaction,RTCS,Short code and SMS,3/13/2026 18:00,3/13/2026 20:59,69566,69566,ITCMS,IT CMS
SD1862152,Closed,CMS Interaction,RTCS,Short code and SMS,3/13/2026 18:16,3/13/2026 20:57,69566,69566,ITCMS,IT CMS
SD1862153,Closed,CMS Interaction,RTCS,Data Usage,3/13/2026 18:16,3/15/2026 4:29,69517,69517,ITCMS,IT CMS
SD1862155,Closed,CMS Interaction,UOMS,Mobile,3/13/2026 18:19,3/13/2026 20:53,69566,69566,ITCMS,IT CMS
SD1862157,Closed,CMS Interaction,RTCS,Data Usage,3/13/2026 18:27,3/13/2026 20:52,69566,69566,ITCMS,IT CMS
SD1862158,Closed,CMS Interaction,CRM,Other,3/13/2026 18:32,3/17/2026 12:44,X6410019,X6410019,Escalated Tickets ,BSS CRM
SD1862159,Closed,CMS Interaction,Pending Order,Mobile Postpaid,3/13/2026 18:38,3/14/2026 14:29,scheduledAction,S630048,Escalated Tickets ,ARBOR SUPPORT
SD1862160,Closed,CMS Interaction,UOMS,PortOut/PortIN,3/13/2026 18:38,3/13/2026 23:11,69566,69566,ITCMS,IT CMS
SD1862161,Closed,CMS Interaction,Pending Order,Mobile Postpaid,3/13/2026 18:47,3/13/2026 19:56,scheduledAction,scheduledAction,ITCMS,IT CMS
SD1862162,Closed,CMS Interaction,Pending Order,Mobile Prepaid,3/13/2026 18:48,3/13/2026 23:07,69566,69566,ITCMS,IT CMS
SD1862163,Closed,CMS Interaction,Pending Order,WFBB Order,3/13/2026 18:50,3/13/2026 23:05,69566,69566,ITCMS,IT CMS
SD1862164,Closed,CMS Interaction,Pending Order,BIP Failure,3/13/2026 18:52,3/15/2026 7:02,71009,71009,Escalated Tickets ,OSS Mediation Support
SD1862166,Closed,CMS Interaction,Pending Order,Fesibility Check Failure,3/13/2026 18:57,3/13/2026 19:57,scheduledAction,scheduledAction,ITCMS,IT CMS
SD1862167,Closed,CMS Interaction,CRM,No Data Found,3/13/2026 19:02,3/13/2026 20:38,69566,69566,ITCMS,IT CMS
SD1862168,Closed,CMS Interaction,Pending Order,Mobile Postpaid,3/13/2026 19:03,3/15/2026 6:59,71009,71009,Escalated Tickets ,OSS Mediation Support
SD1862169,Closed,CMS Interaction,CRM,Other,3/13/2026 19:06,3/13/2026 20:32,69566,69566,ITCMS,IT CMS
SD1862170,Closed,CMS Interaction,UOMS,Mobile,3/13/2026 19:28,3/13/2026 22:58,69566,69566,ITCMS,IT CMS
SD1862172,Closed,CMS Interaction,Pending Order,Fesibility Check Failure,3/13/2026 19:55,3/13/2026 20:30,69566,69566,ITCMS,IT CMS
SD1862173,Closed,CMS Interaction,ITA,ITA,3/13/2026 19:55,3/18/2026 9:51,70274,70274,Escalated Tickets ,OSS Mediation Support
SD1862174,Closed,CMS Interaction,Pending Order,WFBB Order,3/13/2026 20:00,3/13/2026 20:28,scheduledAction,69566,ITCMS,IT CMS
SD1862175,Closed,CMS Interaction,Pending Order,Mobile Prepaid,3/13/2026 20:40,3/13/2026 20:43,69566,69566,ITCMS,IT CMS
SD1862176,Closed,CMS Interaction,UOMS,Mobile,3/13/2026 21:02,3/15/2026 6:58,71009,71009,Escalated Tickets ,OSS Mediation Support
SD1862178,Closed,CMS Interaction,Pending Order,Mobile Prepaid,3/13/2026 21:50,3/13/2026 22:55,69566,69566,ITCMS,IT CMS
SD1862179,Closed,CMS Interaction,UOMS,Fixed Voic and Data,3/13/2026 22:03,3/13/2026 22:49,69566,69566,ITCMS,IT CMS
SD1862180,Closed,CMS Interaction,Pending Order,RTCS Failure,3/13/2026 22:33,3/14/2026 0:17,scheduledAction,70274,Escalated Tickets ,OSS Mediation Support
SD1862182,Closed,CMS Interaction,RTCS,Short code and SMS,3/13/2026 23:20,3/21/2026 4:15,S630048,S630048,Escalated Tickets ,ARBOR SUPPORT
SD1862184,Closed,CMS Interaction,CRM,Reconnection Routine Issue,3/14/2026 2:43,3/17/2026 8:33,X6410019,X6410019,Escalated Tickets ,BSS CMA
SD1862185,Closed,CMS Interaction,Pending Order,MPLS order,3/14/2026 4:01,3/15/2026 16:19,scheduledAction,95809,Activation Support,Activation Support
SD1862186,Closed,CMS Interaction,Pending Order,MPLS order,3/14/2026 4:01,3/15/2026 15:48,scheduledAction,69509,Activation Support,Activation Support
SD1862187,Closed,CMS Interaction,Pending Order,MPLS order,3/14/2026 4:01,3/15/2026 10:29,scheduledAction,34120,Activation Support,Activation Support
SD1862188,Assign,CMS Interaction,Pending Order,MPLS order,3/14/2026 4:01,,,,Activation Support,Activation Support
SD1862189,Assign,CMS Interaction,Pending Order,MPLS order,3/14/2026 4:01,,,,Activation Support,Activation Support
SD1862190,In Progress,CMS Interaction,Pending Order,MPLS order,3/14/2026 4:01,,,69509,Activation Support,Activation Support
SD1862191,Closed,CMS Interaction,Pending Order,MPLS order,3/14/2026 4:01,3/26/2026 9:47,scheduledAction,69509,Activation Support,Activation Support
SD1862192,Assign,CMS Interaction,Pending Order,MPLS order,3/14/2026 4:01,,,,Activation Support,Activation Support
SD1862193,Closed,CMS Interaction,Pending Order,MPLS order,3/14/2026 4:01,3/14/2026 18:48,scheduledAction,scheduledAction,Activation Support,Activation Support
SD1862194,Closed,CMS Interaction,Pending Order,MPLS order,3/14/2026 4:01,4/5/2026 15:12,scheduledAction,69509,Activation Support,Activation Support
SD1862195,Closed,CMS Interaction,Pending Order,MPLS order,3/14/2026 4:02,3/15/2026 7:33,scheduledAction,scheduledAction,Activation Support,Activation Support
SD1862196,Assign,CMS Interaction,Pending Order,MPLS order,3/14/2026 4:02,,,,Activation Support,Activation Support
SD1862197,In Progress,CMS Interaction,Pending Order,MPLS order,3/14/2026 4:02,,,16538,Activation Support,Activation Support
SD1862198,Closed,CMS Interaction,Pending Order,MPLS order,3/14/2026 4:02,3/24/2026 5:56,scheduledAction,scheduledAction,Activation Support,Activation Support
SD1862199,Closed,CMS Interaction,Pending Order,MPLS order,3/14/2026 4:02,3/29/2026 18:46,scheduledAction,68523,Activation Support,Activation Support
SD1862200,Closed,CMS Interaction,Pending Order,MPLS order,3/14/2026 4:02,3/17/2026 9:13,scheduledAction,68523,Activation Support,Activation Support
SD1862201,Closed,CMS Interaction,Pending Order,MPLS order,3/14/2026 4:02,3/18/2026 11:55,scheduledAction,scheduledAction,Activation Support,Activation Support
SD1862202,Assign,CMS Interaction,Pending Order,MPLS order,3/14/2026 4:02,,,,Activation Support,Activation Support
SD1862203,Assign,CMS Interaction,Pending Order,MPLS order,3/14/2026 4:02,,,,Activation Support,Activation Support
SD1862204,Closed,CMS Interaction,Pending Order,MPLS order,3/14/2026 4:02,3/18/2026 9:52,scheduledAction,69509,Activation Support,Activation Support
SD1862205,Closed,CMS Interaction,Pending Order,MPLS order,3/14/2026 4:03,4/2/2026 10:20,scheduledAction,68523,Activation Support,Activation Support
SD1862206,Closed,CMS Interaction,Pending Order,MPLS order,3/14/2026 4:03,3/15/2026 18:13,scheduledAction,scheduledAction,Activation Support,Activation Support
SD1862207,Closed,CMS Interaction,Pending Order,MPLS order,3/14/2026 4:03,3/15/2026 17:18,scheduledAction,scheduledAction,Activation Support,Activation Support
SD1862208,Closed,CMS Interaction,Pending Order,MPLS order,3/14/2026 4:03,3/15/2026 8:03,scheduledAction,scheduledAction,Activation Support,Activation Support
SD1862209,Closed,CMS Interaction,Pending Order,MPLS order,3/14/2026 4:03,3/16/2026 8:03,scheduledAction,69509,Activation Support,Activation Support
SD1862210,Closed,CMS Interaction,Pending Order,MPLS order,3/14/2026 4:03,3/17/2026 8:16,scheduledAction,34120,Activation Support,Activation Support
SD1862211,Assign,CMS Interaction,Pending Order,MPLS order,3/14/2026 4:03,,,,Activation Support,Activation Support
SD1862212,Assign,CMS Interaction,Pending Order,MPLS order,3/14/2026 4:03,,,,Activation Support,Activation Support
SD1862213,Closed,CMS Interaction,Pending Order,MPLS order,3/14/2026 4:03,3/30/2026 8:46,scheduledAction,95809,Activation Support,Activation Support
SD1862214,Closed,CMS Interaction,Pending Order,MPLS order,3/14/2026 4:03,3/15/2026 11:29,scheduledAction,95809,Activation Support,Activation Support
SD1862215,Assign,CMS Interaction,Pending Order,MPLS order,3/14/2026 4:03,,,,Activation Support,Activation Support
SD1862216,Closed,CMS Interaction,Pending Order,MPLS order,3/14/2026 4:04,4/1/2026 11:48,scheduledAction,scheduledAction,Activation Support,Activation Support
SD1862217,Closed,CMS Interaction,Pending Order,MPLS order,3/14/2026 4:04,3/16/2026 12:57,scheduledAction,69509,Activation Support,Activation Support
SD1862218,Assign,CMS Interaction,Pending Order,MPLS order,3/14/2026 4:04,,,,Activation Support,Activation Support
SD1862219,Closed,CMS Interaction,Pending Order,MPLS order,3/14/2026 4:04,3/15/2026 7:34,scheduledAction,95809,Activation Support,Activation Support
SD1862220,Assign,CMS Interaction,Pending Order,MPLS order,3/14/2026 4:04,,,,Activation Support,Activation Support
SD1862221,Closed,CMS Interaction,Pending Order,MPLS order,3/14/2026 4:04,3/15/2026 15:19,scheduledAction,95809,Activation Support,Activation Support
SD1862222,Closed,CMS Interaction,Pending Order,MPLS order,3/14/2026 4:04,4/2/2026 10:48,scheduledAction,95809,Activation Support,Activation Support
SD1862223,In Progress,CMS Interaction,Pending Order,MPLS order,3/14/2026 4:04,,,68523,Activation Support,Activation Support
SD1862225,Closed,CMS Interaction,Pending Order,ITA order,3/14/2026 4:48,3/14/2026 5:02,scheduledAction,scheduledAction,ITCMS,IT CMS
SD1862226,Closed,CMS Interaction,Pending Order,WFBB Order,3/14/2026 5:00,3/14/2026 6:08,69566,69566,ITCMS,IT CMS
SD1862227,Closed,CMS Interaction,Pending Order,Mobile Postpaid,3/14/2026 5:17,3/14/2026 5:46,69566,69566,ITCMS,IT CMS
SD1862231,Closed,CMS Interaction,UOMS,Mobile,3/14/2026 5:52,3/14/2026 5:58,69566,69566,ITCMS,IT CMS
SD1862232,Closed,CMS Interaction,UOMS,Mobile,3/14/2026 5:53,3/14/2026 5:56,69566,69566,ITCMS,IT CMS
SD1862233,Closed,CMS Interaction,CRM,No Data Found,3/14/2026 5:58,3/19/2026 19:25,69496,69496,ITCMS,IT CMS
SD1862235,Closed,CMS Interaction,UOMS,Mobile,3/14/2026 6:13,3/14/2026 6:28,69566,69566,ITCMS,IT CMS
SD1862236,Closed,CMS Interaction,Pending Order,Fesibility Check Failure,3/14/2026 6:27,3/14/2026 6:54,scheduledAction,70274,Escalated Tickets ,OSS Mediation Support
SD1862237,Closed,CMS Interaction,Pending Order,HSS Issue,3/14/2026 6:29,3/15/2026 5:13,05766431,05766431,ITCMS,IT CMS
SD1862238,Closed,CMS Interaction,CRM,Other,3/14/2026 7:00,3/14/2026 11:33,69566,69566,ITCMS,IT CMS
SD1862239,Closed,CMS Interaction,Pending Order,Mobile Postpaid,3/14/2026 7:00,3/14/2026 7:23,scheduledAction,scheduledAction,ITCMS,IT CMS
SD1862240,Closed,CMS Interaction,Pending Order,Fixed Voic and Data,3/14/2026 7:07,3/14/2026 11:10,69566,69566,ITCMS,IT CMS
SD1862241,Closed,CMS Interaction,RTCS,Data Usage,3/14/2026 7:22,3/15/2026 5:26,12085,12085,Escalated Tickets ,BSS RTCS
SD1862242,Closed,CMS Interaction,Pending Order,Mobile Postpaid,3/14/2026 7:41,3/14/2026 7:52,scheduledAction,scheduledAction,ITCMS,IT CMS
SD1862244,Closed,CMS Interaction,Pending Order,RTCS Failure,3/14/2026 7:52,3/15/2026 8:08,LR1995699,LR1995699,Escalated Tickets ,NEP Support
SD1862245,Closed,CMS Interaction,Pending Order,ITA order,3/14/2026 8:09,4/2/2026 12:02,scheduledAction,8.54905E+11,Escalated Tickets ,NEP Support
SD1862248,Closed,CMS Interaction,Pending Order,RTCS Failure,3/14/2026 8:35,3/14/2026 9:46,scheduledAction,scheduledAction,ITCMS,IT CMS
SD1862249,Closed,CMS Interaction,UOMS,Mobile,3/14/2026 8:50,3/17/2026 8:08,Q511636,Q511636,Escalated Tickets ,BSS CRM
SD1862250,Closed,CMS Interaction,CRM,CRM Down,3/14/2026 9:00,3/14/2026 10:58,69566,69566,ITCMS,IT CMS
SD1862251,Closed,CMS Interaction,Pending Order,WFBB Order,3/14/2026 9:04,3/14/2026 10:57,69566,69566,ITCMS,IT CMS
SD1862252,Closed,CMS Interaction,ITA,ITA,3/14/2026 9:15,3/14/2026 10:53,69566,69566,ITCMS,IT CMS
SD1862253,Closed,CMS Interaction,UOMS,Mobile,3/14/2026 9:23,3/14/2026 10:46,69566,69566,ITCMS,IT CMS
SD1862254,Closed,CMS Interaction,Pending Order,WFBB Order,3/14/2026 9:29,3/14/2026 10:48,69566,69566,ITCMS,IT CMS
SD1862255,Closed,CMS Interaction,RTCS,Short code and SMS,3/14/2026 9:33,3/14/2026 10:39,69566,69566,ITCMS,IT CMS
SD1862256,Closed,CMS Interaction,CRM,Other,3/14/2026 9:35,3/14/2026 10:32,69566,69566,ITCMS,IT CMS
SD1862257,Closed,CMS Interaction,Pending Order,Mobile Postpaid,3/14/2026 9:43,3/14/2026 16:21,scheduledAction,70699048,Escalated Tickets ,BSS Interface
SD1862258,Closed,CMS Interaction,CRM,Call details Routine,3/14/2026 9:50,3/14/2026 9:58,69566,69566,ITCMS,IT CMS
SD1862259,Closed,CMS Interaction,CRM,Other,3/14/2026 10:06,3/14/2026 10:23,S630048,S630048,Escalated Tickets ,ARBOR SUPPORT
SD1862261,Closed,CMS Interaction,POS and CMA,User Issue,3/14/2026 10:09,3/14/2026 10:30,69566,69566,ITCMS,IT CMS
SD1862263,Closed,CMS Interaction,UOMS,PortOut/PortIN,3/14/2026 10:16,3/14/2026 10:26,69566,69566,ITCMS,IT CMS
SD1862264,Closed,CMS Interaction,POS and CMA,Reversal,3/14/2026 10:22,3/15/2026 1:51,X6410019,X6410019,Escalated Tickets ,BSS POS
SD1862265,Closed,CMS Interaction,Pending Order,ITA order,3/14/2026 10:36,3/14/2026 10:42,69566,69566,ITCMS,IT CMS
SD1862266,Closed,CMS Interaction,UOMS,Mobile,3/14/2026 10:45,3/14/2026 10:51,69566,69566,ITCMS,IT CMS
SD1862274,Closed,CMS Interaction,Pending Order,RTCS Failure,3/14/2026 11:27,3/14/2026 11:38,69566,69566,ITCMS,IT CMS
SD1862280,Closed,CMS Interaction,Pending Order,Fixed Voic and Data,3/14/2026 11:30,3/14/2026 11:36,69566,69566,ITCMS,IT CMS
SD1862290,Closed,CMS Interaction,UOMS,HBB,3/14/2026 11:42,3/15/2026 8:57,11125603,11125603,ITCMS,IT CMS
SD1862291,Closed,CMS Interaction,Pending Order,BIP Failure,3/14/2026 12:09,3/14/2026 12:18,69566,69566,ITCMS,IT CMS
SD1862293,Closed,CMS Interaction,UOMS,Mobile,3/14/2026 12:22,3/15/2026 6:55,71009,71009,Escalated Tickets ,OSS Mediation Support
SD1862294,Closed,CMS Interaction,POS and CMA,User Issue,3/14/2026 12:31,3/15/2026 6:43,21498,21498,VAS,VAS
SD1862295,Closed,CMS Interaction,RTCS,Short code and SMS,3/14/2026 13:00,3/14/2026 13:33,69566,69566,ITCMS,IT CMS
SD1862296,Closed,CMS Interaction,Pending Order,Fixed Voic and Data,3/14/2026 13:28,3/14/2026 13:36,69566,69566,ITCMS,IT CMS
SD1862297,Assign,CMS Interaction,RTCS,Short code and SMS,3/14/2026 14:49,,,,Escalated Tickets ,IT SMS Gateway
SD1862298,Closed,CMS Interaction,Pending Order,WFBB Order,3/14/2026 15:00,3/16/2026 22:06,P1832151,P1832151,Escalated Tickets ,BIP Billing
SD1862299,Closed,CMS Interaction,CRM,Other,3/14/2026 16:19,3/21/2026 4:07,S630048,S630048,Escalated Tickets ,ARBOR SUPPORT
SD1862300,Closed,CMS Interaction,UOMS,Mobile,3/14/2026 16:34,3/14/2026 17:28,69566,69566,ITCMS,IT CMS
SD1862302,Assign,CMS Interaction,CRM,Call details Routine,3/14/2026 16:38,,,69269,Escalated Tickets ,Mobile Core_CS Core_Standalone
SD1862303,Closed,CMS Interaction,UOMS,WFBB,3/14/2026 16:39,3/17/2026 8:12,Q511636,Q511636,Escalated Tickets ,BSS CRM
SD1862304,Closed,CMS Interaction,UOMS,Fixed Voic and Data,3/14/2026 16:45,3/24/2026 16:21,S5801880,S5801880,Escalated Tickets ,BIP Billing
SD1862305,Closed,CMS Interaction,CRM,CRM Down,3/14/2026 16:51,3/15/2026 11:34,10641326,10641326,Escalated Tickets ,ITSC
SD1862307,Closed,CMS Interaction,Pending Order,Mobile Postpaid,3/14/2026 16:58,3/15/2026 7:03,scheduledAction,W0213873,Escalated Tickets ,NEP Support
SD1862308,Closed,CMS Interaction,UOMS,Mobile,3/14/2026 17:08,3/14/2026 17:09,69566,69566,ITCMS,IT CMS
SD1862309,Closed,CMS Interaction,UOMS,Mobile,3/14/2026 17:10,3/15/2026 5:04,05766431,05766431,ITCMS,IT CMS
SD1862310,Assign,CMS Interaction,UOMS,Mobile,3/14/2026 17:16,,,,Escalated Tickets ,Mobile Core_CS Core_Standalone
SD1862311,Closed,CMS Interaction,UOMS,Mobile,3/14/2026 17:30,3/14/2026 17:33,69566,69566,ITCMS,IT CMS
SD1862312,Closed,CMS Interaction,Pending Order,RTCS Failure,3/14/2026 17:35,3/15/2026 5:16,19715928,19715928,Escalated Tickets ,ARBOR SUPPORT
SD1862313,Closed,CMS Interaction,POS and CMA,User Issue,3/14/2026 17:39,3/15/2026 5:03,05766431,05766431,ITCMS,IT CMS
SD1862314,Closed,CMS Interaction,Pending Order,Mobile Prepaid,3/14/2026 17:42,3/14/2026 19:48,scheduledAction,scheduledAction,ITCMS,IT CMS
SD1862315,Closed,CMS Interaction,Pending Order,Mobile Prepaid,3/14/2026 17:50,3/16/2026 10:49,70699048,70699048,Escalated Tickets ,BSS Interface
SD1862316,Closed,CMS Interaction,CRM,Other,3/14/2026 17:53,3/14/2026 21:14,69566,69566,ITCMS,IT CMS
SD1862317,Closed,CMS Interaction,RTCS,Short code and SMS,3/14/2026 18:03,3/14/2026 20:54,69566,69566,ITCMS,IT CMS
SD1862318,Closed,CMS Interaction,ITA,ITA,3/14/2026 18:05,3/14/2026 21:11,69566,69566,ITCMS,IT CMS
SD1862319,Closed,CMS Interaction,RTCS,Data Usage,3/14/2026 18:25,3/15/2026 5:00,05766431,05766431,ITCMS,IT CMS
SD1862320,Closed,CMS Interaction,UOMS,Mobile,3/14/2026 18:37,3/14/2026 21:09,69566,69566,ITCMS,IT CMS
SD1862321,Closed,CMS Interaction,UOMS,Mobile,3/14/2026 18:38,3/14/2026 20:46,69566,69566,ITCMS,IT CMS
SD1862322,Closed,CMS Interaction,RTCS,Short code and SMS,3/14/2026 18:44,3/14/2026 20:48,69566,69566,ITCMS,IT CMS
SD1862323,Closed,CMS Interaction,Pending Order,Mobile Prepaid,3/14/2026 18:47,3/14/2026 19:48,scheduledAction,scheduledAction,ITCMS,IT CMS
SD1862324,Closed,CMS Interaction,UOMS,HBB,3/14/2026 18:53,3/14/2026 20:42,69566,69566,ITCMS,IT CMS
SD1862325,Closed,CMS Interaction,Pending Order,Mobile Postpaid,3/14/2026 18:59,3/15/2026 10:00,scheduledAction,scheduledAction,Digital CICM L1 Support,Digital CICM L1 Support
SD1862326,Closed,CMS Interaction,UOMS,Mobile,3/14/2026 19:17,3/14/2026 20:36,69566,69566,ITCMS,IT CMS
SD1862327,Closed,CMS Interaction,UOMS,Mobile,3/14/2026 19:34,3/14/2026 21:04,69566,69566,ITCMS,IT CMS
SD1862328,Closed,CMS Interaction,ITA,ITA,3/14/2026 19:45,3/14/2026 20:34,69566,69566,ITCMS,IT CMS
SD1862329,Closed,CMS Interaction,RTCS,Family plan,3/14/2026 20:40,3/15/2026 6:17,19715928,19715928,Escalated Tickets ,ARBOR SUPPORT
SD1862330,Closed,CMS Interaction,UOMS,Mobile,3/14/2026 20:45,3/14/2026 20:47,69566,69566,ITCMS,IT CMS
SD1862332,Closed,CMS Interaction,RTCS,Data Usage,3/14/2026 21:03,3/15/2026 5:00,05766431,05766431,ITCMS,IT CMS
SD1862334,Closed,CMS Interaction,Pending Order,Mobile Prepaid,3/14/2026 23:17,3/18/2026 4:52,scheduledAction,19715928,Escalated Tickets ,ARBOR SUPPORT
SD1862335,Closed,CMS Interaction,Pending Order,Fixed Voic and Data,3/14/2026 23:56,3/15/2026 2:11,scheduledAction,scheduledAction,ITCMS,IT CMS
SD1862336,Closed,CMS Interaction,DDMS,Reconnection,3/15/2026 0:11,3/16/2026 21:30,P1832151,P1832151,Escalated Tickets ,BSS DDMS
SD1862345,Closed,CMS Interaction,UOMS,Mobile,3/15/2026 3:53,3/25/2026 7:34,10992754,3P01987,Digital SSM Support,Digital SSM Support
SD1862347,Closed,CMS Interaction,Pending Order,MPLS order,3/15/2026 4:01,3/30/2026 7:02,scheduledAction,95809,Activation Support,Activation Support
SD1862348,Closed,CMS Interaction,Pending Order,MPLS order,3/15/2026 4:01,3/17/2026 4:46,scheduledAction,95809,Activation Support,Activation Support
SD1862352,Closed,CMS Interaction,Pending Order,Fesibility Check Failure,3/15/2026 4:29,3/24/2026 11:59,scheduledAction,LR1995699,Escalated Tickets ,NEP Support
SD1862353,Closed,CMS Interaction,BIP Billing,Report,3/15/2026 4:31,3/22/2026 9:03,X6410019,Q511636,Escalated Tickets ,BSS CRM
SD1862356,Closed,CMS Interaction,CRM,Other,3/15/2026 4:57,3/16/2026 4:50,70141,70141,Escalated Tickets ,BSS RTCS
SD1862358,Closed,CMS Interaction,RTCS,Short code and SMS,3/15/2026 5:13,3/17/2026 7:11,11125603,11125603,ITCMS,IT CMS
SD1862360,Closed,CMS Interaction,POS and CMA,Reversal,3/15/2026 5:19,3/17/2026 6:07,X6410019,X6410019,Escalated Tickets ,BSS POS
SD1862361,Closed,CMS Interaction,UOMS,PortOut/PortIN,3/15/2026 5:30,3/15/2026 5:58,11125603,11125603,ITCMS,IT CMS
SD1862369,Closed,CMS Interaction,Pending Order,MPLS order,3/15/2026 5:52,3/15/2026 5:59,05766431,05766431,ITCMS,IT CMS
SD1862372,Closed,CMS Interaction,CRM,Other,3/15/2026 5:54,3/18/2026 7:21,69758,69758,Escalated Tickets ,ARBOR SUPPORT
SD1862373,Closed,CMS Interaction,Pending Order,Mobile Postpaid,3/15/2026 5:57,3/15/2026 6:16,05766431,05766431,ITCMS,IT CMS
SD1862374,Closed,CMS Interaction,CRM,Other,3/15/2026 5:58,3/15/2026 6:01,S630048,S630048,Escalated Tickets ,ARBOR SUPPORT
SD1862376,Closed,CMS Interaction,Pending Order,Fixed Voic and Data,3/15/2026 6:04,3/28/2026 17:41,W0213873,W0213873,Escalated Tickets ,NEP Support
SD1862379,Closed,CMS Interaction,CRM,Other,3/15/2026 6:06,3/15/2026 6:17,S630048,S630048,Escalated Tickets ,ARBOR SUPPORT
SD1862383,Closed,CMS Interaction,RTCS,Data Usage,3/15/2026 6:23,3/15/2026 6:47,69577,69577,ITCMS,IT CMS
SD1862384,Closed,CMS Interaction,CRM,Other,3/15/2026 6:23,3/15/2026 6:27,11125603,11125603,ITCMS,IT CMS
SD1862387,Closed,CMS Interaction,Pending Order,ITA order,3/15/2026 6:25,3/15/2026 6:33,scheduledAction,05766431,ITCMS,IT CMS
SD1862394,Closed,CMS Interaction,CRM,Other,3/15/2026 6:41,3/17/2026 8:18,Q511636,Q511636,Escalated Tickets ,BSS CRM
SD1862395,Closed,CMS Interaction,BIP Billing,Bill Amount Mismatch,3/15/2026 6:43,3/15/2026 10:59,L7990290,L7990290,Escalated Tickets ,BSS iPDF
SD1862396,Closed,CMS Interaction,UOMS,Mobile,3/15/2026 6:43,3/15/2026 9:09,12085,12085,Escalated Tickets ,BSS RTCS
SD1862397,Closed,CMS Interaction,UOMS,Fixed Voic and Data,3/15/2026 6:44,3/15/2026 7:11,69577,69577,ITCMS,IT CMS
SD1862398,Closed,CMS Interaction,Pending Order,Mobile Postpaid,3/15/2026 6:45,3/15/2026 6:58,05766431,05766431,ITCMS,IT CMS
SD1862400,Closed,CMS Interaction,UOMS,Mobile,3/15/2026 6:49,3/15/2026 7:14,69577,69577,ITCMS,IT CMS
SD1862406,Closed,CMS Interaction,Pending Order,Fixed Voic and Data,3/15/2026 7:05,3/15/2026 7:18,05766431,05766431,ITCMS,IT CMS
SD1862409,Closed,CMS Interaction,CRM,Other,3/15/2026 7:19,3/22/2026 8:56,X6410019,X6410019,Escalated Tickets ,BSS CRM
SD1862415,Closed,CMS Interaction,Pending Order,Mobile Postpaid,3/15/2026 7:18,3/16/2026 10:19,70699048,70699048,Escalated Tickets ,BSS Interface
SD1862419,Closed,CMS Interaction,BIP Billing,BIP Order Isuse,3/15/2026 7:23,3/15/2026 8:15,05766431,05766431,ITCMS,IT CMS
SD1862420,Closed,CMS Interaction,CRM,Other,3/15/2026 7:25,3/15/2026 8:24,05766431,05766431,ITCMS,IT CMS
SD1862421,Closed,CMS Interaction,Pending Order,Fixed Voic and Data,3/15/2026 7:30,3/15/2026 8:55,70699048,70699048,Escalated Tickets ,BSS Interface
SD1862422,Closed,CMS Interaction,BIP Billing,Others,3/15/2026 7:31,3/16/2026 8:40,19715928,19715928,Escalated Tickets ,ARBOR SUPPORT
SD1862424,Closed,CMS Interaction,UOMS,PortOut/PortIN,3/15/2026 7:35,3/15/2026 8:29,05766431,05766431,ITCMS,IT CMS
SD1862425,Closed,CMS Interaction,Pending Order,Fixed Voic and Data,3/15/2026 7:36,3/15/2026 7:50,05766431,05766431,ITCMS,IT CMS
SD1862426,Closed,CMS Interaction,UOMS,Mobile,3/15/2026 7:37,3/15/2026 9:46,70274,70274,Escalated Tickets ,OSS Mediation Support
SD1862427,Closed,CMS Interaction,Pending Order,Mobile Prepaid,3/15/2026 7:37,3/17/2026 8:48,Q511636,Q511636,Escalated Tickets ,BSS CRM
SD1862429,Closed,CMS Interaction,Pending Order,Mobile Postpaid,3/15/2026 7:43,3/15/2026 7:52,05766431,05766431,ITCMS,IT CMS
SD1862430,Closed,CMS Interaction,Pending Order,ITA order,3/15/2026 7:45,3/15/2026 7:54,05766431,05766431,ITCMS,IT CMS
SD1862432,Closed,CMS Interaction,BIP Billing,Bill Issue,3/15/2026 7:47,3/16/2026 10:48,L7990290,L7990290,Escalated Tickets ,BSS iPDF
SD1862433,Closed,CMS Interaction,UOMS,WFBB,3/15/2026 7:50,3/16/2026 8:52,19715928,19715928,Escalated Tickets ,ARBOR SUPPORT
SD1862436,Closed,CMS Interaction,CRM,Realize Number Issue,3/15/2026 7:56,4/5/2026 3:33,X6410019,X6410019,Escalated Tickets ,BSS CRM
SD1862438,Closed,CMS Interaction,Pending Order,Fesibility Check Failure,3/15/2026 8:00,4/5/2026 19:13,W0213873,W0213873,Escalated Tickets ,NEP Support
SD1862442,Closed,CMS Interaction,CRM,Other,3/15/2026 8:10,3/28/2026 16:42,W0213873,W0213873,Escalated Tickets ,NEP Support
SD1862444,Closed,CMS Interaction,Pending Order,Fixed Voic and Data,3/15/2026 8:15,3/16/2026 13:27,scheduledAction,19715928,Escalated Tickets ,ARBOR SUPPORT
SD1862446,Closed,CMS Interaction,CRM,Other,3/15/2026 8:18,3/15/2026 8:25,05766431,05766431,ITCMS,IT CMS
SD1862447,Closed,CMS Interaction,Pending Order,Fixed Voic and Data,3/15/2026 8:20,3/15/2026 8:51,11125603,11125603,ITCMS,IT CMS
SD1862451,Closed,CMS Interaction,BIP Billing,Others,3/15/2026 8:30,3/17/2026 4:42,19715928,19715928,Escalated Tickets ,ARBOR SUPPORT
SD1862456,Closed,CMS Interaction,CRM,Other,3/15/2026 8:29,3/15/2026 8:33,05766431,05766431,ITCMS,IT CMS
SD1862457,Closed,CMS Interaction,CRM,No Data Found,3/15/2026 8:34,3/17/2026 6:35,11125603,11125603,ITCMS,IT CMS
SD1862458,Closed,CMS Interaction,BIP Billing,Bill Issue,3/15/2026 8:36,3/16/2026 5:04,L7990290,L7990290,Escalated Tickets ,BSS iPDF
SD1862459,Closed,CMS Interaction,Pending Order,Fixed Voic and Data,3/15/2026 8:40,3/17/2026 6:52,19715928,19715928,Escalated Tickets ,ARBOR SUPPORT
SD1862460,Closed,CMS Interaction,UOMS,PortOut/PortIN,3/15/2026 8:41,3/17/2026 6:19,11125603,11125603,ITCMS,IT CMS
SD1862461,Closed,CMS Interaction,CRM,Other,3/15/2026 8:43,3/17/2026 8:24,Q511636,Q511636,Escalated Tickets ,BSS CRM
SD1862463,Closed,CMS Interaction,Preorder Issue,Invalid Data,3/15/2026 8:44,3/18/2026 7:11,19715928,19715928,Escalated Tickets ,ARBOR SUPPORT
SD1862465,Closed,CMS Interaction,CRM,Other,3/15/2026 8:45,3/18/2026 8:30,19715928,19715928,Escalated Tickets ,ARBOR SUPPORT
SD1862466,Closed,CMS Interaction,RTCS,Short code and SMS,3/15/2026 8:48,3/15/2026 17:32,37230,37230,ITCMS,IT CMS
SD1862467,Closed,CMS Interaction,Pending Order,Fixed Voic and Data,3/15/2026 8:48,3/15/2026 10:00,05766431,05766431,ITCMS,IT CMS
SD1862468,Closed,CMS Interaction,Pending Order,Fixed Voic and Data,3/15/2026 8:49,3/15/2026 9:59,05766431,05766431,ITCMS,IT CMS
SD1862476,Closed,CMS Interaction,CRM,Other,3/15/2026 8:58,3/15/2026 17:35,37230,37230,ITCMS,IT CMS
SD1862477,Closed,CMS Interaction,Pending Order,Mobile Postpaid,3/15/2026 9:00,3/15/2026 9:30,scheduledAction,69517,ITCMS,IT CMS
SD1862479,Closed,CMS Interaction,CRM,Other,3/15/2026 9:01,3/16/2026 10:27,19715928,19715928,Escalated Tickets ,ARBOR SUPPORT
SD1862480,Closed,CMS Interaction,Pending Order,RTCS Failure,3/15/2026 9:02,3/15/2026 10:10,05766431,05766431,ITCMS,IT CMS
SD1862482,Closed,CMS Interaction,Pending Order,Mobile Postpaid,3/15/2026 9:04,3/15/2026 9:30,scheduledAction,scheduledAction,ITCMS,IT CMS
SD1862485,Closed,CMS Interaction,CRM,Other,3/15/2026 9:07,3/18/2026 7:02,Q511636,Q511636,Escalated Tickets ,BSS CRM
SD1862487,Closed,CMS Interaction,BIP Billing,Bill Issue,3/15/2026 9:11,3/16/2026 10:49,L7990290,L7990290,Escalated Tickets ,BSS iPDF
SD1862488,Closed,CMS Interaction,RTCS,Short code and SMS,3/15/2026 9:12,3/15/2026 18:02,37230,37230,ITCMS,IT CMS
SD1862490,Closed,CMS Interaction,Pending Order,BIP Failure,3/15/2026 9:14,3/15/2026 10:59,scheduledAction,70699048,Escalated Tickets ,BSS Interface
SD1862496,Closed,CMS Interaction,BIP Billing,Bill Amount Mismatch,3/15/2026 9:17,3/16/2026 5:18,J2226589,J2226589,Escalated Tickets ,BIP Billing
SD1862497,Closed,CMS Interaction,BIP Billing,Bill Issue,3/15/2026 9:18,3/21/2026 3:58,S630048,S630048,Escalated Tickets ,ARBOR SUPPORT
SD1862498,Closed,CMS Interaction,Pending Order,BIP Failure,3/15/2026 9:19,3/15/2026 9:52,05766431,05766431,ITCMS,IT CMS
SD1862499,Closed,CMS Interaction,BIP Billing,Bill Issue,3/15/2026 9:20,3/15/2026 11:15,J2226589,J2226589,Escalated Tickets ,BIP Billing
SD1862502,Closed,CMS Interaction,Enterprise Billing, Wrong Rental Charges,3/15/2026 9:22,3/16/2026 5:20,J2226589,J2226589,Escalated Tickets ,BIP Billing
SD1862504,Closed,CMS Interaction,Pending Order,Mobile Prepaid,3/15/2026 9:24,3/15/2026 9:51,05766431,05766431,ITCMS,IT CMS
SD1862505,Closed,CMS Interaction,Pending Order,BIP Failure,3/15/2026 9:28,3/15/2026 9:50,05766431,05766431,ITCMS,IT CMS
SD1862506,Closed,CMS Interaction,CRM,CRM Down,3/15/2026 9:31,3/15/2026 9:49,05766431,05766431,ITCMS,IT CMS
SD1862509,Closed,CMS Interaction,Pending Order,Fixed Voic and Data,3/15/2026 9:36,3/16/2026 13:27,scheduledAction,19715928,Escalated Tickets ,ARBOR SUPPORT
SD1862511,Closed,CMS Interaction,Pending Order,Fixed Voic and Data,3/15/2026 9:40,3/15/2026 10:59,scheduledAction,70699048,Escalated Tickets ,BSS Interface
SD1862512,Closed,CMS Interaction,Pending Order,Fixed Voic and Data,3/15/2026 9:40,3/15/2026 9:45,LR1995699,LR1995699,Escalated Tickets ,NEP Support
SD1862516,Closed,CMS Interaction,Pending Order,Fixed Voic and Data,3/15/2026 9:45,3/16/2026 7:04,scheduledAction,19715928,Escalated Tickets ,ARBOR SUPPORT
SD1862526,Closed,CMS Interaction,Pending Order,Mobile Prepaid,3/15/2026 10:00,3/15/2026 10:01,05766431,05766431,ITCMS,IT CMS
SD1862536,Closed,CMS Interaction,RTCS,Short code and SMS,3/15/2026 10:25,3/15/2026 18:02,37230,37230,ITCMS,IT CMS
SD1862539,Closed,CMS Interaction,Pending Order,Mobile Postpaid,3/15/2026 10:28,3/15/2026 10:30,scheduledAction,scheduledAction,ITCMS,IT CMS
SD1862547,Closed,CMS Interaction,Pending Order,Fixed Voic and Data,3/15/2026 10:51,3/17/2026 9:44,scheduledAction,70699048,Escalated Tickets ,BSS Interface
SD1862548,Closed,CMS Interaction,Pending Order,Fesibility Check Failure,3/15/2026 10:52,3/17/2026 4:50,19715928,19715928,Escalated Tickets ,ARBOR SUPPORT
SD1862549,Closed,CMS Interaction,Pending Order,Mobile Prepaid,3/15/2026 10:52,3/24/2026 13:41,70699048,69758,BSS Apple Watch,BSS Apple Watch
SD1862550,Closed,CMS Interaction,Pending Order,Mobile Prepaid,3/15/2026 10:53,3/15/2026 11:30,scheduledAction,scheduledAction,ITCMS,IT CMS
SD1862552,Closed,CMS Interaction,UOMS,Connectivity Solutions,3/15/2026 10:58,3/15/2026 18:03,37230,37230,ITCMS,IT CMS
SD1862575,Closed,CMS Interaction,CRM,No Data Found,3/15/2026 11:45,3/17/2026 10:57,70141,70141,Escalated Tickets ,BSS RTCS
SD1862577,Closed,CMS Interaction,Pending Order,Fixed Voic and Data,3/15/2026 11:48,3/17/2026 7:54,LR1995699,LR1995699,Escalated Tickets ,NEP Support
SD1862579,Closed,CMS Interaction,Pending Order,Mobile Postpaid,3/15/2026 11:59,3/15/2026 12:25,scheduledAction,scheduledAction,ITCMS,IT CMS
SD1862587,Closed,CMS Interaction,Pending Order,BIP Failure,3/15/2026 12:23,3/15/2026 17:45,37230,37230,ITCMS,IT CMS
SD1862588,Closed,CMS Interaction,Pending Order,Mobile Postpaid,3/15/2026 12:24,3/15/2026 12:55,scheduledAction,scheduledAction,ITCMS,IT CMS
SD1862592,Closed,CMS Interaction,ITA,ITA,3/15/2026 12:58,3/17/2026 9:36,Q511636,Q511636,Escalated Tickets ,BSS CRM
SD1862593,Closed,CMS Interaction,Pending Order,Mobile Postpaid,3/15/2026 13:12,3/16/2026 7:04,scheduledAction,70141,ITCMS,IT CMS
SD1862594,Pending Other,CMS Interaction,Pending Order,WFBB Order,3/15/2026 13:21,,,LR1995699,Escalated Tickets ,NEP Support
SD1862595,Closed,CMS Interaction,RTCS,Short code and SMS,3/15/2026 13:34,3/15/2026 18:06,37230,37230,ITCMS,IT CMS
SD1862596,Closed,CMS Interaction,CRM,Other,3/15/2026 13:37,3/22/2026 9:04,X6410019,X6410019,Escalated Tickets ,BSS CRM
SD1862597,Closed,CMS Interaction,Pending Order,Mobile Postpaid,3/15/2026 13:53,3/16/2026 6:38,70274,70274,Escalated Tickets ,OSS Mediation Support
SD1862598,Closed,CMS Interaction,Pending Order,Mobile Prepaid,3/15/2026 14:03,3/15/2026 17:52,37230,37230,ITCMS,IT CMS
SD1862599,Closed,CMS Interaction,Pending Order,Fixed Voic and Data,3/15/2026 15:28,3/15/2026 17:51,37230,37230,ITCMS,IT CMS
SD1862600,Closed,CMS Interaction,RTCS,Short code and SMS,3/15/2026 15:37,3/15/2026 17:59,37230,37230,ITCMS,IT CMS
SD1862603,Closed,CMS Interaction,RTCS,Short code and SMS,3/15/2026 15:59,3/15/2026 17:39,37230,37230,ITCMS,IT CMS
SD1862604,Closed,CMS Interaction,Pending Order,Mobile Postpaid,3/15/2026 16:15,3/15/2026 17:57,37230,37230,ITCMS,IT CMS
SD1862605,Closed,CMS Interaction,Pending Order,BIP Failure,3/15/2026 16:33,3/15/2026 17:48,37230,37230,ITCMS,IT CMS
SD1862606,Closed,CMS Interaction,Pending Order,BIP Failure,3/15/2026 16:39,3/15/2026 17:48,37230,37230,ITCMS,IT CMS
SD1862607,Closed,CMS Interaction,BIP Billing,BIP Order Isuse,3/15/2026 16:40,3/18/2026 5:26,19715928,19715928,Escalated Tickets ,ARBOR SUPPORT
SD1862609,Closed,CMS Interaction,UOMS,PortOut/PortIN,3/15/2026 16:49,3/15/2026 17:58,37230,37230,ITCMS,IT CMS
SD1862610,Closed,CMS Interaction,RTCS,Short code and SMS,3/15/2026 16:55,3/17/2026 4:47,69517,69517,ITCMS,IT CMS
SD1862611,Closed,CMS Interaction,Pending Order,Mobile Prepaid,3/15/2026 16:58,3/15/2026 17:50,37230,37230,ITCMS,IT CMS
SD1862612,Closed,CMS Interaction,Pending Order,Fixed Voic and Data,3/15/2026 17:03,3/16/2026 9:01,scheduledAction,19715928,Escalated Tickets ,ARBOR SUPPORT
SD1862613,Closed,CMS Interaction,Preorder Issue,Invalid Data,3/15/2026 17:24,3/17/2026 9:37,Q511636,Q511636,Escalated Tickets ,BSS CRM
SD1862614,Closed,CMS Interaction,CRM,Other,3/15/2026 17:25,3/18/2026 7:11,Q511636,Q511636,Escalated Tickets ,BSS CRM
SD1862615,Closed,CMS Interaction,Pending Order,ITA order,3/15/2026 17:32,3/15/2026 17:42,37230,37230,ITCMS,IT CMS
SD1862616,Closed,CMS Interaction,Pending Order,Mobile Prepaid,3/15/2026 17:34,3/16/2026 8:34,scheduledAction,19715928,Escalated Tickets ,ARBOR SUPPORT
SD1862617,Closed,CMS Interaction,CRM,Other,3/15/2026 17:40,3/15/2026 18:04,37230,37230,ITCMS,IT CMS
SD1862621,Closed,CMS Interaction,RTCS,Data Usage,3/15/2026 18:06,3/17/2026 7:13,11125603,11125603,ITCMS,IT CMS
SD1862622,Closed,CMS Interaction,CRM,Other,3/15/2026 18:16,3/21/2026 3:56,S630048,S630048,Escalated Tickets ,ARBOR SUPPORT
SD1862624,Closed,CMS Interaction,Pending Order,Mobile Postpaid,3/15/2026 18:29,3/15/2026 19:14,37230,37230,ITCMS,IT CMS
SD1862625,Closed,CMS Interaction,CRM,Other,3/15/2026 18:32,3/16/2026 3:13,05766431,05766431,ITCMS,IT CMS
SD1862626,Closed,CMS Interaction,Pending Order,Mobile Prepaid,3/15/2026 18:39,3/15/2026 19:11,37230,37230,ITCMS,IT CMS
SD1862627,Closed,CMS Interaction,UOMS,Mobile,3/15/2026 18:49,3/16/2026 6:47,05766431,05766431,ITCMS,IT CMS
SD1862628,Closed,CMS Interaction,ITA,ITA,3/15/2026 18:50,3/15/2026 19:23,37230,37230,ITCMS,IT CMS
SD1862629,Closed,CMS Interaction,Pending Order,Mobile Postpaid,3/15/2026 19:07,3/15/2026 19:12,37230,37230,ITCMS,IT CMS
SD1862630,Closed,CMS Interaction,Pending Order,Mobile Postpaid,3/15/2026 19:10,3/15/2026 19:13,37230,37230,ITCMS,IT CMS
SD1862631,Closed,CMS Interaction,RTCS,Data Usage,3/15/2026 19:11,3/17/2026 4:38,05766431,05766431,ITCMS,IT CMS
SD1862632,Closed,CMS Interaction,UOMS,Mobile,3/15/2026 19:12,3/21/2026 3:52,S630048,S630048,Escalated Tickets ,ARBOR SUPPORT
SD1862633,Closed,CMS Interaction,Pending Order,Mobile Prepaid,3/15/2026 19:25,3/17/2026 10:15,scheduledAction,69496,ITCMS,IT CMS
SD1862634,Closed,CMS Interaction,Pending Order,Mobile Prepaid,3/15/2026 19:44,3/18/2026 8:56,69577,69577,ITCMS,IT CMS
SD1862635,Closed,CMS Interaction,CRM,Other,3/15/2026 19:45,3/22/2026 9:06,X6410019,X6410019,Escalated Tickets ,BSS CRM
SD1862636,Closed,CMS Interaction,CRM,CRM Down,3/15/2026 19:53,3/17/2026 9:39,Q511636,Q511636,Escalated Tickets ,BSS CRM
SD1862637,Closed,CMS Interaction,CRM,Slowness,3/15/2026 19:55,3/18/2026 7:23,Q511636,Q511636,Escalated Tickets ,BSS CRM
SD1862638,Closed,CMS Interaction,CRM,Other,3/15/2026 19:59,3/21/2026 3:46,S630048,S630048,Escalated Tickets ,ARBOR SUPPORT
SD1862639,Closed,CMS Interaction,CRM,Other,3/15/2026 20:01,3/18/2026 7:01,X6410019,X6410019,Escalated Tickets ,BSS CRM
SD1862640,Closed,CMS Interaction,UOMS,Fixed Voic and Data,3/15/2026 20:02,3/18/2026 7:06,X6410019,X6410019,Escalated Tickets ,BSS CRM
SD1862641,Closed,CMS Interaction,Pending Order,BIP Failure,3/15/2026 20:12,3/16/2026 5:40,69496,69496,ITCMS,IT CMS
SD1862642,Closed,CMS Interaction,Pending Order,Mobile Postpaid,3/15/2026 20:27,3/16/2026 7:30,69577,69577,ITCMS,IT CMS
SD1862643,Closed,CMS Interaction,Pending Order,Mobile Postpaid,3/15/2026 20:33,3/16/2026 5:37,scheduledAction,scheduledAction,ITCMS,IT CMS
SD1862644,Closed,CMS Interaction,Pending Order,BIP Failure,3/15/2026 20:42,3/16/2026 5:37,scheduledAction,scheduledAction,ITCMS,IT CMS
SD1862645,Closed,CMS Interaction,Pending Order,Mobile Prepaid,3/15/2026 20:47,3/16/2026 7:04,scheduledAction,70699048,Escalated Tickets ,BSS Interface
SD1862646,Closed,CMS Interaction,Pending Order,Mobile Postpaid,3/15/2026 20:53,3/16/2026 5:37,scheduledAction,scheduledAction,ITCMS,IT CMS
SD1862647,Closed,CMS Interaction,Pending Order,Mobile Postpaid,3/15/2026 21:01,3/16/2026 5:37,scheduledAction,scheduledAction,ITCMS,IT CMS
SD1862648,Closed,CMS Interaction,Pending Order,Fixed Voic and Data,3/15/2026 21:02,3/16/2026 5:37,scheduledAction,scheduledAction,ITCMS,IT CMS
SD1862649,Closed,CMS Interaction,Pending Order,WFBB Order,3/15/2026 21:03,3/16/2026 5:37,scheduledAction,scheduledAction,ITCMS,IT CMS
SD1862650,Closed,CMS Interaction,Pending Order,Mobile Postpaid,3/15/2026 21:14,3/16/2026 5:37,scheduledAction,69577,ITCMS,IT CMS
SD1862651,Closed,CMS Interaction,Pending Order,Mobile Postpaid,3/15/2026 21:20,3/16/2026 5:37,scheduledAction,scheduledAction,ITCMS,IT CMS
SD1862652,Closed,CMS Interaction,Pending Order,Mobile Postpaid,3/15/2026 21:27,3/16/2026 5:37,scheduledAction,scheduledAction,ITCMS,IT CMS
SD1862653,Closed,CMS Interaction,Pending Order,Mobile Postpaid,3/15/2026 21:29,3/16/2026 5:38,69496,69496,ITCMS,IT CMS
SD1862655,Closed,CMS Interaction,Pending Order,Mobile Postpaid,3/15/2026 21:38,3/16/2026 5:37,69496,69496,ITCMS,IT CMS
SD1862656,Closed,CMS Interaction,Pending Order,WFBB Order,3/15/2026 21:55,3/16/2026 5:36,69496,69496,ITCMS,IT CMS
SD1862657,Closed,CMS Interaction,Pending Order,BIP Failure,3/15/2026 21:56,3/16/2026 5:35,69496,69496,ITCMS,IT CMS
SD1862658,Closed,CMS Interaction,Pending Order,WFBB Order,3/15/2026 21:58,3/16/2026 5:34,69496,69496,ITCMS,IT CMS
SD1862659,Closed,CMS Interaction,Pending Order,Mobile Postpaid,3/15/2026 22:04,3/16/2026 5:32,69496,69496,ITCMS,IT CMS
SD1862660,Closed,CMS Interaction,UOMS,Mobile,3/15/2026 22:19,3/16/2026 5:39,05766431,05766431,ITCMS,IT CMS
SD1862661,Closed,CMS Interaction,Pending Order,Mobile Postpaid,3/15/2026 22:23,3/16/2026 16:23,scheduledAction,69517,ITCMS,IT CMS
SD1862662,Closed,CMS Interaction,Pending Order,Mobile Postpaid,3/15/2026 22:25,3/16/2026 5:37,scheduledAction,scheduledAction,ITCMS,IT CMS
SD1862663,Closed,CMS Interaction,Pending Order,Fixed Voic and Data,3/15/2026 22:35,3/16/2026 4:50,69577,69577,ITCMS,IT CMS
SD1862664,Closed,CMS Interaction,Pending Order,Mobile Postpaid,3/15/2026 22:44,3/16/2026 4:49,69577,69577,ITCMS,IT CMS
SD1862665,Closed,CMS Interaction,Pending Order,Mobile Postpaid,3/15/2026 23:05,3/16/2026 4:46,69577,69577,ITCMS,IT CMS
SD1862666,Closed,CMS Interaction,Pending Order,Mobile Postpaid,3/15/2026 23:33,3/16/2026 4:37,69577,69577,ITCMS,IT CMS
SD1862668,Closed,CMS Interaction,Pending Order,Mobile Postpaid,3/15/2026 23:39,3/16/2026 4:35,69577,69577,ITCMS,IT CMS
SD1862669,Closed,CMS Interaction,Pending Order,WFBB Order,3/15/2026 23:49,3/16/2026 4:25,69577,69577,ITCMS,IT CMS
SD1862670,Closed,CMS Interaction,Pending Order,Mobile Postpaid,3/16/2026 0:02,3/16/2026 4:22,69577,69577,ITCMS,IT CMS
SD1862671,Closed,CMS Interaction,DDMS,Reconnection,3/16/2026 0:03,3/16/2026 21:25,P1832151,P1832151,Escalated Tickets ,BSS DDMS
SD1862672,Closed,CMS Interaction,Pending Order,Mobile Postpaid,3/16/2026 1:10,3/16/2026 5:37,scheduledAction,scheduledAction,ITCMS,IT CMS
SD1862673,Closed,CMS Interaction,Pending Order,Mobile Prepaid,3/16/2026 1:41,3/16/2026 7:04,scheduledAction,05766431,ITCMS,IT CMS
SD1862674,Closed,CMS Interaction,Pending Order,Mobile Postpaid,3/16/2026 1:48,3/16/2026 5:38,scheduledAction,scheduledAction,ITCMS,IT CMS
SD1862675,Closed,CMS Interaction,Pending Order,WFBB Order,3/16/2026 2:20,3/16/2026 5:38,scheduledAction,scheduledAction,ITCMS,IT CMS
SD1862676,Closed,CMS Interaction,UOMS,Mobile,3/16/2026 2:47,3/16/2026 5:40,05766431,05766431,ITCMS,IT CMS
SD1862677,Closed,CMS Interaction,Pending Order,Mobile Postpaid,3/16/2026 2:58,3/16/2026 5:38,scheduledAction,69517,ITCMS,IT CMS
SD1862678,Closed,CMS Interaction,Pending Order,BIP Failure,3/16/2026 2:58,3/16/2026 4:32,69517,69517,ITCMS,IT CMS
SD1862679,Closed,CMS Interaction,Pending Order,Mobile Prepaid,3/16/2026 3:16,3/16/2026 4:00,69577,69577,ITCMS,IT CMS
SD1862680,Closed,CMS Interaction,Pending Order,Mobile Postpaid,3/16/2026 3:58,3/16/2026 4:29,69517,69517,ITCMS,IT CMS
SD1862681,Closed,CMS Interaction,Pending Order,MPLS order,3/16/2026 4:01,3/16/2026 4:08,scheduledAction,scheduledAction,Activation Support,Activation Support
SD1862682,Closed,CMS Interaction,Pending Order,MPLS order,3/16/2026 4:01,3/16/2026 4:08,scheduledAction,scheduledAction,Activation Support,Activation Support
SD1862683,Closed,CMS Interaction,Pending Order,MPLS order,3/16/2026 4:01,3/16/2026 4:08,scheduledAction,scheduledAction,Activation Support,Activation Support
SD1862684,Closed,CMS Interaction,Pending Order,MPLS order,3/16/2026 4:01,3/21/2026 4:03,scheduledAction,68523,Activation Support,Activation Support
SD1862686,Closed,CMS Interaction,UOMS,WFBB,3/16/2026 4:04,3/16/2026 5:31,69496,69496,ITCMS,IT CMS
SD1862705,Assign,CMS Interaction,RTCS,Short code and SMS,3/16/2026 4:56,,,,Escalated Tickets ,Mobile Core_CS Core_Standalone
SD1862706,Closed,CMS Interaction,Pending Order,Mobile Postpaid,3/16/2026 4:59,3/16/2026 5:31,69496,69496,ITCMS,IT CMS
SD1862708,Closed,CMS Interaction,Pending Order,Mobile Postpaid,3/16/2026 5:03,3/16/2026 5:30,69496,69496,ITCMS,IT CMS
SD1862710,Closed,CMS Interaction,CRM,Other,3/16/2026 5:07,3/16/2026 6:13,05766431,05766431,ITCMS,IT CMS
SD1862711,Closed,CMS Interaction,UOMS,Mobile,3/16/2026 5:12,3/18/2026 7:28,Q511636,Q511636,Escalated Tickets ,BSS CRM
SD1862712,Closed,CMS Interaction,Pending Order,Mobile Postpaid,3/16/2026 5:13,3/16/2026 5:29,69496,69496,ITCMS,IT CMS
SD1862714,Closed,CMS Interaction,Pending Order,WFBB Order,3/16/2026 5:16,3/16/2026 5:28,69496,69496,ITCMS,IT CMS
SD1862715,Closed,CMS Interaction,Pending Order,Mobile Postpaid,3/16/2026 5:19,3/16/2026 5:27,69496,69496,ITCMS,IT CMS
SD1862720,Closed,CMS Interaction,Pending Order,Fixed Voic and Data,3/16/2026 5:28,3/21/2026 3:44,S630048,S630048,Escalated Tickets ,ARBOR SUPPORT
SD1862722,Closed,CMS Interaction,RTCS,Data Usage,3/16/2026 5:31,3/16/2026 6:12,05766431,05766431,ITCMS,IT CMS
SD1862723,Closed,CMS Interaction,Pending Order,ITA order,3/16/2026 5:35,3/16/2026 6:01,05766431,05766431,ITCMS,IT CMS
SD1862724,Closed,CMS Interaction,RTCS,Short code and SMS,3/16/2026 5:37,3/16/2026 10:53,69577,69577,ITCMS,IT CMS
SD1862726,Closed,CMS Interaction,POS and CMA,Reversal,3/16/2026 5:41,3/17/2026 6:09,X6410019,X6410019,Escalated Tickets ,BSS POS
SD1862733,Closed,CMS Interaction,CRM,Other,3/16/2026 5:51,3/18/2026 8:58,69577,69577,ITCMS,IT CMS
SD1862734,Closed,CMS Interaction,Pending Order,Mobile Prepaid,3/16/2026 5:52,3/16/2026 6:02,05766431,05766431,ITCMS,IT CMS
SD1862735,Closed,CMS Interaction,CRM,Other,3/16/2026 5:52,3/16/2026 6:04,05766431,05766431,ITCMS,IT CMS
SD1862736,Closed,CMS Interaction,Pending Order,Mobile Postpaid,3/16/2026 5:54,3/16/2026 16:23,scheduledAction,05766431,ITCMS,IT CMS
SD1862738,Closed,CMS Interaction,CRM,Other,3/16/2026 5:59,3/16/2026 6:07,05766431,05766431,ITCMS,IT CMS
SD1862742,Closed,CMS Interaction,CRM,Other,3/16/2026 6:08,3/16/2026 6:16,05766431,05766431,ITCMS,IT CMS
SD1862744,Closed,CMS Interaction,Pending Order,Mobile Postpaid,3/16/2026 6:16,3/24/2026 5:34,J2226589,J2226589,Escalated Tickets ,BIP Billing
SD1862748,Closed,CMS Interaction,Pending Order,Mobile Postpaid,3/16/2026 6:27,3/16/2026 6:45,69496,69496,ITCMS,IT CMS
SD1862749,Closed,CMS Interaction,Pending Order,Mobile Postpaid,3/16/2026 6:28,3/16/2026 6:29,05766431,05766431,ITCMS,IT CMS
SD1862751,Closed,CMS Interaction,Pending Order,BIP Failure,3/16/2026 6:32,3/16/2026 7:04,scheduledAction,69496,ITCMS,IT CMS
SD1862754,Closed,CMS Interaction,CRM,Call details Routine,3/16/2026 6:37,3/17/2026 7:16,11125603,11125603,ITCMS,IT CMS
SD1862755,Closed,CMS Interaction,UOMS,Mobile,3/16/2026 6:41,3/26/2026 7:01,11125603,11125603,ITCMS,IT CMS
SD1862757,Closed,CMS Interaction,BIP Billing,Bill Issue,3/16/2026 6:45,3/31/2026 0:11,L7990290,L7990290,Escalated Tickets ,BSS iPDF
SD1862758,Closed,CMS Interaction,CRM,Other,3/16/2026 6:43,3/17/2026 4:35,05766431,05766431,ITCMS,IT CMS
SD1862759,Closed,CMS Interaction,Pending Order,Mobile Postpaid,3/16/2026 6:43,3/16/2026 6:48,05766431,05766431,ITCMS,IT CMS
SD1862762,Closed,CMS Interaction,Pending Order,Mobile Postpaid,3/16/2026 6:52,3/16/2026 16:23,scheduledAction,05766431,ITCMS,IT CMS
SD1862763,Closed,CMS Interaction,Pending Order,Fesibility Check Failure,3/16/2026 6:52,4/1/2026 9:10,LR1995699,LR1995699,Escalated Tickets ,NEP Support
SD1862765,Closed,CMS Interaction,Pending Order,Mobile Postpaid,3/16/2026 6:55,3/16/2026 16:23,scheduledAction,05766431,ITCMS,IT CMS
SD1862766,Closed,CMS Interaction,Pending Order,RTCS Failure,3/16/2026 6:56,3/17/2026 5:57,19715928,19715928,Escalated Tickets ,ARBOR SUPPORT
SD1862767,Closed,CMS Interaction,Pending Order,Mobile Postpaid,3/16/2026 6:57,3/16/2026 16:23,scheduledAction,69496,ITCMS,IT CMS
SD1862768,Closed,CMS Interaction,Pending Order,Mobile Postpaid,3/16/2026 6:57,3/16/2026 7:01,05766431,05766431,ITCMS,IT CMS
SD1862770,Closed,CMS Interaction,CRM,Other,3/16/2026 6:59,3/16/2026 18:32,37230,37230,ITCMS,IT CMS
SD1862772,Closed,CMS Interaction,BIP Billing,Bill Issue,3/16/2026 7:00,3/17/2026 5:29,J2226589,J2226589,Escalated Tickets ,BIP Billing
SD1862775,Closed,CMS Interaction,CRM,Other,3/16/2026 7:03,3/18/2026 8:52,Q511636,Q511636,Escalated Tickets ,BSS CRM
SD1862778,Closed,CMS Interaction,Pending Order,Mobile Postpaid,3/16/2026 7:06,3/16/2026 10:13,05766431,05766431,ITCMS,IT CMS
SD1862780,Closed,CMS Interaction,CRM,Other,3/16/2026 7:09,3/17/2026 2:26,05766431,05766431,ITCMS,IT CMS
SD1862783,Closed,CMS Interaction,Pending Order,Mobile Postpaid,3/16/2026 7:12,3/17/2026 2:47,05766431,05766431,ITCMS,IT CMS
SD1862787,Closed,CMS Interaction,RTCS,Data Usage,3/16/2026 7:18,3/17/2026 5:20,05766431,05766431,ITCMS,IT CMS
SD1862788,Closed,CMS Interaction,Pending Order,Mobile Postpaid,3/16/2026 7:20,3/16/2026 18:43,37230,37230,ITCMS,IT CMS
SD1862794,Closed,CMS Interaction,UOMS,Mobile,3/16/2026 7:29,3/16/2026 9:51,05766431,05766431,ITCMS,IT CMS
SD1862795,Closed,CMS Interaction,UOMS,WFBB,3/16/2026 7:30,3/17/2026 5:01,05766431,05766431,ITCMS,IT CMS
SD1862796,Closed,CMS Interaction,RTCS,Family plan,3/16/2026 7:31,3/21/2026 3:04,S630048,S630048,Escalated Tickets ,ARBOR SUPPORT
SD1862799,Closed,CMS Interaction,BIP Billing,Account Category Change,3/16/2026 7:36,3/17/2026 5:32,J2226589,J2226589,Escalated Tickets ,BIP Billing
SD1862800,Closed,CMS Interaction,RTCS,Data Usage,3/16/2026 7:37,3/16/2026 11:14,70141,70141,Escalated Tickets ,BSS RTCS
SD1862802,Closed,CMS Interaction,CRM,Other,3/16/2026 7:40,3/17/2026 2:27,05766431,05766431,ITCMS,IT CMS
SD1862803,Closed,CMS Interaction,UOMS,Mobile,3/16/2026 7:43,3/17/2026 2:26,05766431,05766431,ITCMS,IT CMS
SD1862804,Closed,CMS Interaction,CRM,Other,3/16/2026 7:45,3/17/2026 4:59,05766431,05766431,ITCMS,IT CMS
SD1862805,Closed,CMS Interaction,CRM,Other,3/16/2026 7:47,3/17/2026 5:46,19715928,19715928,Escalated Tickets ,ARBOR SUPPORT
SD1862808,Closed,CMS Interaction,Pending Order,Mobile Prepaid,3/16/2026 7:51,3/16/2026 18:43,37230,37230,ITCMS,IT CMS
SD1862809,Closed,CMS Interaction,CRM,Other,3/16/2026 7:55,3/16/2026 9:46,05766431,05766431,ITCMS,IT CMS
SD1862810,Closed,CMS Interaction,Pending Order,Mobile Postpaid,3/16/2026 7:55,3/16/2026 9:40,05766431,05766431,ITCMS,IT CMS
SD1862811,Closed,CMS Interaction,BIP Billing,Commitment,3/16/2026 7:56,3/18/2026 11:48,19715928,19715928,Escalated Tickets ,ARBOR SUPPORT
SD1862812,Closed,CMS Interaction,Pending Order,Mobile Postpaid,3/16/2026 8:00,3/16/2026 16:23,scheduledAction,scheduledAction,ITCMS,IT CMS
SD1862814,Closed,CMS Interaction,Pending Order,Mobile Prepaid,3/16/2026 8:04,3/16/2026 16:24,scheduledAction,05766431,ITCMS,IT CMS
SD1862817,Closed,CMS Interaction,CRM,Other,3/16/2026 8:05,3/18/2026 7:40,Q511636,Q511636,Escalated Tickets ,BSS CRM
SD1862818,Closed,CMS Interaction,Pending Order,Mobile Prepaid,3/16/2026 8:06,3/17/2026 2:48,05766431,05766431,ITCMS,IT CMS
SD1862821,Closed,CMS Interaction,UOMS,Mobile,3/16/2026 8:12,3/16/2026 9:51,05766431,05766431,ITCMS,IT CMS
SD1862822,Closed,CMS Interaction,CRM,Other,3/16/2026 8:12,3/17/2026 9:45,70699048,70699048,Escalated Tickets ,BSS Interface
SD1862823,Closed,CMS Interaction,CRM,Other,3/16/2026 8:13,3/16/2026 9:44,05766431,05766431,ITCMS,IT CMS
SD1862825,Closed,CMS Interaction,Pending Order,Fixed Voic and Data,3/16/2026 8:14,3/16/2026 9:43,05766431,05766431,ITCMS,IT CMS
SD1862826,Closed,CMS Interaction,CRM,Other,3/16/2026 8:17,3/17/2026 2:25,05766431,05766431,ITCMS,IT CMS
SD1862827,Closed,CMS Interaction,RTCS,Short code and SMS,3/16/2026 8:17,3/17/2026 6:37,11125603,11125603,ITCMS,IT CMS
SD1862828,Closed,CMS Interaction,Pending Order,RTCS Failure,3/16/2026 8:18,3/17/2026 2:25,05766431,05766431,ITCMS,IT CMS
SD1862832,Closed,CMS Interaction,UOMS,Fixed Voic and Data,3/16/2026 8:22,3/17/2026 5:38,J2226589,J2226589,Escalated Tickets ,BIP Billing
SD1862838,Closed,CMS Interaction,CRM,Other,3/16/2026 8:30,3/16/2026 8:37,S630048,S630048,Escalated Tickets ,ARBOR SUPPORT
SD1862841,Closed,CMS Interaction,DDMS,DDMS Interface,3/16/2026 8:31,3/16/2026 21:23,P1832151,70507,Escalated Tickets ,BSS DDMS
SD1862846,Closed,CMS Interaction,UOMS,Mobile,3/16/2026 8:36,3/16/2026 9:41,05766431,05766431,ITCMS,IT CMS
SD1862847,Closed,CMS Interaction,Pending Order,Mobile Postpaid,3/16/2026 8:36,3/16/2026 9:31,scheduledAction,scheduledAction,ITCMS,IT CMS
SD1862851,Closed,CMS Interaction,Pending Order,RTCS Failure,3/16/2026 8:43,3/16/2026 9:02,scheduledAction,scheduledAction,ITCMS,IT CMS
SD1862853,Closed,CMS Interaction,Pending Order,Mobile Postpaid,3/16/2026 8:57,3/16/2026 16:24,scheduledAction,scheduledAction,ITCMS,IT CMS
SD1862854,Closed,CMS Interaction,Pending Order,Mobile Postpaid,3/16/2026 8:49,3/16/2026 9:31,scheduledAction,scheduledAction,ITCMS,IT CMS
SD1862858,Closed,CMS Interaction,Pending Order,Mobile Postpaid,3/16/2026 8:54,3/16/2026 16:24,scheduledAction,05766431,ITCMS,IT CMS
SD1862859,Closed,CMS Interaction,UOMS,Mobile,3/16/2026 8:54,3/16/2026 9:41,05766431,05766431,ITCMS,IT CMS
SD1862860,Closed,CMS Interaction,Pending Order,Mobile Postpaid,3/16/2026 8:58,3/16/2026 16:24,scheduledAction,scheduledAction,ITCMS,IT CMS
SD1862863,Closed,CMS Interaction,Pending Order,Mobile Postpaid,3/16/2026 9:00,3/16/2026 10:10,05766431,05766431,ITCMS,IT CMS
SD1862864,Closed,CMS Interaction,Pending Order,Fixed Voic and Data,3/16/2026 9:01,3/16/2026 10:09,05766431,05766431,ITCMS,IT CMS
SD1862865,Closed,CMS Interaction,Pending Order,RTCS Failure,3/16/2026 9:03,3/16/2026 11:18,69496,69496,ITCMS,IT CMS
SD1862871,Closed,CMS Interaction,Pending Order,Mobile Prepaid,3/16/2026 9:07,3/16/2026 10:06,05766431,05766431,ITCMS,IT CMS
SD1862873,Closed,CMS Interaction,CRM,Other,3/16/2026 9:10,3/17/2026 2:24,05766431,05766431,ITCMS,IT CMS
SD1862875,Closed,CMS Interaction,UOMS,Mobile,3/16/2026 9:16,3/26/2026 10:44,3P00819,3P00819,Escalated Tickets ,Digital CICM Support
SD1862877,Closed,CMS Interaction,Preorder Issue,Invalid Data,3/16/2026 9:18,3/17/2026 5:15,19715928,19715928,Escalated Tickets ,ARBOR SUPPORT
SD1862878,Closed,CMS Interaction,CRM,Other,3/16/2026 9:20,3/17/2026 2:24,05766431,05766431,ITCMS,IT CMS
SD1862879,Closed,CMS Interaction,CRM,Other,3/16/2026 9:20,3/17/2026 2:23,05766431,05766431,ITCMS,IT CMS
SD1862880,Closed,CMS Interaction,Pending Order,Mobile Postpaid,3/16/2026 9:22,3/16/2026 16:24,scheduledAction,69517,ITCMS,IT CMS
SD1862881,Closed,CMS Interaction,BIP Billing,Bill Issue,3/16/2026 9:25,3/16/2026 11:11,J2226589,J2226589,Escalated Tickets ,BIP Billing
SD1862882,Closed,CMS Interaction,BIP Billing,Bill Issue,3/16/2026 9:29,3/17/2026 8:07,X6410019,X6410019,Escalated Tickets ,BSS CMA
SD1862883,Closed,CMS Interaction,Pending Order,Mobile Postpaid,3/16/2026 9:33,3/16/2026 16:24,scheduledAction,scheduledAction,ITCMS,IT CMS
SD1862884,Closed,CMS Interaction,Pending Order,Mobile Prepaid,3/16/2026 9:35,3/16/2026 10:05,05766431,05766431,ITCMS,IT CMS
SD1862885,Closed,CMS Interaction,CRM,Other,3/16/2026 9:36,3/16/2026 9:57,S630048,S630048,Escalated Tickets ,ARBOR SUPPORT
SD1862886,Closed,CMS Interaction,Pending Order,Fixed Voic and Data,3/16/2026 9:38,3/16/2026 10:04,05766431,05766431,ITCMS,IT CMS
SD1862887,Closed,CMS Interaction,Pending Order,Mobile Postpaid,3/16/2026 9:39,3/16/2026 10:02,scheduledAction,05766431,ITCMS,IT CMS
SD1862888,Closed,CMS Interaction,Pending Order,Mobile Postpaid,3/16/2026 9:40,3/16/2026 16:24,scheduledAction,scheduledAction,ITCMS,IT CMS
SD1862889,Closed,CMS Interaction,UOMS,Mobile,3/16/2026 9:40,3/17/2026 2:23,05766431,05766431,ITCMS,IT CMS
SD1862890,Closed,CMS Interaction,UOMS,Mobile,3/16/2026 9:42,3/17/2026 5:13,05766431,05766431,ITCMS,IT CMS
SD1862892,Closed,CMS Interaction,RTCS,Data Usage,3/16/2026 9:44,3/17/2026 6:42,11125603,11125603,ITCMS,IT CMS
SD1862893,Closed,CMS Interaction,Pending Order,RTCS Failure,3/16/2026 9:45,3/24/2026 8:54,LR1995699,LR1995699,Escalated Tickets ,NEP Support
SD1862895,Closed,CMS Interaction,Pending Order,Mobile Postpaid,3/16/2026 9:49,3/16/2026 18:10,37230,37230,ITCMS,IT CMS
SD1862899,Closed,CMS Interaction,Pending Order,Mobile Prepaid,3/16/2026 9:56,3/16/2026 18:10,37230,37230,ITCMS,IT CMS
SD1862902,Closed,CMS Interaction,CRM,Other,3/16/2026 10:00,3/22/2026 9:08,X6410019,X6410019,Escalated Tickets ,BSS CRM
SD1862903,Closed,CMS Interaction,CRM,Other,3/16/2026 10:04,3/18/2026 11:53,19715928,19715928,Escalated Tickets ,ARBOR SUPPORT
SD1862912,Closed,CMS Interaction,CRM,Other,3/16/2026 10:13,3/16/2026 10:15,05766431,05766431,ITCMS,IT CMS
SD1862913,Closed,CMS Interaction,Pending Order,Mobile Postpaid,3/16/2026 10:13,3/16/2026 18:09,37230,37230,ITCMS,IT CMS
SD1862914,Closed,CMS Interaction,Pending Order,BIP Failure,3/16/2026 10:13,3/16/2026 10:32,scheduledAction,scheduledAction,ITCMS,IT CMS
SD1862916,Closed,CMS Interaction,Pending Order,Mobile Prepaid,3/16/2026 10:13,3/16/2026 16:24,scheduledAction,scheduledAction,ITCMS,IT CMS
SD1862919,Closed,CMS Interaction,UOMS,Mobile,3/16/2026 10:14,3/17/2026 7:15,71009,70274,Escalated Tickets ,OSS Mediation Support
SD1862944,Closed,CMS Interaction,Pending Order,ITA order,3/16/2026 10:27,3/16/2026 16:24,scheduledAction,scheduledAction,ITCMS,IT CMS
SD1862946,Closed,CMS Interaction,Pending Order,Mobile Postpaid,3/16/2026 10:30,3/16/2026 16:24,scheduledAction,scheduledAction,ITCMS,IT CMS
SD1862949,Closed,CMS Interaction,CRM,Other,3/16/2026 10:39,3/16/2026 19:46,37230,37230,ITCMS,IT CMS
SD1862950,Closed,CMS Interaction,Pending Order,Mobile Postpaid,3/16/2026 10:39,3/16/2026 16:24,scheduledAction,scheduledAction,ITCMS,IT CMS
SD1862962,Closed,CMS Interaction,Pending Order,Mobile Postpaid,3/16/2026 10:45,3/16/2026 16:24,scheduledAction,scheduledAction,ITCMS,IT CMS
SD1862964,Closed,CMS Interaction,Pending Order,Mobile Postpaid,3/16/2026 10:47,3/16/2026 16:24,scheduledAction,scheduledAction,ITCMS,IT CMS
SD1862966,Closed,CMS Interaction,Pending Order,Mobile Postpaid,3/16/2026 10:47,3/16/2026 16:24,scheduledAction,scheduledAction,ITCMS,IT CMS
SD1862967,Closed,CMS Interaction,CRM,Other,3/16/2026 10:49,3/16/2026 18:38,37230,37230,ITCMS,IT CMS
SD1862968,Closed,CMS Interaction,Pending Order,Fixed Voic and Data,3/16/2026 10:53,3/16/2026 11:24,69496,69496,ITCMS,IT CMS
SD1862969,Closed,CMS Interaction,Pending Order,Mobile Postpaid,3/16/2026 10:57,3/16/2026 16:24,scheduledAction,scheduledAction,ITCMS,IT CMS
SD1862970,Closed,CMS Interaction,Pending Order,Fixed Voic and Data,3/16/2026 10:58,3/16/2026 17:58,37230,37230,ITCMS,IT CMS
SD1862974,Closed,CMS Interaction,RTCS,Short code and SMS,3/16/2026 11:02,3/17/2026 7:03,11125603,11125603,ITCMS,IT CMS
SD1862975,Closed,CMS Interaction,Pending Order,Fixed Voic and Data,3/16/2026 11:02,3/17/2026 6:04,19715928,19715928,Escalated Tickets ,ARBOR SUPPORT
SD1862978,Closed,CMS Interaction,UOMS,Mobile,3/16/2026 11:06,3/16/2026 18:37,37230,37230,ITCMS,IT CMS
SD1862979,Closed,CMS Interaction,Pending Order,Mobile Postpaid,3/16/2026 11:06,3/16/2026 16:24,scheduledAction,scheduledAction,ITCMS,IT CMS
SD1862980,Closed,CMS Interaction,Pending Order,Mobile Prepaid,3/16/2026 11:08,3/16/2026 18:08,37230,37230,ITCMS,IT CMS
SD1862981,Closed,CMS Interaction,Pending Order,Mobile Postpaid,3/16/2026 11:14,3/16/2026 18:08,37230,37230,ITCMS,IT CMS
SD1862983,Closed,CMS Interaction,Pending Order,Mobile Postpaid,3/16/2026 11:17,3/16/2026 16:24,scheduledAction,scheduledAction,ITCMS,IT CMS
SD1862984,Closed,CMS Interaction,Pending Order,Fixed Voic and Data,3/16/2026 11:23,3/16/2026 17:55,37230,37230,ITCMS,IT CMS
SD1862986,Closed,CMS Interaction,Pending Order,Mobile Prepaid,3/16/2026 11:25,3/16/2026 18:08,37230,37230,ITCMS,IT CMS
SD1862987,Closed,CMS Interaction,Pending Order,Mobile Prepaid,3/16/2026 11:28,3/16/2026 17:54,37230,37230,ITCMS,IT CMS
SD1862988,In Progress,CMS Interaction,RTCS,Data Usage,3/16/2026 11:30,,,69350,HYPERION,HYPERION
SD1862989,Closed,CMS Interaction,Pending Order,Fixed Voic and Data,3/16/2026 11:35,3/16/2026 18:03,37230,37230,ITCMS,IT CMS
SD1862990,Closed,CMS Interaction,Pending Order,Fixed Voic and Data,3/16/2026 11:41,3/16/2026 18:02,37230,37230,ITCMS,IT CMS
SD1862991,Closed,CMS Interaction,Pending Order,Fixed Voic and Data,3/16/2026 11:43,3/16/2026 18:01,37230,37230,ITCMS,IT CMS
SD1862993,Closed,CMS Interaction,CRM,Other,3/16/2026 11:46,3/23/2026 10:15,X6410019,X6410019,Escalated Tickets ,BSS CRM
SD1862994,Closed,CMS Interaction,Pending Order,Mobile Postpaid,3/16/2026 11:46,3/16/2026 16:56,scheduledAction,scheduledAction,ITCMS,IT CMS
SD1862995,Closed,CMS Interaction,Pending Order,Mobile Postpaid,3/16/2026 11:50,3/16/2026 16:24,scheduledAction,scheduledAction,ITCMS,IT CMS
SD1862996,Closed,CMS Interaction,Pending Order,Mobile Postpaid,3/16/2026 11:51,3/16/2026 16:24,scheduledAction,scheduledAction,ITCMS,IT CMS
SD1862997,Closed,CMS Interaction,Pending Order,Mobile Postpaid,3/16/2026 12:05,3/16/2026 16:24,scheduledAction,scheduledAction,ITCMS,IT CMS
SD1862998,Closed,CMS Interaction,CRM,Other,3/16/2026 12:15,3/17/2026 5:15,05766431,05766431,ITCMS,IT CMS
SD1863001,Closed,CMS Interaction,UOMS,Mobile,3/16/2026 12:19,3/16/2026 19:44,37230,37230,ITCMS,IT CMS
SD1863003,Closed,CMS Interaction,Pending Order,Mobile Postpaid,3/16/2026 12:32,3/16/2026 18:07,37230,37230,ITCMS,IT CMS
SD1863004,Closed,CMS Interaction,Pending Order,Mobile Postpaid,3/16/2026 12:32,3/16/2026 16:24,scheduledAction,scheduledAction,ITCMS,IT CMS
SD1863005,Closed,CMS Interaction,Pending Order,Mobile Postpaid,3/16/2026 12:33,3/16/2026 16:24,scheduledAction,scheduledAction,ITCMS,IT CMS
SD1863006,Closed,CMS Interaction,Pending Order,Fixed Voic and Data,3/16/2026 12:37,3/17/2026 18:07,37230,37230,ITCMS,IT CMS
SD1863009,Closed,CMS Interaction,Pending Order,Mobile Postpaid,3/16/2026 12:48,3/16/2026 18:06,37230,37230,ITCMS,IT CMS
SD1863010,Closed,CMS Interaction,UOMS,Mobile,3/16/2026 12:51,3/16/2026 19:43,37230,37230,ITCMS,IT CMS
SD1863011,Closed,CMS Interaction,Pending Order,Mobile Prepaid,3/16/2026 12:53,3/17/2026 10:15,scheduledAction,05766431,ITCMS,IT CMS
SD1863012,Closed,CMS Interaction,Pending Order,Mobile Prepaid,3/16/2026 13:05,3/16/2026 19:21,scheduledAction,19715928,Escalated Tickets ,ARBOR SUPPORT
SD1863013,Closed,CMS Interaction,UOMS,Mobile,3/16/2026 13:06,3/16/2026 19:42,37230,37230,ITCMS,IT CMS
SD1863014,Closed,CMS Interaction,Pending Order,Mobile Postpaid,3/16/2026 13:12,3/16/2026 16:24,scheduledAction,scheduledAction,ITCMS,IT CMS
SD1863015,Closed,CMS Interaction,RTCS,Data Usage,3/16/2026 13:27,3/16/2026 18:34,37230,37230,ITCMS,IT CMS
SD1863016,Closed,CMS Interaction,Pending Order,Mobile Postpaid,3/16/2026 13:27,3/16/2026 18:06,37230,37230,ITCMS,IT CMS
SD1863017,Closed,CMS Interaction,Pending Order,Mobile Postpaid,3/16/2026 13:28,3/16/2026 16:24,scheduledAction,scheduledAction,ITCMS,IT CMS
SD1863018,Closed,CMS Interaction,Pending Order,Mobile Postpaid,3/16/2026 13:29,3/16/2026 18:05,37230,37230,ITCMS,IT CMS
SD1863019,Closed,CMS Interaction,Pending Order,Fixed Voic and Data,3/16/2026 13:39,3/16/2026 17:52,37230,37230,ITCMS,IT CMS
SD1863020,Closed,CMS Interaction,Pending Order,Mobile Postpaid,3/16/2026 13:43,3/16/2026 18:12,37230,37230,ITCMS,IT CMS
SD1863021,Closed,CMS Interaction,Pending Order,RTCS Failure,3/16/2026 13:55,3/17/2026 10:15,scheduledAction,05766431,ITCMS,IT CMS
SD1863022,Closed,CMS Interaction,Pending Order,Fixed Voic and Data,3/16/2026 13:57,3/16/2026 17:51,37230,37230,ITCMS,IT CMS
SD1863023,Closed,CMS Interaction,UOMS,Mobile,3/16/2026 14:04,3/17/2026 7:20,71009,71009,Escalated Tickets ,OSS Mediation Support
SD1863024,Closed,CMS Interaction,CRM,Other,3/16/2026 14:06,3/16/2026 18:48,37230,37230,ITCMS,IT CMS
SD1863026,Closed,CMS Interaction,Pending Order,Mobile Postpaid,3/16/2026 14:35,3/16/2026 16:25,scheduledAction,scheduledAction,ITCMS,IT CMS
SD1863027,Closed,CMS Interaction,Pending Order,BIP Failure,3/16/2026 14:41,3/16/2026 18:04,37230,37230,ITCMS,IT CMS
SD1863029,Closed,CMS Interaction,Pending Order,Mobile Postpaid,3/16/2026 15:09,3/16/2026 16:25,scheduledAction,scheduledAction,ITCMS,IT CMS
SD1863030,Closed,CMS Interaction,Pending Order,Mobile Postpaid,3/16/2026 15:13,3/16/2026 16:25,scheduledAction,scheduledAction,ITCMS,IT CMS
SD1863031,Closed,CMS Interaction,Pending Order,Mobile Postpaid,3/16/2026 15:15,3/16/2026 18:11,37230,37230,ITCMS,IT CMS
SD1863032,Closed,CMS Interaction,Pending Order,Fixed Voic and Data,3/16/2026 15:18,3/16/2026 18:04,37230,37230,ITCMS,IT CMS
SD1863033,Closed,CMS Interaction,RTCS,Short code and SMS,3/16/2026 15:22,3/16/2026 19:41,37230,37230,ITCMS,IT CMS
SD1863034,Closed,CMS Interaction,Pending Order,Mobile Postpaid,3/16/2026 15:24,3/16/2026 16:25,scheduledAction,scheduledAction,ITCMS,IT CMS
SD1863035,Closed,CMS Interaction,Pending Order,Mobile Postpaid,3/16/2026 15:27,3/16/2026 16:25,scheduledAction,scheduledAction,ITCMS,IT CMS
SD1863036,Closed,CMS Interaction,Pending Order,Mobile Postpaid,3/16/2026 15:30,3/16/2026 18:11,37230,37230,ITCMS,IT CMS
SD1863038,Closed,CMS Interaction,Pending Order,Mobile Postpaid,3/16/2026 15:33,3/16/2026 16:25,scheduledAction,scheduledAction,ITCMS,IT CMS
SD1863039,Closed,CMS Interaction,Pending Order,Mobile Postpaid,3/16/2026 15:34,3/16/2026 16:25,scheduledAction,scheduledAction,ITCMS,IT CMS
SD1863041,Closed,CMS Interaction,Pending Order,Mobile Postpaid,3/16/2026 15:46,3/16/2026 16:25,scheduledAction,scheduledAction,ITCMS,IT CMS
SD1863043,Closed,CMS Interaction,ITA,ITA,3/16/2026 15:48,3/16/2026 18:47,37230,37230,ITCMS,IT CMS
SD1863044,Closed,CMS Interaction,Pending Order,Mobile Postpaid,3/16/2026 15:52,3/16/2026 18:18,37230,37230,ITCMS,IT CMS
SD1863045,Closed,CMS Interaction,CRM,Other,3/16/2026 15:57,3/17/2026 5:58,05766431,05766431,ITCMS,IT CMS
SD1863046,Closed,CMS Interaction,CRM,Other,3/16/2026 16:14,3/17/2026 5:16,05766431,05766431,ITCMS,IT CMS
SD1863048,Closed,CMS Interaction,Pending Order,RTCS Failure,3/16/2026 16:22,3/17/2026 7:12,71009,71009,Escalated Tickets ,OSS Mediation Support
SD1863050,Closed,CMS Interaction,ITA,ITA,3/16/2026 16:30,3/16/2026 19:48,37230,37230,ITCMS,IT CMS
SD1863051,Closed,CMS Interaction,Pending Order,Mobile Postpaid,3/16/2026 16:30,3/17/2026 5:16,05766431,05766431,ITCMS,IT CMS
SD1863052,Closed,CMS Interaction,Pending Order,Mobile Postpaid,3/16/2026 16:30,3/17/2026 7:11,71009,71009,Escalated Tickets ,OSS Mediation Support
SD1863053,Closed,CMS Interaction,Pending Order,Fixed Voic and Data,3/16/2026 16:31,3/18/2026 11:55,19715928,19715928,Escalated Tickets ,ARBOR SUPPORT
SD1863055,Closed,CMS Interaction,Pending Order,Mobile Postpaid,3/16/2026 16:37,3/17/2026 7:10,71009,71009,Escalated Tickets ,OSS Mediation Support
SD1863056,Closed,CMS Interaction,Pending Order,RTCS Failure,3/16/2026 16:41,3/16/2026 16:56,scheduledAction,scheduledAction,ITCMS,IT CMS
SD1863057,Closed,CMS Interaction,Pending Order,Mobile Postpaid,3/16/2026 16:45,3/16/2026 16:56,scheduledAction,scheduledAction,ITCMS,IT CMS
SD1863058,Closed,CMS Interaction,Pending Order,Mobile Prepaid,3/16/2026 16:46,3/16/2026 17:26,scheduledAction,scheduledAction,ITCMS,IT CMS
SD1863059,Closed,CMS Interaction,Pending Order,Mobile Postpaid,3/16/2026 16:47,3/18/2026 11:58,19715928,19715928,Escalated Tickets ,ARBOR SUPPORT
SD1863060,Closed,CMS Interaction,Pending Order,Mobile Postpaid,3/16/2026 16:50,3/16/2026 18:20,37230,37230,ITCMS,IT CMS
SD1863061,Closed,CMS Interaction,Pending Order,Mobile Prepaid,3/16/2026 16:53,3/16/2026 17:26,scheduledAction,scheduledAction,ITCMS,IT CMS
SD1863062,Closed,CMS Interaction,Pending Order,Mobile Postpaid,3/16/2026 16:54,3/16/2026 17:26,scheduledAction,scheduledAction,ITCMS,IT CMS
SD1863063,Closed,CMS Interaction,Pending Order,Mobile Prepaid,3/16/2026 16:57,3/16/2026 17:26,scheduledAction,scheduledAction,ITCMS,IT CMS
SD1863064,Closed,CMS Interaction,CRM,Other,3/16/2026 16:57,3/17/2026 4:53,70141,70141,Escalated Tickets ,BSS RTCS
SD1863065,Closed,CMS Interaction,Pending Order,BIP Failure,3/16/2026 16:57,3/16/2026 17:26,scheduledAction,scheduledAction,ITCMS,IT CMS
SD1863066,Closed,CMS Interaction,Pending Order,Mobile Prepaid,3/16/2026 16:58,3/16/2026 17:26,scheduledAction,scheduledAction,ITCMS,IT CMS
SD1863067,Closed,CMS Interaction,Pending Order,Mobile Postpaid,3/16/2026 16:59,3/16/2026 18:22,scheduledAction,scheduledAction,ITCMS,IT CMS
SD1863069,Closed,CMS Interaction,Pending Order,Mobile Prepaid,3/16/2026 17:01,3/16/2026 17:26,scheduledAction,scheduledAction,ITCMS,IT CMS
SD1863070,Closed,CMS Interaction,CRM,Other,3/16/2026 17:08,3/17/2026 6:49,19715928,19715928,Escalated Tickets ,ARBOR SUPPORT
SD1863073,Closed,CMS Interaction,Pending Order,Mobile Postpaid,3/16/2026 17:18,3/16/2026 18:19,37230,37230,ITCMS,IT CMS
SD1863074,Closed,CMS Interaction,CRM,Other,3/16/2026 17:19,3/17/2026 6:06,05766431,05766431,ITCMS,IT CMS
SD1863076,Closed,CMS Interaction,Pending Order,WFBB Order,3/16/2026 17:28,3/16/2026 18:49,37230,37230,ITCMS,IT CMS
SD1863077,Closed,CMS Interaction,ITA,ITA,3/16/2026 17:34,3/16/2026 19:49,37230,37230,ITCMS,IT CMS
SD1863079,Closed,CMS Interaction,UOMS,Mobile,3/16/2026 17:39,3/16/2026 18:20,37230,37230,ITCMS,IT CMS
SD1863080,Closed,CMS Interaction,RTCS,Short code and SMS,3/16/2026 17:40,3/16/2026 18:21,37230,37230,ITCMS,IT CMS
SD1863081,Closed,CMS Interaction,CRM,Other,3/16/2026 17:42,3/16/2026 18:50,37230,37230,ITCMS,IT CMS
SD1863082,Closed,CMS Interaction,Pending Order,Fesibility Check Failure,3/16/2026 17:44,3/25/2026 11:39,W0213873,W0213873,Escalated Tickets ,NEP Support
SD1863083,Closed,CMS Interaction,UOMS,Mobile,3/16/2026 17:47,3/16/2026 19:33,37230,37230,ITCMS,IT CMS
SD1863086,Closed,CMS Interaction,CRM,Other,3/16/2026 18:14,3/18/2026 3:19,05766431,05766431,ITCMS,IT CMS
SD1863087,Closed,CMS Interaction,Pending Order,Mobile Postpaid,3/16/2026 18:20,3/16/2026 19:34,37230,37230,ITCMS,IT CMS
SD1863088,Closed,CMS Interaction,Pending Order,Mobile Postpaid,3/16/2026 18:23,3/17/2026 22:33,S630048,S630048,Escalated Tickets ,ARBOR SUPPORT
SD1863089,Closed,CMS Interaction,UOMS,Mobile,3/16/2026 18:26,3/17/2026 6:37,71009,71009,Escalated Tickets ,OSS Mediation Support
SD1863090,Closed,CMS Interaction,CRM,Other,3/16/2026 18:33,3/16/2026 19:53,37230,37230,ITCMS,IT CMS
SD1863091,Closed,CMS Interaction,RTCS,Short code and SMS,3/16/2026 18:35,3/16/2026 19:55,37230,37230,ITCMS,IT CMS
SD1863092,Closed,CMS Interaction,RTCS,Short code and SMS,3/16/2026 18:40,3/16/2026 19:57,37230,37230,ITCMS,IT CMS
SD1863096,Closed,CMS Interaction,Pending Order,Mobile Postpaid,3/16/2026 18:55,3/17/2026 7:10,71009,71009,Escalated Tickets ,OSS Mediation Support
SD1863097,Closed,CMS Interaction,Pending Order,Mobile Postpaid,3/16/2026 19:01,3/16/2026 19:39,37230,37230,ITCMS,IT CMS
SD1863098,Closed,CMS Interaction,Pending Order,WFBB Order,3/16/2026 19:12,3/16/2026 19:37,37230,37230,ITCMS,IT CMS
SD1863099,Closed,CMS Interaction,CRM,No Data Found,3/16/2026 19:15,3/17/2026 8:39,70141,70141,Escalated Tickets ,BSS RTCS
SD1863100,Closed,CMS Interaction,Pending Order,Fixed Voic and Data,3/16/2026 19:21,3/17/2026 4:31,05766431,05766431,ITCMS,IT CMS
SD1863102,Closed,CMS Interaction,Pending Order,Mobile Prepaid,3/16/2026 19:38,3/16/2026 19:52,scheduledAction,scheduledAction,ITCMS,IT CMS
SD1863103,Closed,CMS Interaction,Pending Order,Mobile Prepaid,3/16/2026 19:39,3/16/2026 19:52,scheduledAction,scheduledAction,ITCMS,IT CMS
SD1863104,Closed,CMS Interaction,Pending Order,Mobile Postpaid,3/16/2026 19:43,3/17/2026 6:36,19715928,19715928,Escalated Tickets ,ARBOR SUPPORT
SD1863105,Closed,CMS Interaction,Pending Order,Fixed Voic and Data,3/16/2026 19:45,3/17/2026 2:41,05766431,05766431,ITCMS,IT CMS
SD1863106,Closed,CMS Interaction,Pending Order,RTCS Failure,3/16/2026 19:59,3/17/2026 2:38,05766431,05766431,ITCMS,IT CMS
SD1863107,Closed,CMS Interaction,Pending Order,Mobile Postpaid,3/16/2026 20:05,3/17/2026 2:37,05766431,05766431,ITCMS,IT CMS
SD1863109,Closed,CMS Interaction,UOMS,WFBB,3/16/2026 20:49,4/5/2026 19:44,W0213873,LR1995699,Escalated Tickets ,NEP Support
SD1863110,Closed,CMS Interaction,Pending Order,Fixed Voic and Data,3/16/2026 21:00,3/17/2026 2:46,05766431,05766431,ITCMS,IT CMS
SD1863111,Closed,CMS Interaction,CRM,CRM Down,3/16/2026 21:04,3/17/2026 4:29,05766431,05766431,ITCMS,IT CMS
SD1863113,Closed,CMS Interaction,RTCS,Data Usage,3/16/2026 21:27,3/17/2026 7:24,11125603,11125603,ITCMS,IT CMS
SD1863114,Closed,CMS Interaction,Pending Order,Fixed Voic and Data,3/16/2026 21:28,3/17/2026 9:31,LR1995699,LR1995699,Escalated Tickets ,NEP Support
SD1863115,Closed,CMS Interaction,Pending Order,Fixed Voic and Data,3/16/2026 21:57,3/24/2026 17:10,P1832151,P1832151,Escalated Tickets ,BSS DDMS
SD1863116,Closed,CMS Interaction,Pending Order,Fixed Voic and Data,3/16/2026 22:25,3/17/2026 9:32,LR1995699,LR1995699,Escalated Tickets ,NEP Support
SD1863117,Closed,CMS Interaction,RTCS,Data Usage,3/16/2026 22:29,3/17/2026 22:30,S630048,S630048,Escalated Tickets ,ARBOR SUPPORT
SD1863118,Closed,CMS Interaction,Pending Order,Mobile Postpaid,3/16/2026 22:58,3/19/2026 10:10,scheduledAction,69758,Escalated Tickets ,ARBOR SUPPORT
SD1863121,Closed,CMS Interaction,Pending Order,Fixed Voic and Data,3/16/2026 23:22,3/17/2026 2:27,05766431,05766431,ITCMS,IT CMS
SD1863123,Closed,CMS Interaction,UOMS,PortOut/PortIN,3/17/2026 3:43,3/17/2026 9:56,70699048,19715928,Escalated Tickets ,ARBOR SUPPORT
SD1863125,Closed,CMS Interaction,RTCS,Short code and SMS,3/17/2026 3:52,3/24/2026 7:06,11125603,11125603,ITCMS,IT CMS
SD1863126,Closed,CMS Interaction,Pending Order,MPLS order,3/17/2026 4:01,3/25/2026 9:03,scheduledAction,69509,Activation Support,Activation Support
SD1863127,Closed,CMS Interaction,Pending Order,MPLS order,3/17/2026 4:02,3/31/2026 12:52,scheduledAction,95809,Activation Support,Activation Support
SD1863128,Closed,CMS Interaction,Pending Order,MPLS order,3/17/2026 4:02,3/26/2026 7:40,scheduledAction,69509,Activation Support,Activation Support
SD1863129,Closed,CMS Interaction,Pending Order,MPLS order,3/17/2026 4:02,3/17/2026 4:16,scheduledAction,scheduledAction,Activation Support,Activation Support
SD1863130,Closed,CMS Interaction,Pending Order,MPLS order,3/17/2026 4:02,3/17/2026 4:16,scheduledAction,scheduledAction,Activation Support,Activation Support
SD1863131,Assign,CMS Interaction,Pending Order,MPLS order,3/17/2026 4:02,,,,Activation Support,Activation Support
SD1863132,Assign,CMS Interaction,Pending Order,MPLS order,3/17/2026 4:02,,,,Activation Support,Activation Support
SD1863133,Closed,CMS Interaction,Pending Order,MPLS order,3/17/2026 4:02,3/17/2026 4:16,scheduledAction,scheduledAction,Activation Support,Activation Support
SD1863134,Closed,CMS Interaction,Pending Order,MPLS order,3/17/2026 4:02,3/24/2026 10:39,scheduledAction,69509,Activation Support,Activation Support
SD1863135,Closed,CMS Interaction,Pending Order,MPLS order,3/17/2026 4:02,4/5/2026 5:28,scheduledAction,95809,Activation Support,Activation Support
SD1863136,Closed,CMS Interaction,Pending Order,MPLS order,3/17/2026 4:02,3/29/2026 7:18,scheduledAction,95809,Activation Support,Activation Support
SD1863137,In Progress,CMS Interaction,Pending Order,MPLS order,3/17/2026 4:02,,,95809,Activation Support,Activation Support
SD1863138,Closed,CMS Interaction,Pending Order,MPLS order,3/17/2026 4:03,3/17/2026 4:16,scheduledAction,scheduledAction,Activation Support,Activation Support
SD1863139,Closed,CMS Interaction,Pending Order,MPLS order,3/17/2026 4:03,3/17/2026 11:46,scheduledAction,95809,Activation Support,Activation Support
SD1863140,Closed,CMS Interaction,Pending Order,MPLS order,3/17/2026 4:03,3/17/2026 9:44,scheduledAction,95809,Activation Support,Activation Support
SD1863141,Assign,CMS Interaction,Pending Order,MPLS order,3/17/2026 4:03,,,34120,Activation Support,Activation Support
SD1863142,Closed,CMS Interaction,Pending Order,MPLS order,3/17/2026 4:03,3/17/2026 4:17,scheduledAction,scheduledAction,Activation Support,Activation Support
SD1863143,Closed,CMS Interaction,Pending Order,MPLS order,3/17/2026 4:03,3/30/2026 11:08,scheduledAction,95809,Activation Support,Activation Support
SD1863144,Closed,CMS Interaction,Pending Order,MPLS order,3/17/2026 4:03,3/17/2026 4:17,scheduledAction,scheduledAction,Activation Support,Activation Support
SD1863145,Closed,CMS Interaction,Pending Order,MPLS order,3/17/2026 4:03,3/17/2026 4:17,scheduledAction,scheduledAction,Activation Support,Activation Support
SD1863146,Closed,CMS Interaction,Pending Order,MPLS order,3/17/2026 4:03,3/17/2026 4:17,scheduledAction,scheduledAction,Activation Support,Activation Support
SD1863147,Closed,CMS Interaction,Pending Order,MPLS order,3/17/2026 4:03,3/17/2026 9:14,scheduledAction,95809,Activation Support,Activation Support
SD1863148,Closed,CMS Interaction,Pending Order,MPLS order,3/17/2026 4:03,3/30/2026 5:14,scheduledAction,69509,Activation Support,Activation Support
SD1863149,Closed,CMS Interaction,Pending Order,MPLS order,3/17/2026 4:03,3/17/2026 4:17,scheduledAction,scheduledAction,Activation Support,Activation Support
SD1863150,Closed,CMS Interaction,Pending Order,MPLS order,3/17/2026 4:04,3/17/2026 4:17,scheduledAction,scheduledAction,Activation Support,Activation Support
SD1863151,Closed,CMS Interaction,Pending Order,MPLS order,3/17/2026 4:04,3/19/2026 10:10,scheduledAction,95809,Activation Support,Activation Support
SD1863152,Closed,CMS Interaction,Pending Order,MPLS order,3/17/2026 4:04,3/17/2026 4:17,scheduledAction,scheduledAction,Activation Support,Activation Support
SD1863153,Closed,CMS Interaction,Pending Order,MPLS order,3/17/2026 4:04,4/1/2026 12:47,scheduledAction,69509,Activation Support,Activation Support
SD1863154,Closed,CMS Interaction,Pending Order,MPLS order,3/17/2026 4:04,3/31/2026 10:10,scheduledAction,scheduledAction,Activation Support,Activation Support
SD1863155,Closed,CMS Interaction,Pending Order,MPLS order,3/17/2026 4:04,3/17/2026 4:17,scheduledAction,scheduledAction,Activation Support,Activation Support
SD1863156,Closed,CMS Interaction,Pending Order,MPLS order,3/17/2026 4:04,3/17/2026 4:17,scheduledAction,scheduledAction,Activation Support,Activation Support
SD1863157,Closed,CMS Interaction,Pending Order,Fixed Voic and Data,3/17/2026 4:05,3/25/2026 5:41,scheduledAction,W0213873,Escalated Tickets ,NEP Support
SD1863158,Closed,CMS Interaction,BIP Billing,Sample Bills,3/17/2026 4:15,3/24/2026 5:04,L7990290,L7990290,Escalated Tickets ,BSS iPDF
SD1863159,Closed,CMS Interaction,Pending Order,Fixed Voic and Data,3/17/2026 4:13,3/17/2026 9:36,LR1995699,LR1995699,Escalated Tickets ,NEP Support
SD1863162,Closed,CMS Interaction,BIP Billing,Others,3/17/2026 4:31,3/17/2026 5:36,J2226589,J2226589,Escalated Tickets ,BIP Billing
SD1863163,Closed,CMS Interaction,BIP Billing,Sample Bills,3/17/2026 4:51,3/24/2026 5:09,L7990290,L7990290,Escalated Tickets ,BSS iPDF
SD1863164,Closed,CMS Interaction,CRM,No Data Found,3/17/2026 4:52,3/21/2026 4:45,S630048,S630048,Escalated Tickets ,ARBOR SUPPORT
SD1863166,Closed,CMS Interaction,Pending Order,Fixed Voic and Data,3/17/2026 5:10,3/17/2026 5:17,05766431,05766431,ITCMS,IT CMS
SD1863172,Closed,CMS Interaction,Pending Order,RTCS Failure,3/17/2026 5:39,3/17/2026 6:14,05766431,05766431,ITCMS,IT CMS
SD1863173,Closed,CMS Interaction,RTCS,Data Usage,3/17/2026 5:48,3/17/2026 9:03,11125603,11125603,ITCMS,IT CMS
SD1863174,Closed,CMS Interaction,UOMS,WFBB,3/17/2026 5:51,3/17/2026 6:17,05766431,05766431,ITCMS,IT CMS
SD1863175,Closed,CMS Interaction,Pending Order,Mobile Prepaid,3/17/2026 5:51,3/17/2026 6:13,05766431,05766431,ITCMS,IT CMS
SD1863178,Closed,CMS Interaction,ITA,ITA,3/17/2026 6:10,3/17/2026 6:14,69517,69517,ITCMS,IT CMS
SD1863181,Pending Other,CMS Interaction,BIP Billing,Commitment,3/17/2026 6:17,,,S5801880,Escalated Tickets ,BIP Billing
SD1863182,Closed,CMS Interaction,Pending Order,Mobile Postpaid,3/17/2026 6:17,3/17/2026 6:18,05766431,05766431,ITCMS,IT CMS
SD1863186,Closed,CMS Interaction,UOMS,Fixed Voic and Data,3/17/2026 6:28,3/18/2026 3:29,69577,69577,ITCMS,IT CMS
SD1863187,Closed,CMS Interaction,Pending Order,Fixed Voic and Data,3/17/2026 6:29,3/17/2026 6:33,05766431,05766431,ITCMS,IT CMS
SD1863189,Closed,CMS Interaction,BIP Billing,Bill Issue,3/17/2026 6:33,3/24/2026 5:11,L7990290,L7990290,Escalated Tickets ,BSS iPDF
SD1863190,Closed,CMS Interaction,CRM,Other,3/17/2026 6:34,3/17/2026 6:37,05766431,05766431,ITCMS,IT CMS
SD1863191,Closed,CMS Interaction,UOMS,Mobile,3/17/2026 6:35,3/17/2026 9:04,11125603,11125603,ITCMS,IT CMS
SD1863192,Closed,CMS Interaction,CRM,Other,3/17/2026 6:35,3/17/2026 6:54,11125603,11125603,ITCMS,IT CMS
SD1863193,Closed,CMS Interaction,Pending Order,RTCS Failure,3/17/2026 6:36,3/17/2026 7:22,11125603,11125603,ITCMS,IT CMS
SD1863195,Closed,CMS Interaction,UOMS,PortOut/PortIN,3/17/2026 6:39,3/17/2026 9:55,70699048,19715928,Escalated Tickets ,ARBOR SUPPORT
SD1863196,Closed,CMS Interaction,UOMS,Mobile,3/17/2026 6:40,3/17/2026 6:59,11125603,11125603,ITCMS,IT CMS
SD1863197,Closed,CMS Interaction,UOMS,PortOut/PortIN,3/17/2026 6:43,3/17/2026 7:00,11125603,11125603,ITCMS,IT CMS
SD1863198,Closed,CMS Interaction,Pending Order,Fesibility Check Failure,3/17/2026 6:43,3/17/2026 9:44,70699048,70699048,Escalated Tickets ,BSS Interface
SD1863200,Closed,CMS Interaction,ITA,ITA,3/17/2026 6:56,3/17/2026 7:23,11125603,11125603,ITCMS,IT CMS
SD1863202,Closed,CMS Interaction,BIP Billing,Bill Issue,3/17/2026 7:04,3/17/2026 8:04,J2226589,11125603,ITCMS,IT CMS
SD1863203,Closed,CMS Interaction,Pending Order,BIP Failure,3/17/2026 7:04,3/17/2026 7:17,S630048,S630048,Escalated Tickets ,ARBOR SUPPORT
SD1863204,Closed,CMS Interaction,Pending Order,Mobile Postpaid,3/17/2026 7:04,3/17/2026 7:45,scheduledAction,11125603,ITCMS,IT CMS
SD1863205,Closed,CMS Interaction,Pending Order,Mobile Postpaid,3/17/2026 7:07,3/17/2026 9:06,11125603,11125603,ITCMS,IT CMS
SD1863213,Closed,CMS Interaction,Pending Order,Mobile Postpaid,3/17/2026 7:12,3/17/2026 7:46,scheduledAction,11125603,ITCMS,IT CMS
SD1863214,Closed,CMS Interaction,Pending Order,Mobile Postpaid,3/17/2026 7:13,3/18/2026 5:55,69496,69496,ITCMS,IT CMS
SD1863215,Closed,CMS Interaction,UOMS,Mobile,3/17/2026 7:13,3/17/2026 8:36,X6410019,X6410019,Escalated Tickets ,BSS CMA
SD1863218,Closed,CMS Interaction,DDMS,Dunning,3/17/2026 7:18,3/24/2026 17:32,P1832151,P1832151,Escalated Tickets ,BSS DDMS
SD1863221,Closed,CMS Interaction,ITA,ITA,3/17/2026 7:24,3/18/2026 10:05,70274,70274,Escalated Tickets ,OSS Mediation Support
SD1863224,Closed,CMS Interaction,UOMS,HBB,3/17/2026 7:26,3/18/2026 12:05,19715928,19715928,Escalated Tickets ,ARBOR SUPPORT
SD1863226,Closed,CMS Interaction,Pending Order,Mobile Postpaid,3/17/2026 7:28,3/17/2026 7:46,scheduledAction,11125603,ITCMS,IT CMS
SD1863228,Closed,CMS Interaction,Pending Order,Mobile Prepaid,3/17/2026 7:43,3/17/2026 8:20,05766431,05766431,ITCMS,IT CMS
SD1863230,Closed,CMS Interaction,UOMS,Mobile,3/17/2026 7:37,3/17/2026 8:19,05766431,05766431,ITCMS,IT CMS
SD1863232,Closed,CMS Interaction,Pending Order,Fixed Voic and Data,3/17/2026 7:42,3/17/2026 8:44,05766431,05766431,ITCMS,IT CMS
SD1863233,Closed,CMS Interaction,RTCS,Data Usage,3/17/2026 7:43,3/18/2026 6:53,Z4265668,Z4265668,Escalated Tickets ,BSS RTCS
SD1863235,Closed,CMS Interaction,Pending Order,WFBB Order,3/17/2026 7:45,3/17/2026 8:17,05766431,05766431,ITCMS,IT CMS
SD1863240,Closed,CMS Interaction,Pending Order,Fixed Voic and Data,3/17/2026 7:47,3/17/2026 17:54,37230,37230,ITCMS,IT CMS
SD1863244,Closed,CMS Interaction,BIP Billing,Sample Bills,3/17/2026 7:56,3/24/2026 8:47,L7990290,L7990290,Escalated Tickets ,BSS iPDF
SD1863245,Closed,CMS Interaction,BIP Billing,Bill Issue,3/17/2026 7:55,3/17/2026 12:33,69517,69517,ITCMS,IT CMS
SD1863246,Closed,CMS Interaction,Pending Order,Fixed Voic and Data,3/17/2026 7:56,3/17/2026 17:54,37230,37230,ITCMS,IT CMS
SD1863247,Closed,CMS Interaction,RTCS,Short code and SMS,3/17/2026 7:59,3/17/2026 19:04,37230,37230,ITCMS,IT CMS
SD1863248,Closed,CMS Interaction,Pending Order,Fixed Voic and Data,3/17/2026 7:59,3/17/2026 8:46,05766431,05766431,ITCMS,IT CMS
SD1863250,Closed,CMS Interaction,UOMS,Mobile,3/17/2026 8:04,3/17/2026 8:16,05766431,05766431,ITCMS,IT CMS
SD1863251,Closed,CMS Interaction,BIP Billing,Language Change,3/17/2026 8:05,3/24/2026 9:04,L7990290,L7990290,Escalated Tickets ,BSS iPDF
SD1863259,Closed,CMS Interaction,Pending Order,Mobile Prepaid,3/17/2026 8:14,3/17/2026 8:15,05766431,05766431,ITCMS,IT CMS
SD1863261,Closed,CMS Interaction,UOMS,HBB,3/17/2026 8:16,3/17/2026 19:04,37230,37230,ITCMS,IT CMS
SD1863266,Closed,CMS Interaction,Pending Order,Mobile Postpaid,3/17/2026 8:22,3/17/2026 17:53,37230,37230,ITCMS,IT CMS
SD1863270,Closed,CMS Interaction,Pending Order,WFBB Order,3/17/2026 8:24,3/17/2026 8:47,05766431,05766431,ITCMS,IT CMS
SD1863273,Closed,CMS Interaction,UOMS,Mobile,3/17/2026 8:27,3/17/2026 8:48,05766431,05766431,ITCMS,IT CMS
SD1863274,Closed,CMS Interaction,CRM,Other,3/17/2026 8:28,3/17/2026 8:49,05766431,05766431,ITCMS,IT CMS
SD1863276,Closed,CMS Interaction,CRM,Other,3/17/2026 8:29,3/17/2026 8:42,S630048,S630048,Escalated Tickets ,ARBOR SUPPORT
SD1863277,Closed,CMS Interaction,UOMS,Mobile,3/17/2026 8:29,3/17/2026 19:03,37230,37230,ITCMS,IT CMS
SD1863279,Closed,CMS Interaction,Pending Order,WFBB Order,3/17/2026 8:35,3/17/2026 9:44,scheduledAction,scheduledAction,ITCMS,IT CMS
SD1863282,Closed,CMS Interaction,Pending Order,Fixed Voic and Data,3/17/2026 8:37,3/17/2026 8:51,05766431,05766431,ITCMS,IT CMS
SD1863285,Closed,CMS Interaction,BIP Billing,BIP Order Isuse,3/17/2026 8:45,3/17/2026 18:24,37230,37230,ITCMS,IT CMS
SD1863287,Closed,CMS Interaction,Pending Order,Mobile Prepaid,3/17/2026 8:47,3/17/2026 8:53,05766431,05766431,ITCMS,IT CMS
SD1863288,Closed,CMS Interaction,Pending Order,Mobile Postpaid,3/17/2026 8:47,3/25/2026 11:32,W0213873,8.54905E+11,Escalated Tickets ,NEP Support
SD1863290,Closed,CMS Interaction,Pending Order,Fesibility Check Failure,3/17/2026 8:55,3/18/2026 9:32,LR1995699,LR1995699,Escalated Tickets ,NEP Support
SD1863293,Closed,CMS Interaction,UOMS,Mobile,3/17/2026 9:01,3/17/2026 18:38,37230,37230,ITCMS,IT CMS
SD1863294,Closed,CMS Interaction,Pending Order,Mobile Prepaid,3/17/2026 8:59,3/17/2026 10:30,69496,69496,ITCMS,IT CMS
SD1863295,Closed,CMS Interaction,Billing,Arbor,3/17/2026 9:01,3/17/2026 10:21,19715928,19715928,Escalated Tickets ,ARBOR SUPPORT
SD1863297,Pending Other,CMS Interaction,UOMS,Mobile,3/17/2026 9:01,,,S630048,Escalated Tickets ,ARBOR SUPPORT
SD1863301,Closed,CMS Interaction,Pending Order,RTCS Failure,3/17/2026 9:03,3/17/2026 22:23,S630048,S630048,Escalated Tickets ,ARBOR SUPPORT
SD1863303,Closed,CMS Interaction,Pending Order,Mobile Postpaid,3/17/2026 9:06,3/17/2026 12:29,69517,69517,ITCMS,IT CMS
SD1863305,Closed,CMS Interaction,Pending Order,Mobile Postpaid,3/17/2026 9:08,3/19/2026 10:10,scheduledAction,70699048,Escalated Tickets ,BSS Interface
SD1863307,Closed,CMS Interaction,RTCS,Short code and SMS,3/17/2026 9:14,3/17/2026 18:37,37230,37230,ITCMS,IT CMS
SD1863309,Closed,CMS Interaction,UOMS,PortOut/PortIN,3/17/2026 9:15,3/17/2026 18:36,37230,37230,ITCMS,IT CMS
SD1863310,Closed,CMS Interaction,CRM,Other,3/17/2026 9:15,3/17/2026 9:33,S630048,S630048,Escalated Tickets ,ARBOR SUPPORT
SD1863312,Closed,CMS Interaction,CRM,Other,3/17/2026 9:20,3/17/2026 19:00,37230,37230,ITCMS,IT CMS
SD1863313,Closed,CMS Interaction,Pending Order,MPLS order,3/17/2026 9:20,3/18/2026 5:30,69496,69496,ITCMS,IT CMS
SD1863314,Closed,CMS Interaction,Pending Order,Mobile Postpaid,3/17/2026 9:22,3/17/2026 10:18,70274,70274,Escalated Tickets ,OSS Mediation Support
SD1863315,Closed,CMS Interaction,Preorder Issue,Others,3/17/2026 9:23,3/18/2026 5:50,69577,69577,ITCMS,IT CMS
SD1863318,Closed,CMS Interaction,CRM,Other,3/17/2026 9:27,3/17/2026 18:58,37230,37230,ITCMS,IT CMS
SD1863319,Closed,CMS Interaction,CRM,Other,3/17/2026 9:28,3/17/2026 18:57,37230,37230,ITCMS,IT CMS
SD1863322,Closed,CMS Interaction,UOMS,Mobile,3/17/2026 9:32,3/17/2026 18:51,37230,37230,ITCMS,IT CMS
SD1863323,Closed,CMS Interaction,Pending Order,Mobile Postpaid,3/17/2026 9:35,3/17/2026 11:46,scheduledAction,scheduledAction,ITCMS,IT CMS
SD1863325,Closed,CMS Interaction,Pending Order,Mobile Postpaid,3/17/2026 9:40,3/17/2026 17:51,37230,37230,ITCMS,IT CMS
SD1863326,Closed,CMS Interaction,UOMS,Mobile,3/17/2026 9:41,3/17/2026 11:38,S630048,S630048,Escalated Tickets ,ARBOR SUPPORT
SD1863327,Closed,CMS Interaction,Pending Order,Mobile Postpaid,3/17/2026 9:42,3/17/2026 17:58,37230,37230,ITCMS,IT CMS
SD1863328,Closed,CMS Interaction,CRM,Other,3/17/2026 9:45,3/22/2026 0:11,S630048,S630048,Escalated Tickets ,ARBOR SUPPORT
SD1863329,Closed,CMS Interaction,CRM,Other,3/17/2026 9:49,3/17/2026 12:34,69517,69517,ITCMS,IT CMS
SD1863331,Closed,CMS Interaction,Pending Order,BIP Failure,3/17/2026 9:52,3/17/2026 11:46,scheduledAction,scheduledAction,ITCMS,IT CMS
SD1863332,Closed,CMS Interaction,CRM,Other,3/17/2026 9:54,3/22/2026 0:01,S630048,S630048,Escalated Tickets ,ARBOR SUPPORT
SD1863333,Closed,CMS Interaction,Preorder Issue,Others,3/17/2026 10:00,3/17/2026 10:31,19715928,19715928,Escalated Tickets ,ARBOR SUPPORT
SD1863335,Closed,CMS Interaction,Pending Order,Mobile Prepaid,3/17/2026 10:03,3/17/2026 10:15,scheduledAction,scheduledAction,ITCMS,IT CMS
SD1863336,Closed,CMS Interaction,Pending Order,Fixed Voic and Data,3/17/2026 10:09,3/18/2026 9:19,LR1995699,LR1995699,Escalated Tickets ,NEP Support
SD1863341,Closed,CMS Interaction,POS and CMA,Reversal,3/17/2026 10:19,3/18/2026 2:54,X6410019,X6410019,Escalated Tickets ,BSS POS
SD1863348,Closed,CMS Interaction,Pending Order,Fixed Voic and Data,3/17/2026 10:28,3/17/2026 11:46,scheduledAction,scheduledAction,ITCMS,IT CMS
SD1863349,Closed,CMS Interaction,RTCS,Short code and SMS,3/17/2026 10:35,3/17/2026 18:34,37230,37230,ITCMS,IT CMS
SD1863353,Closed,CMS Interaction,CRM,Other,3/17/2026 10:42,3/22/2026 9:13,X6410019,X6410019,Escalated Tickets ,BSS CRM
SD1863355,Closed,CMS Interaction,CRM,Other,3/17/2026 10:47,3/17/2026 12:38,69517,69517,ITCMS,IT CMS
SD1863356,Closed,CMS Interaction,Pending Order,Mobile Postpaid,3/17/2026 10:49,3/17/2026 11:46,scheduledAction,scheduledAction,ITCMS,IT CMS
SD1863369,Closed,CMS Interaction,Pending Order,Mobile Prepaid,3/17/2026 11:02,3/17/2026 17:58,37230,37230,ITCMS,IT CMS
SD1863372,Closed,CMS Interaction,CRM,Other,3/17/2026 11:12,3/17/2026 11:19,S630048,S630048,Escalated Tickets ,ARBOR SUPPORT
SD1863377,Closed,CMS Interaction,CRM,Other,3/17/2026 11:23,3/18/2026 10:11,70274,70274,Escalated Tickets ,OSS Mediation Support
SD1863379,Closed,CMS Interaction,CRM,Other,3/17/2026 11:38,3/17/2026 12:36,69517,69517,ITCMS,IT CMS
SD1863380,Closed,CMS Interaction,Pending Order,Fixed Voic and Data,3/17/2026 11:42,3/17/2026 17:57,37230,37230,ITCMS,IT CMS
SD1863381,Closed,CMS Interaction,CRM,Other,3/17/2026 11:44,3/21/2026 23:54,S630048,S630048,Escalated Tickets ,ARBOR SUPPORT
SD1863382,Closed,CMS Interaction,Apple watch,activation,3/17/2026 11:44,3/18/2026 6:26,05766431,05766431,ITCMS,IT CMS
SD1863383,Closed,CMS Interaction,Pending Order,Mobile Postpaid,3/17/2026 11:46,3/17/2026 18:40,37230,37230,ITCMS,IT CMS
SD1863385,Closed,CMS Interaction,Pending Order,Fixed Voic and Data,3/17/2026 11:51,3/17/2026 17:56,37230,37230,ITCMS,IT CMS
SD1863389,Closed,CMS Interaction,POS and CMA,Pending Payment,3/17/2026 12:01,3/18/2026 3:08,X6410019,X6410019,Escalated Tickets ,BSS POS
SD1863391,Closed,CMS Interaction,Pending Order,Fixed Voic and Data,3/17/2026 12:10,3/17/2026 18:08,scheduledAction,69517,ITCMS,IT CMS
SD1863394,Closed,CMS Interaction,UOMS,Mobile,3/17/2026 12:31,3/18/2026 6:21,05766431,05766431,ITCMS,IT CMS
SD1863396,Closed,CMS Interaction,Pending Order,Mobile Postpaid,3/17/2026 12:44,3/17/2026 18:02,37230,37230,ITCMS,IT CMS
SD1863397,Closed,CMS Interaction,UOMS,Mobile,3/17/2026 12:49,3/22/2026 9:15,X6410019,X6410019,Escalated Tickets ,BSS CRM
SD1863401,Closed,CMS Interaction,UOMS,PortOut/PortIN,3/17/2026 13:42,3/18/2026 10:13,70274,70274,Escalated Tickets ,OSS Mediation Support
SD1863403,Closed,CMS Interaction,Pending Order,Mobile Postpaid,3/17/2026 13:45,3/17/2026 18:01,37230,37230,ITCMS,IT CMS
SD1863404,Closed,CMS Interaction,BIP Billing,Bill Issue,3/17/2026 14:04,3/18/2026 8:15,J2226589,J2226589,Escalated Tickets ,BIP Billing
SD1863405,Closed,CMS Interaction,Pending Order,Mobile Postpaid,3/17/2026 15:07,3/23/2026 15:18,scheduledAction,scheduledAction,BSS Apple Watch,BSS Apple Watch
SD1863413,Closed,CMS Interaction,Pending Order,Mobile Prepaid,3/17/2026 15:26,3/18/2026 5:55,scheduledAction,70266,Escalated Tickets ,OSS Mediation Support
SD1863424,Closed,CMS Interaction,ITA,ITA,3/17/2026 15:44,3/17/2026 18:55,37230,37230,ITCMS,IT CMS
SD1863425,Closed,CMS Interaction,RTCS,Data Usage,3/17/2026 15:49,3/18/2026 4:46,70141,70141,Escalated Tickets ,BSS RTCS
SD1863426,Closed,CMS Interaction,UOMS,Fixed Voic and Data,3/17/2026 15:50,3/24/2026 10:39,W0213873,8.54905E+11,Escalated Tickets ,NEP Support
SD1863427,Closed,CMS Interaction,CRM,Other,3/17/2026 16:02,3/17/2026 18:26,37230,37230,ITCMS,IT CMS
SD1863428,Closed,CMS Interaction,Pending Order,Fixed Voic and Data,3/17/2026 16:09,3/18/2026 6:18,05766431,05766431,ITCMS,IT CMS
SD1863429,Closed,CMS Interaction,RTCS,Short code and SMS,3/17/2026 16:15,3/18/2026 6:02,69577,69577,ITCMS,IT CMS
SD1863430,Closed,CMS Interaction,UOMS,Mobile,3/17/2026 16:19,3/21/2026 7:11,69496,69496,ITCMS,IT CMS
SD1863431,Closed,CMS Interaction,Pending Order,Fixed Voic and Data,3/17/2026 16:20,3/17/2026 17:44,37230,37230,ITCMS,IT CMS
SD1863432,Closed,CMS Interaction,UOMS,Mobile,3/17/2026 16:22,3/17/2026 18:18,37230,37230,ITCMS,IT CMS
SD1863433,Closed,CMS Interaction,CRM,Other,3/17/2026 16:31,3/21/2026 23:40,S630048,S630048,Escalated Tickets ,ARBOR SUPPORT
SD1863436,Closed,CMS Interaction,UOMS,WFBB,3/17/2026 16:35,3/17/2026 18:16,37230,37230,ITCMS,IT CMS
SD1863437,Closed,CMS Interaction,RTCS,Short code and SMS,3/17/2026 16:52,3/17/2026 18:15,37230,37230,ITCMS,IT CMS
SD1863438,Closed,CMS Interaction,Pending Order,Fixed Voic and Data,3/17/2026 16:56,3/17/2026 18:05,37230,37230,ITCMS,IT CMS
SD1863439,Closed,CMS Interaction,CRM,No Data Found,3/17/2026 16:59,3/24/2026 9:00,11125603,11125603,ITCMS,IT CMS
SD1863440,Closed,CMS Interaction,UOMS,Mobile,3/17/2026 17:00,3/17/2026 18:25,37230,37230,ITCMS,IT CMS
SD1863441,Closed,CMS Interaction,Pending Order,BIP Failure,3/17/2026 17:02,3/24/2026 8:30,LR1995699,LR1995699,Escalated Tickets ,NEP Support
SD1863443,Closed,CMS Interaction,CRM,Other,3/17/2026 17:03,3/18/2026 17:26,37230,37230,ITCMS,IT CMS
SD1863444,Closed,CMS Interaction,Pending Order,Mobile Prepaid,3/17/2026 17:07,3/17/2026 17:40,S630048,S630048,Escalated Tickets ,ARBOR SUPPORT
SD1863445,Closed,CMS Interaction,CRM,Other,3/17/2026 17:15,3/18/2026 6:16,05766431,05766431,ITCMS,IT CMS
SD1863446,Closed,CMS Interaction,UOMS,HBB,3/17/2026 17:17,3/18/2026 6:14,05766431,05766431,ITCMS,IT CMS
SD1863447,Closed,CMS Interaction,UOMS,PortOut/PortIN,3/17/2026 17:17,3/21/2026 23:35,S630048,S630048,Escalated Tickets ,ARBOR SUPPORT
SD1863448,Closed,CMS Interaction,Pending Order,Mobile Prepaid,3/17/2026 17:20,3/17/2026 17:42,scheduledAction,37230,ITCMS,IT CMS
SD1863450,Closed,CMS Interaction,Pending Order,Mobile Prepaid,3/17/2026 17:47,3/17/2026 20:16,scheduledAction,12085,Escalated Tickets ,BSS RTCS
SD1863451,Closed,CMS Interaction,Pending Order,Mobile Prepaid,3/17/2026 17:50,3/17/2026 18:08,37230,37230,ITCMS,IT CMS
SD1863452,Closed,CMS Interaction,Pending Order,Fixed Voic and Data,3/17/2026 17:54,3/17/2026 18:10,37230,37230,ITCMS,IT CMS
SD1863453,Closed,CMS Interaction,Pending Order,RTCS Failure,3/17/2026 17:59,3/21/2026 23:35,scheduledAction,S630048,Escalated Tickets ,ARBOR SUPPORT
SD1863454,Closed,CMS Interaction,Pending Order,Fixed Voic and Data,3/17/2026 18:00,3/17/2026 18:12,37230,37230,ITCMS,IT CMS
SD1863455,Closed,CMS Interaction,Pending Order,Fixed Voic and Data,3/17/2026 18:05,3/17/2026 18:13,37230,37230,ITCMS,IT CMS
SD1863456,Closed,CMS Interaction,Pending Order,Mobile Postpaid,3/17/2026 18:12,3/21/2026 23:29,S630048,S630048,Escalated Tickets ,ARBOR SUPPORT
SD1863457,Closed,CMS Interaction,Pending Order,Mobile Postpaid,3/17/2026 18:12,3/17/2026 18:30,37230,37230,ITCMS,IT CMS
SD1863458,Closed,CMS Interaction,Pending Order,Mobile Postpaid,3/17/2026 18:15,3/17/2026 18:31,37230,37230,ITCMS,IT CMS
SD1863459,Closed,CMS Interaction,Pending Order,RTCS Failure,3/17/2026 18:24,3/17/2026 18:41,37230,37230,ITCMS,IT CMS
SD1863461,Closed,CMS Interaction,Pending Order,Mobile Postpaid,3/17/2026 18:27,3/17/2026 18:41,scheduledAction,37230,ITCMS,IT CMS
SD1863462,Closed,CMS Interaction,Pending Order,Mobile Postpaid,3/17/2026 18:28,3/17/2026 18:44,37230,37230,ITCMS,IT CMS
SD1863463,Closed,CMS Interaction,UOMS,Fixed Voic and Data,3/17/2026 18:29,3/21/2026 23:25,S630048,S630048,Escalated Tickets ,ARBOR SUPPORT
SD1863464,Closed,CMS Interaction,UOMS,Mobile,3/17/2026 18:35,3/17/2026 19:00,37230,37230,ITCMS,IT CMS
SD1863465,Closed,CMS Interaction,Pending Order,Mobile Prepaid,3/17/2026 18:36,3/17/2026 18:43,37230,37230,ITCMS,IT CMS
SD1863466,Closed,CMS Interaction,Pending Order,Fixed Voic and Data,3/17/2026 18:37,3/17/2026 18:45,37230,37230,ITCMS,IT CMS
SD1863467,Closed,CMS Interaction,Preorder Issue,System Error,3/17/2026 18:38,3/18/2026 6:11,05766431,05766431,ITCMS,IT CMS
SD1863468,Closed,CMS Interaction,Pending Order,Fixed Voic and Data,3/17/2026 18:40,3/17/2026 18:47,37230,37230,ITCMS,IT CMS
SD1863470,Closed,CMS Interaction,Pending Order,BIP Failure,3/17/2026 18:44,3/25/2026 9:34,scheduledAction,S630048,Escalated Tickets ,ARBOR SUPPORT
SD1863471,Closed,CMS Interaction,ITA,ITA,3/17/2026 18:48,3/17/2026 19:07,37230,37230,ITCMS,IT CMS
SD1863472,Closed,CMS Interaction,Pending Order,Mobile Postpaid,3/17/2026 18:57,3/17/2026 19:07,37230,37230,ITCMS,IT CMS
SD1863473,Closed,CMS Interaction,Pending Order,WFBB Order,3/17/2026 19:06,3/17/2026 19:08,37230,37230,ITCMS,IT CMS
SD1863474,Closed,CMS Interaction,Pending Order,Mobile Prepaid,3/17/2026 19:09,3/20/2026 9:33,scheduledAction,S630048,Escalated Tickets ,ARBOR SUPPORT
SD1863475,Closed,CMS Interaction,Pending Order,Mobile Prepaid,3/17/2026 19:11,3/18/2026 4:52,70141,70141,Escalated Tickets ,BSS RTCS
SD1863476,Closed,CMS Interaction,UOMS,Fixed Voic and Data,3/17/2026 19:12,3/18/2026 17:26,37230,37230,ITCMS,IT CMS
SD1863477,Closed,CMS Interaction,Pending Order,Mobile Prepaid,3/17/2026 19:13,3/18/2026 4:49,70141,70141,Escalated Tickets ,BSS RTCS
SD1863478,Closed,CMS Interaction,Pending Order,Mobile Postpaid,3/17/2026 19:15,3/17/2026 19:44,37230,37230,ITCMS,IT CMS
SD1863479,Closed,CMS Interaction,Pending Order,Mobile Prepaid,3/17/2026 19:15,3/18/2026 4:50,70141,70141,Escalated Tickets ,BSS RTCS
SD1863480,Closed,CMS Interaction,Pending Order,Mobile Prepaid,3/17/2026 19:17,3/18/2026 4:54,70141,70141,Escalated Tickets ,BSS RTCS
SD1863481,Closed,CMS Interaction,Pending Order,Mobile Prepaid,3/17/2026 19:19,3/18/2026 4:53,70141,70141,Escalated Tickets ,BSS RTCS
SD1863482,Closed,CMS Interaction,Pending Order,Mobile Prepaid,3/17/2026 19:21,3/18/2026 4:50,70141,70141,Escalated Tickets ,BSS RTCS
SD1863483,Closed,CMS Interaction,UOMS,Mobile,3/17/2026 19:32,3/18/2026 17:25,37230,37230,ITCMS,IT CMS
SD1863486,Closed,CMS Interaction,Pending Order,Fesibility Check Failure,3/17/2026 19:48,3/17/2026 19:50,37230,37230,ITCMS,IT CMS
SD1863487,Closed,CMS Interaction,Pending Order,RTCS Failure,3/17/2026 19:58,3/18/2026 1:50,scheduledAction,scheduledAction,ITCMS,IT CMS
SD1863488,Closed,CMS Interaction,BIP Billing,Bill Issue,3/17/2026 20:22,3/24/2026 17:29,P1832151,P1832151,Escalated Tickets ,BSS DDMS
SD1863489,Closed,CMS Interaction,Pending Order,Fixed Voic and Data,3/17/2026 20:31,3/18/2026 3:14,05766431,05766431,ITCMS,IT CMS
SD1863490,Closed,CMS Interaction,CRM,Other,3/17/2026 20:53,3/21/2026 23:11,S630048,S630048,Escalated Tickets ,ARBOR SUPPORT
SD1863491,Closed,CMS Interaction,Pending Order,Fixed Voic and Data,3/17/2026 21:47,3/18/2026 3:10,05766431,05766431,ITCMS,IT CMS
SD1863492,Closed,CMS Interaction,RTCS,Short code and SMS,3/17/2026 22:06,3/18/2026 5:30,69577,69577,ITCMS,IT CMS
SD1863493,Categorize,CMS Interaction,RTCS,Short code and SMS,3/17/2026 22:25,,,,Escalated Tickets ,Mobile Core_CS Core_Standalone
SD1863494,Assign,CMS Interaction,RTCS,Short code and SMS,3/17/2026 22:26,,,,Escalated Tickets ,Mobile Core_CS Core_Standalone
SD1863496,Closed,CMS Interaction,Pending Order,Mobile Postpaid,3/17/2026 23:24,3/18/2026 3:11,05766431,05766431,ITCMS,IT CMS
SD1863497,Closed,CMS Interaction,Pending Order,Mobile Prepaid,3/18/2026 0:25,3/18/2026 3:12,05766431,05766431,ITCMS,IT CMS
SD1863499,Closed,CMS Interaction,CRM,CRM Down,3/18/2026 2:06,3/18/2026 5:30,69577,69577,ITCMS,IT CMS
SD1863500,Closed,CMS Interaction,CRM,Other,3/18/2026 2:16,3/18/2026 6:49,05766431,05766431,ITCMS,IT CMS
SD1863501,Closed,CMS Interaction,RTCS,Short code and SMS,3/18/2026 2:58,3/18/2026 5:41,69577,69577,ITCMS,IT CMS
SD1863502,Closed,CMS Interaction,Pending Order,ITA order,3/18/2026 3:31,3/24/2026 9:57,scheduledAction,8.54905E+11,Escalated Tickets ,NEP Support
SD1863503,Closed,CMS Interaction,UOMS,Mobile,3/18/2026 3:32,3/19/2026 19:49,69496,69496,ITCMS,IT CMS
SD1863504,Closed,CMS Interaction,Pending Order,Fixed Voic and Data,3/18/2026 3:40,3/18/2026 5:04,69496,69496,ITCMS,IT CMS
SD1863505,Closed,CMS Interaction,Pending Order,Fixed Voic and Data,3/18/2026 3:59,3/18/2026 5:52,69496,69496,ITCMS,IT CMS
SD1863506,Assign,CMS Interaction,Pending Order,MPLS order,3/18/2026 4:01,,,,Activation Support,Activation Support
SD1863507,Closed,CMS Interaction,Pending Order,MPLS order,3/18/2026 4:01,3/26/2026 7:51,scheduledAction,69509,Activation Support,Activation Support
SD1863508,Closed,CMS Interaction,Pending Order,MPLS order,3/18/2026 4:01,3/31/2026 8:34,scheduledAction,69509,Activation Support,Activation Support
SD1863509,Assign,CMS Interaction,Pending Order,MPLS order,3/18/2026 4:01,,,,Activation Support,Activation Support
SD1863510,Closed,CMS Interaction,Pending Order,MPLS order,3/18/2026 4:02,3/30/2026 13:12,scheduledAction,95809,Activation Support,Activation Support
SD1863511,In Progress,CMS Interaction,Pending Order,MPLS order,3/18/2026 4:02,,,95809,Activation Support,Activation Support
SD1863512,Closed,CMS Interaction,Pending Order,MPLS order,3/18/2026 4:02,3/18/2026 6:53,scheduledAction,scheduledAction,Activation Support,Activation Support
SD1863513,Closed,CMS Interaction,Pending Order,MPLS order,3/18/2026 4:02,3/24/2026 5:57,scheduledAction,scheduledAction,Activation Support,Activation Support
SD1863514,Assign,CMS Interaction,Pending Order,MPLS order,3/18/2026 4:02,,,,Activation Support,Activation Support
SD1863515,Closed,CMS Interaction,Pending Order,MPLS order,3/18/2026 4:02,3/18/2026 4:21,scheduledAction,scheduledAction,Activation Support,Activation Support
SD1863516,Closed,CMS Interaction,Pending Order,MPLS order,3/18/2026 4:02,3/18/2026 4:21,scheduledAction,scheduledAction,Activation Support,Activation Support
SD1863517,Closed,CMS Interaction,Pending Order,MPLS order,3/18/2026 4:02,3/30/2026 12:07,scheduledAction,69509,Activation Support,Activation Support
SD1863518,Closed,CMS Interaction,Pending Order,MPLS order,3/18/2026 4:02,3/18/2026 9:23,scheduledAction,69509,Activation Support,Activation Support
SD1863519,Closed,CMS Interaction,Pending Order,MPLS order,3/18/2026 4:02,4/6/2026 5:58,scheduledAction,69509,Activation Support,Activation Support
SD1863520,Closed,CMS Interaction,Pending Order,MPLS order,3/18/2026 4:02,3/30/2026 12:39,scheduledAction,69509,Activation Support,Activation Support
SD1863521,Closed,CMS Interaction,Pending Order,MPLS order,3/18/2026 4:02,3/18/2026 9:53,scheduledAction,69509,Activation Support,Activation Support
SD1863522,Closed,CMS Interaction,Pending Order,MPLS order,3/18/2026 4:03,3/18/2026 9:23,scheduledAction,69509,Activation Support,Activation Support
SD1863523,Closed,CMS Interaction,Pending Order,MPLS order,3/18/2026 4:03,3/18/2026 9:53,scheduledAction,69509,Activation Support,Activation Support
SD1863524,Closed,CMS Interaction,Pending Order,MPLS order,3/18/2026 4:03,3/18/2026 7:24,scheduledAction,scheduledAction,Activation Support,Activation Support
SD1863525,Assign,CMS Interaction,Pending Order,MPLS order,3/18/2026 4:03,,,,Activation Support,Activation Support
SD1863526,Assign,CMS Interaction,Pending Order,MPLS order,3/18/2026 4:03,,,,Activation Support,Activation Support
SD1863527,In Progress,CMS Interaction,Pending Order,MPLS order,3/18/2026 4:03,,,95809,Activation Support,Activation Support
SD1863528,Closed,CMS Interaction,Pending Order,MPLS order,3/18/2026 4:03,3/25/2026 12:59,scheduledAction,95809,Activation Support,Activation Support
SD1863529,Assign,CMS Interaction,Pending Order,MPLS order,3/18/2026 4:03,,,,Activation Support,Activation Support
SD1863530,Assign,CMS Interaction,Pending Order,MPLS order,3/18/2026 4:03,,,,Activation Support,Activation Support
SD1863531,Closed,CMS Interaction,Pending Order,MPLS order,3/18/2026 4:03,3/18/2026 11:56,scheduledAction,95809,Activation Support,Activation Support
SD1863532,Closed,CMS Interaction,Pending Order,MPLS order,3/18/2026 4:03,3/29/2026 19:20,scheduledAction,69509,Activation Support,Activation Support
SD1863533,Closed,CMS Interaction,Pending Order,MPLS order,3/18/2026 4:04,3/29/2026 9:55,scheduledAction,95809,Activation Support,Activation Support
SD1863534,Closed,CMS Interaction,Pending Order,MPLS order,3/18/2026 4:04,3/24/2026 9:57,scheduledAction,95809,Activation Support,Activation Support
SD1863535,Closed,CMS Interaction,Pending Order,Fixed Voic and Data,3/18/2026 4:13,3/18/2026 5:56,scheduledAction,z4886767,Escalated Tickets ,OSS Mediation Support
SD1863540,Closed,CMS Interaction,Pending Order,Fixed Voic and Data,3/18/2026 5:08,4/5/2026 13:06,scheduledAction,8.54905E+11,Escalated Tickets ,NEP Support
SD1863543,Closed,CMS Interaction,UOMS,Mobile,3/18/2026 5:12,3/21/2026 23:07,S630048,S630048,Escalated Tickets ,ARBOR SUPPORT
SD1863547,Closed,CMS Interaction,BIP Billing,BIP Order Isuse,3/18/2026 5:28,3/18/2026 5:30,J2226589,J2226589,Escalated Tickets ,BIP Billing
SD1863548,Closed,CMS Interaction,Pending Order,Mobile Prepaid,3/18/2026 5:33,3/18/2026 5:43,69496,69496,ITCMS,IT CMS
SD1863550,Closed,CMS Interaction,Pending Order,Mobile Prepaid,3/18/2026 5:39,3/18/2026 5:42,69496,69496,ITCMS,IT CMS
SD1863551,Closed,CMS Interaction,Pending Order,BIP Failure,3/18/2026 5:42,3/18/2026 5:54,69496,69496,ITCMS,IT CMS
SD1863555,Closed,CMS Interaction,CRM,Other,3/18/2026 5:45,3/19/2026 19:51,69496,69496,ITCMS,IT CMS
SD1863556,Closed,CMS Interaction,BIP Billing,Bill Issue,3/18/2026 5:47,3/24/2026 9:08,L7990290,L7990290,Escalated Tickets ,BSS iPDF
SD1863560,Closed,CMS Interaction,Pending Order,Mobile Postpaid,3/18/2026 5:57,3/18/2026 7:55,Q511636,Q511636,Escalated Tickets ,BSS CRM
SD1863561,Closed,CMS Interaction,Pending Order,Fixed Voic and Data,3/18/2026 5:58,3/18/2026 6:04,05766431,05766431,ITCMS,IT CMS
SD1863562,Closed,CMS Interaction,CRM,Other,3/18/2026 6:01,3/18/2026 6:03,05766431,05766431,ITCMS,IT CMS
SD1863563,Closed,CMS Interaction,Pending Order,BIP Failure,3/18/2026 6:04,3/18/2026 6:05,05766431,05766431,ITCMS,IT CMS
SD1863564,Closed,CMS Interaction,CRM,Other,3/18/2026 6:08,3/21/2026 23:01,S630048,S630048,Escalated Tickets ,ARBOR SUPPORT
SD1863572,Closed,CMS Interaction,Pending Order,Mobile Postpaid,3/18/2026 6:27,3/18/2026 9:53,scheduledAction,z4886767,Escalated Tickets ,OSS Mediation Support
SD1863573,Closed,CMS Interaction,Pending Order,Mobile Postpaid,3/18/2026 6:30,3/18/2026 6:33,05766431,05766431,ITCMS,IT CMS
SD1863576,Closed,CMS Interaction,UOMS,Mobile,3/18/2026 6:35,3/18/2026 10:30,70141,70141,Escalated Tickets ,BSS RTCS
SD1863579,Closed,CMS Interaction,Pending Order,Mobile Postpaid,3/18/2026 6:37,3/18/2026 7:11,05766431,05766431,ITCMS,IT CMS
SD1863580,Closed,CMS Interaction,Pending Order,Mobile Postpaid,3/18/2026 6:38,3/18/2026 7:11,05766431,05766431,ITCMS,IT CMS
SD1863581,Closed,CMS Interaction,UOMS,Mobile,3/18/2026 6:41,3/18/2026 6:46,05766431,05766431,ITCMS,IT CMS
SD1863584,Closed,CMS Interaction,Pending Order,Mobile Postpaid,3/18/2026 6:43,3/18/2026 6:52,05766431,05766431,ITCMS,IT CMS
SD1863585,Closed,CMS Interaction,Pending Order,Mobile Postpaid,3/18/2026 6:44,3/18/2026 7:04,05766431,05766431,ITCMS,IT CMS
SD1863588,Closed,CMS Interaction,CRM,Other,3/18/2026 6:47,3/29/2026 8:36,69577,69577,ITCMS,IT CMS
SD1863589,Closed,CMS Interaction,Pending Order,BIP Failure,3/18/2026 6:49,3/25/2026 8:37,scheduledAction,scheduledAction,Digital CICM L1 Support,Digital CICM L1 Support
SD1863590,Closed,CMS Interaction,Pending Order,Mobile Prepaid,3/18/2026 6:49,3/18/2026 7:08,05766431,05766431,ITCMS,IT CMS
SD1863591,Closed,CMS Interaction,BIP Billing,Bill Issue,3/18/2026 6:56,3/18/2026 7:28,19715928,19715928,Escalated Tickets ,ARBOR SUPPORT
SD1863592,Closed,CMS Interaction,Pending Order,RTCS Failure,3/18/2026 6:55,3/18/2026 7:10,05766431,05766431,ITCMS,IT CMS
SD1863595,Closed,CMS Interaction,Pending Order,Mobile Postpaid,3/18/2026 6:57,3/18/2026 7:15,69577,69577,ITCMS,IT CMS
SD1863597,Closed,CMS Interaction,Pending Order,Mobile Postpaid,3/18/2026 7:03,3/25/2026 5:13,S630048,S630048,Escalated Tickets ,ARBOR SUPPORT
SD1863598,Closed,CMS Interaction,UOMS,Mobile,3/18/2026 7:04,3/18/2026 7:12,05766431,05766431,ITCMS,IT CMS
SD1863601,Closed,CMS Interaction,UOMS,Mobile,3/18/2026 7:08,3/18/2026 7:13,05766431,05766431,ITCMS,IT CMS
SD1863602,Closed,CMS Interaction,RTCS,Short code and SMS,3/18/2026 7:09,3/18/2026 7:11,69577,69577,ITCMS,IT CMS
SD1863608,Closed,CMS Interaction,RTCS,Data Usage,3/18/2026 7:21,3/18/2026 9:04,Z4265668,Z4265668,Escalated Tickets ,BSS RTCS
SD1863614,Closed,CMS Interaction,Pending Order,Mobile Prepaid,3/18/2026 7:28,3/18/2026 7:31,05766431,05766431,ITCMS,IT CMS
SD1863616,Closed,CMS Interaction,Pending Order,Mobile Prepaid,3/18/2026 7:30,3/18/2026 7:32,05766431,05766431,ITCMS,IT CMS
SD1863619,Closed,CMS Interaction,UOMS,WFBB,3/18/2026 7:36,3/18/2026 7:42,05766431,05766431,ITCMS,IT CMS
SD1863622,Closed,CMS Interaction,BIP Billing,Others,3/18/2026 7:38,3/19/2026 19:53,69496,69496,ITCMS,IT CMS
SD1863625,Closed,CMS Interaction,UOMS,Mobile,3/18/2026 7:43,3/21/2026 22:57,S630048,S630048,Escalated Tickets ,ARBOR SUPPORT
SD1863626,Closed,CMS Interaction,RTCS,Data Usage,3/18/2026 7:44,3/28/2026 7:27,S630048,S630048,Escalated Tickets ,ARBOR SUPPORT
SD1863629,Closed,CMS Interaction,CRM,Other,3/18/2026 7:52,3/18/2026 12:18,S630048,S630048,Escalated Tickets ,ARBOR SUPPORT
SD1863634,Closed,CMS Interaction,BIP Billing,Bill Issue,3/18/2026 8:06,3/24/2026 9:12,L7990290,L7990290,Escalated Tickets ,BSS iPDF
SD1863636,Closed,CMS Interaction,Pending Order,BIP Failure,3/18/2026 8:08,3/18/2026 8:58,05766431,05766431,ITCMS,IT CMS
SD1863637,Closed,CMS Interaction,POS and CMA,User Issue,3/18/2026 8:08,3/23/2026 8:53,X6410019,X6410019,Escalated Tickets ,BSS POS
SD1863643,Closed,CMS Interaction,UOMS,Mobile,3/18/2026 8:17,3/18/2026 8:59,05766431,05766431,ITCMS,IT CMS
SD1863644,Closed,CMS Interaction,UOMS,Mobile,3/18/2026 8:18,3/18/2026 8:59,05766431,05766431,ITCMS,IT CMS
SD1863645,Closed,CMS Interaction,RTCS,Short code and SMS,3/18/2026 8:25,3/20/2026 5:44,69496,69496,ITCMS,IT CMS
SD1863648,Closed,CMS Interaction,Pending Order,ITA order,3/18/2026 8:32,3/18/2026 9:19,05766431,05766431,ITCMS,IT CMS
SD1863649,Closed,CMS Interaction,BIP Billing,Collection,3/18/2026 8:37,3/29/2026 7:24,J2226589,J2226589,Escalated Tickets ,BIP Billing
SD1863650,Closed,CMS Interaction,Pending Order,ITA order,3/18/2026 8:35,3/18/2026 8:57,scheduledAction,scheduledAction,ITCMS,IT CMS
SD1863654,Closed,CMS Interaction,UOMS,Mobile,3/18/2026 8:39,3/20/2026 5:42,69496,69496,ITCMS,IT CMS
SD1863656,Closed,CMS Interaction,UOMS,Mobile,3/18/2026 8:43,3/18/2026 10:43,70274,70274,Escalated Tickets ,OSS Mediation Support
SD1863658,Closed,CMS Interaction,UOMS,Mobile,3/18/2026 8:48,3/18/2026 9:15,05766431,05766431,ITCMS,IT CMS
SD1863661,Closed,CMS Interaction,Pending Order,Mobile Postpaid,3/18/2026 8:54,3/18/2026 9:08,05766431,05766431,ITCMS,IT CMS
SD1863662,Closed,CMS Interaction,Pending Order,Mobile Postpaid,3/18/2026 8:54,3/18/2026 9:23,scheduledAction,12085,Escalated Tickets ,BSS RTCS
SD1863664,Closed,CMS Interaction,CRM,Other,3/18/2026 8:57,3/18/2026 12:04,S630048,S630048,Escalated Tickets ,ARBOR SUPPORT
SD1863667,Closed,CMS Interaction,Pending Order,RTCS Failure,3/18/2026 9:00,3/19/2026 10:10,scheduledAction,70699048,Escalated Tickets ,BSS Interface
SD1863668,Closed,CMS Interaction,UOMS,Fixed Voic and Data,3/18/2026 9:01,3/18/2026 9:15,05766431,05766431,ITCMS,IT CMS
SD1863669,Closed,CMS Interaction,Pending Order,Mobile Postpaid,3/18/2026 9:02,3/19/2026 10:10,scheduledAction,70699048,Escalated Tickets ,BSS Interface
SD1863671,Closed,CMS Interaction,CRM,Other,3/18/2026 9:07,3/18/2026 11:41,S630048,S630048,Escalated Tickets ,ARBOR SUPPORT
SD1863685,Closed,CMS Interaction,CRM,Other,3/18/2026 9:49,3/21/2026 22:49,S630048,S630048,Escalated Tickets ,ARBOR SUPPORT
SD1863687,Closed,CMS Interaction,Pending Order,Fixed Voic and Data,3/18/2026 9:53,3/29/2026 7:56,LR1995699,LR1995699,Escalated Tickets ,NEP Support
SD1863688,Closed,CMS Interaction,Pending Order,Mobile Postpaid,3/18/2026 9:53,3/18/2026 10:55,scheduledAction,22674,Escalated Tickets ,BIP Billing
SD1863692,Closed,CMS Interaction,Pending Order,Mobile Prepaid,3/18/2026 9:59,,,S630048,Escalated Tickets ,ARBOR SUPPORT
SD1863693,Closed,CMS Interaction,CRM,Other,3/18/2026 9:59,3/18/2026 11:11,19715928,19715928,Escalated Tickets ,ARBOR SUPPORT
SD1863694,Pending Other,CMS Interaction,UOMS,Fixed Voic and Data,3/18/2026 10:06,,,S630048,Escalated Tickets ,ARBOR SUPPORT
SD1863699,Closed,CMS Interaction,CRM,Other,3/18/2026 10:20,3/18/2026 18:02,37230,37230,ITCMS,IT CMS
SD1863703,Closed,CMS Interaction,Pending Order,Fixed Voic and Data,3/18/2026 10:22,3/29/2026 8:21,70274,70274,Escalated Tickets ,OSS Mediation Support
SD1863706,Closed,CMS Interaction,CRM,Other,3/18/2026 10:25,3/18/2026 11:39,S630048,69758,Escalated Tickets ,ARBOR SUPPORT
SD1863707,Closed,CMS Interaction,Pending Order,Mobile Postpaid,3/18/2026 10:30,3/18/2026 14:25,scheduledAction,scheduledAction,ITCMS,IT CMS
SD1863708,Closed,CMS Interaction,Pending Order,Mobile Postpaid,3/18/2026 10:31,3/24/2026 8:16,Z6302499,Z6302499,Escalated Tickets ,OSS Mediation Support
SD1863714,Closed,CMS Interaction,CRM,Other,3/18/2026 10:47,3/21/2026 22:39,S630048,S630048,Escalated Tickets ,ARBOR SUPPORT
SD1863717,Closed,CMS Interaction,Pending Order,Mobile Postpaid,3/18/2026 10:50,3/18/2026 11:26,scheduledAction,scheduledAction,ITCMS,IT CMS
SD1863719,Assign,CMS Interaction,Pending Order,Fixed Voic and Data,3/18/2026 10:55,,,,Escalated Tickets ,Unified Back Office Team
SD1863721,Closed,CMS Interaction,Preorder Issue,Others,3/18/2026 11:00,3/21/2026 22:38,S630048,S630048,Escalated Tickets ,ARBOR SUPPORT
SD1863724,Closed,CMS Interaction,CRM,Other,3/18/2026 11:05,3/18/2026 11:38,S630048,S630048,Escalated Tickets ,ARBOR SUPPORT
SD1863725,Closed,CMS Interaction,UOMS,Mobile,3/18/2026 11:06,3/19/2026 19:48,69496,69496,ITCMS,IT CMS
SD1863727,Closed,CMS Interaction,Pending Order,Mobile Prepaid,3/18/2026 11:17,3/18/2026 11:56,scheduledAction,scheduledAction,ITCMS,IT CMS
SD1863728,Closed,CMS Interaction,UOMS,Mobile,3/18/2026 11:19,3/24/2026 8:20,Z6302499,Z6302499,Escalated Tickets ,OSS Mediation Support
SD1863731,Closed,CMS Interaction,UOMS,Mobile,3/18/2026 11:39,3/18/2026 17:27,37230,37230,ITCMS,IT CMS
SD1863732,Closed,CMS Interaction,RTCS,Data Usage,3/18/2026 11:43,3/30/2026 5:00,70141,70141,Escalated Tickets ,BSS RTCS
SD1863741,Closed,CMS Interaction,CRM,Other,3/18/2026 12:37,3/21/2026 22:32,S630048,S630048,Escalated Tickets ,ARBOR SUPPORT
SD1863749,Closed,CMS Interaction,Pending Order,Mobile Prepaid,3/18/2026 13:16,3/18/2026 17:39,37230,37230,ITCMS,IT CMS
SD1863753,Closed,CMS Interaction,UOMS,Mobile,3/18/2026 13:20,3/22/2026 10:45,S630048,S630048,Escalated Tickets ,ARBOR SUPPORT
SD1863754,Closed,CMS Interaction,UOMS,Fixed Voic and Data,3/18/2026 13:31,3/24/2026 8:25,Z6302499,Z6302499,Escalated Tickets ,OSS Mediation Support
SD1863757,Closed,CMS Interaction,UOMS,Mobile,3/18/2026 14:15,3/18/2026 17:36,37230,37230,ITCMS,IT CMS
SD1863758,Closed,CMS Interaction,BIP Billing,BIP Order Isuse,3/18/2026 15:48,3/24/2026 5:36,J2226589,J2226589,Escalated Tickets ,BIP Billing
SD1863759,Closed,CMS Interaction,Pending Order,Mobile Postpaid,3/18/2026 15:51,3/18/2026 17:16,37230,37230,ITCMS,IT CMS
SD1863760,Closed,CMS Interaction,CRM,Other,3/18/2026 15:51,3/18/2026 17:22,37230,37230,ITCMS,IT CMS
SD1863761,Closed,CMS Interaction,RTCS,Data Usage,3/18/2026 15:55,3/24/2026 8:30,Z6302499,Z6302499,Escalated Tickets ,OSS Mediation Support
SD1863762,Closed,CMS Interaction,UOMS,Mobile,3/18/2026 15:58,3/24/2026 5:39,J2226589,J2226589,Escalated Tickets ,BIP Billing
SD1863763,Closed,CMS Interaction,RTCS,Data Usage,3/18/2026 16:08,3/24/2026 7:07,11125603,11125603,ITCMS,IT CMS
SD1863764,Closed,CMS Interaction,Pending Order,Mobile Postpaid,3/18/2026 16:23,3/18/2026 16:55,scheduledAction,scheduledAction,ITCMS,IT CMS
SD1863765,Closed,CMS Interaction,Pending Order,Fixed Voic and Data,3/18/2026 16:32,3/24/2026 9:03,LR1995699,LR1995699,Escalated Tickets ,NEP Support
SD1863767,Closed,CMS Interaction,Pending Order,BIP Failure,3/18/2026 16:45,3/18/2026 17:38,37230,37230,ITCMS,IT CMS
SD1863768,Closed,CMS Interaction,UOMS,PortOut/PortIN,3/18/2026 16:51,3/18/2026 17:50,37230,37230,ITCMS,IT CMS
SD1863769,Closed,CMS Interaction,Pending Order,BIP Failure,3/18/2026 16:53,3/23/2026 15:19,scheduledAction,z4886767,Escalated Tickets ,OSS Mediation Support
SD1863770,Closed,CMS Interaction,POS and CMA,Reversal,3/18/2026 16:54,3/23/2026 9:23,X6410019,X6410019,Escalated Tickets ,BSS POS
SD1863771,Closed,CMS Interaction,Pending Order,Mobile Postpaid,3/18/2026 16:58,3/24/2026 7:05,109720587,109720587,Escalated Tickets ,BSS RTCS
SD1863772,Closed,CMS Interaction,Pending Order,Fixed Voic and Data,3/18/2026 16:58,3/18/2026 17:40,37230,37230,ITCMS,IT CMS
SD1863773,Closed,CMS Interaction,Pending Order,Mobile Postpaid,3/18/2026 17:02,3/18/2026 17:27,scheduledAction,37230,ITCMS,IT CMS
SD1863774,Closed,CMS Interaction,CRM,Other,3/18/2026 17:12,3/21/2026 22:31,S630048,S630048,Escalated Tickets ,ARBOR SUPPORT
SD1863775,Closed,CMS Interaction,CRM,Other,3/18/2026 17:14,3/18/2026 18:00,37230,37230,ITCMS,IT CMS
SD1863776,Closed,CMS Interaction,DDMS,SMS,3/18/2026 17:20,3/24/2026 17:37,P1832151,69574,Escalated Tickets ,BSS DDMS
SD1863777,Closed,CMS Interaction,Pending Order,RTCS Failure,3/18/2026 17:25,3/18/2026 17:49,37230,37230,ITCMS,IT CMS
SD1863778,Closed,CMS Interaction,Pending Order,Mobile Postpaid,3/18/2026 17:27,3/18/2026 17:48,37230,37230,ITCMS,IT CMS
SD1863779,Closed,CMS Interaction,CRM,Other,3/18/2026 17:28,3/18/2026 17:55,37230,37230,ITCMS,IT CMS
SD1863780,Closed,CMS Interaction,CRM,Other,3/18/2026 17:30,3/26/2026 6:35,70141,70141,Escalated Tickets ,BSS RTCS
SD1863781,Closed,CMS Interaction,Pending Order,Mobile Prepaid,3/18/2026 17:32,3/18/2026 17:51,37230,37230,ITCMS,IT CMS
SD1863782,Closed,CMS Interaction,CRM,Other,3/18/2026 17:32,3/24/2026 8:57,Z6302499,Z6302499,Escalated Tickets ,OSS Mediation Support
SD1863783,Closed,CMS Interaction,UOMS,Mobile,3/18/2026 17:33,3/18/2026 17:50,37230,37230,ITCMS,IT CMS
SD1863784,Closed,CMS Interaction,RTCS,Data Usage,3/18/2026 17:37,3/24/2026 17:14,37230,37230,ITCMS,IT CMS
SD1863785,Closed,CMS Interaction,Pending Order,Mobile Prepaid,3/18/2026 17:40,3/18/2026 17:53,37230,37230,ITCMS,IT CMS
SD1863786,Closed,CMS Interaction,UOMS,Mobile,3/18/2026 17:43,3/22/2026 9:24,X6410019,X6410019,Escalated Tickets ,BSS CRM
SD1863787,Closed,CMS Interaction,RTCS,Data Usage,3/18/2026 17:46,3/24/2026 8:59,Z6302499,Z6302499,Escalated Tickets ,OSS Mediation Support
SD1863789,Closed,CMS Interaction,Pending Order,Mobile Postpaid,3/18/2026 17:57,3/25/2026 3:44,19715928,19715928,Escalated Tickets ,ARBOR SUPPORT
SD1863790,Closed,CMS Interaction,CRM,CRM Down,3/18/2026 17:57,3/21/2026 21:30,S630048,S630048,Escalated Tickets ,ARBOR SUPPORT
SD1863791,Closed,CMS Interaction,Pending Order,Mobile Postpaid,3/18/2026 18:00,3/25/2026 5:11,scheduledAction,69758,Escalated Tickets ,ARBOR SUPPORT
SD1863792,Closed,CMS Interaction,Pending Order,BIP Failure,3/18/2026 18:21,3/24/2026 8:31,LR1995699,LR1995699,Escalated Tickets ,NEP Support
SD1863793,Closed,CMS Interaction,Pending Order,Mobile Postpaid,3/18/2026 18:36,3/20/2026 10:13,S630048,S630048,Escalated Tickets ,ARBOR SUPPORT
SD1863794,Closed,CMS Interaction,Pending Order,Mobile Postpaid,3/18/2026 18:39,3/24/2026 9:04,Z6302499,Z6302499,Escalated Tickets ,OSS Mediation Support
SD1863795,Closed,CMS Interaction,Pending Order,Mobile Postpaid,3/18/2026 18:53,3/20/2026 9:34,scheduledAction,70141,Escalated Tickets ,BSS RTCS
SD1863796,Closed,CMS Interaction,Pending Order,Mobile Postpaid,3/18/2026 18:58,3/18/2026 19:27,37230,37230,ITCMS,IT CMS
SD1863797,Closed,CMS Interaction,UOMS,PortOut/PortIN,3/18/2026 19:01,3/24/2026 9:07,Z6302499,Z6302499,Escalated Tickets ,OSS Mediation Support
SD1863798,Closed,CMS Interaction,CRM,No Data Found,3/18/2026 19:04,3/28/2026 5:59,37230,11125603,ITCMS,IT CMS
SD1863799,Closed,CMS Interaction,UOMS,PortOut/PortIN,3/18/2026 19:10,3/24/2026 9:12,Z6302499,Z6302499,Escalated Tickets ,OSS Mediation Support
SD1863800,Categorize,CMS Interaction,Apple watch,activation,3/18/2026 19:11,,,,BSS Apple Watch,BSS Apple Watch
SD1863801,Closed,CMS Interaction,Pending Order,Mobile Postpaid,3/18/2026 19:17,3/19/2026 10:11,scheduledAction,69758,Escalated Tickets ,ARBOR SUPPORT
SD1863802,Closed,CMS Interaction,Pending Order,Mobile Prepaid,3/18/2026 19:27,3/18/2026 19:33,37230,37230,ITCMS,IT CMS
SD1863803,Closed,CMS Interaction,Pending Order,ITA order,3/18/2026 19:28,4/6/2026 9:14,W0213873,LR1995699,Escalated Tickets ,NEP Support
SD1863804,Closed,CMS Interaction,Pending Order,Mobile Postpaid,3/18/2026 19:33,3/18/2026 19:36,37230,37230,ITCMS,IT CMS
SD1863805,Closed,CMS Interaction,POS and CMA,Reversal,3/18/2026 19:34,3/23/2026 9:20,X6410019,X6410019,Escalated Tickets ,BSS POS
SD1863806,Closed,CMS Interaction,UOMS,Mobile,3/18/2026 19:37,3/24/2026 9:14,Z6302499,Z6302499,Escalated Tickets ,OSS Mediation Support
SD1863807,Closed,CMS Interaction,CRM,Other,3/18/2026 19:53,3/19/2026 19:46,69496,69496,ITCMS,IT CMS
SD1863808,Closed,CMS Interaction,Pending Order,Mobile Postpaid,3/18/2026 20:10,3/23/2026 18:18,scheduledAction,70699048,Escalated Tickets ,BSS Interface
SD1863809,Closed,CMS Interaction,Pending Order,Fixed Voic and Data,3/18/2026 20:17,3/20/2026 10:10,S630048,S630048,Escalated Tickets ,ARBOR SUPPORT
SD1863810,Closed,CMS Interaction,RTCS,Short code and SMS,3/18/2026 20:26,3/19/2026 7:22,69496,69496,ITCMS,IT CMS
SD1863811,Closed,CMS Interaction,BIP Billing,Bill Issue,3/18/2026 21:08,3/24/2026 5:43,J2226589,J2226589,Escalated Tickets ,BIP Billing
SD1863812,Closed,CMS Interaction,RTCS,Short code and SMS,3/18/2026 21:12,3/26/2026 5:28,11125603,11125603,ITCMS,IT CMS
SD1863813,Closed,CMS Interaction,UOMS,Mobile,3/18/2026 21:18,3/20/2026 17:06,69496,69496,ITCMS,IT CMS
SD1863814,Closed,CMS Interaction,Pending Order,Mobile Postpaid,3/18/2026 21:19,3/19/2026 1:46,scheduledAction,scheduledAction,ITCMS,IT CMS
SD1863815,Closed,CMS Interaction,UOMS,Mobile,3/18/2026 21:45,3/26/2026 10:04,19715928,19715928,Escalated Tickets ,ARBOR SUPPORT
SD1863816,Closed,CMS Interaction,CRM,Other,3/18/2026 22:19,3/20/2026 17:04,69496,69496,ITCMS,IT CMS
SD1863817,Closed,CMS Interaction,UOMS,Fixed Voic and Data,3/18/2026 22:20,3/24/2026 9:22,Z6302499,Z6302499,Escalated Tickets ,OSS Mediation Support
SD1863818,Closed,CMS Interaction,RTCS,Short code and SMS,3/18/2026 22:59,3/20/2026 5:47,69496,69496,ITCMS,IT CMS
SD1863820,Closed,CMS Interaction,CRM,No Data Found,3/19/2026 1:43,3/25/2026 5:16,109720587,109720587,Escalated Tickets ,BSS RTCS
SD1863821,Closed,CMS Interaction,RTCS,Short code and SMS,3/19/2026 2:50,3/20/2026 5:55,69496,69496,ITCMS,IT CMS
SD1863822,Closed,CMS Interaction,Pending Order,Mobile Postpaid,3/19/2026 3:09,3/19/2026 10:11,scheduledAction,70699048,Escalated Tickets ,BSS Interface
SD1863823,Assign,CMS Interaction,Pending Order,MPLS order,3/19/2026 4:01,,,,Activation Support,Activation Support
SD1863824,Closed,CMS Interaction,Pending Order,MPLS order,3/19/2026 4:01,3/19/2026 4:12,scheduledAction,scheduledAction,Activation Support,Activation Support
SD1863825,Assign,CMS Interaction,Pending Order,MPLS order,3/19/2026 4:01,,,,Activation Support,Activation Support
SD1863826,Assign,CMS Interaction,Pending Order,MPLS order,3/19/2026 4:01,,,,Activation Support,Activation Support
SD1863827,Assign,CMS Interaction,Pending Order,MPLS order,3/19/2026 4:01,,,,Activation Support,Activation Support
SD1863828,Closed,CMS Interaction,Pending Order,MPLS order,3/19/2026 4:01,3/26/2026 4:26,scheduledAction,69509,Activation Support,Activation Support
SD1863829,Closed,CMS Interaction,Pending Order,MPLS order,3/19/2026 4:01,4/6/2026 7:04,scheduledAction,69509,Activation Support,Activation Support
SD1863830,Closed,CMS Interaction,Pending Order,MPLS order,3/19/2026 4:01,4/5/2026 6:29,scheduledAction,12064,Activation Support,Activation Support
SD1863831,Assign,CMS Interaction,Pending Order,MPLS order,3/19/2026 4:02,,,,Activation Support,Activation Support
SD1863832,Closed,CMS Interaction,Pending Order,MPLS order,3/19/2026 4:02,3/26/2026 6:51,scheduledAction,scheduledAction,Activation Support,Activation Support
SD1863833,Closed,CMS Interaction,Pending Order,MPLS order,3/19/2026 4:02,3/19/2026 4:12,scheduledAction,scheduledAction,Activation Support,Activation Support
SD1863834,Closed,CMS Interaction,Pending Order,MPLS order,3/19/2026 4:02,3/19/2026 4:12,scheduledAction,scheduledAction,Activation Support,Activation Support
SD1863835,Closed,CMS Interaction,Pending Order,MPLS order,3/19/2026 4:02,4/2/2026 7:31,scheduledAction,69509,Activation Support,Activation Support
SD1863836,Closed,CMS Interaction,Pending Order,MPLS order,3/19/2026 4:02,3/19/2026 4:12,scheduledAction,scheduledAction,Activation Support,Activation Support
SD1863837,In Progress,CMS Interaction,Pending Order,MPLS order,3/19/2026 4:02,,,16538,Activation Support,Activation Support
SD1863838,Assign,CMS Interaction,Pending Order,MPLS order,3/19/2026 4:02,,,,Activation Support,Activation Support
SD1863839,Resolved,CMS Interaction,Pending Order,MPLS order,3/19/2026 4:02,4/8/2026 8:52,scheduledAction,16538,Activation Support,Activation Support
SD1863840,Closed,CMS Interaction,Pending Order,MPLS order,3/19/2026 4:02,3/31/2026 10:11,scheduledAction,69509,Activation Support,Activation Support
SD1863841,Closed,CMS Interaction,RTCS,Short code and SMS,3/19/2026 5:15,3/25/2026 7:33,10992754,3P01987,Digital SSM Support,Digital SSM Support
SD1863842,Closed,CMS Interaction,CRM,Other,3/19/2026 5:17,3/19/2026 8:16,69496,69496,ITCMS,IT CMS
SD1863844,Closed,CMS Interaction,Pending Order,Mobile Prepaid,3/19/2026 5:20,3/19/2026 7:30,69496,69496,ITCMS,IT CMS
SD1863845,Closed,CMS Interaction,CRM,No Data Found,3/19/2026 5:40,3/19/2026 8:14,69496,69496,ITCMS,IT CMS
SD1863846,Closed,CMS Interaction,Pending Order,Mobile Postpaid,3/19/2026 5:48,3/24/2026 13:46,70699048,70699048,Escalated Tickets ,BSS Interface
SD1863847,Closed,CMS Interaction,Pending Order,Fixed Voic and Data,3/19/2026 6:06,3/24/2026 8:29,scheduledAction,LR1995699,Escalated Tickets ,NEP Support
SD1863848,Closed,CMS Interaction,Pending Order,WFBB Order,3/19/2026 6:26,3/19/2026 7:26,69496,69496,ITCMS,IT CMS
SD1863849,Closed,CMS Interaction,Pending Order,RTCS Failure,3/19/2026 6:27,3/19/2026 9:15,22674,22674,Escalated Tickets ,BSS RTCS
SD1863850,Closed,CMS Interaction,Pending Order,Mobile Postpaid,3/19/2026 6:29,3/19/2026 8:13,scheduledAction,71009,Escalated Tickets ,OSS Mediation Support
SD1863851,Closed,CMS Interaction,ITA,ITA,3/19/2026 6:33,3/24/2026 9:26,Z6302499,Z6302499,Escalated Tickets ,OSS Mediation Support
SD1863853,Closed,CMS Interaction,CRM,Other,3/19/2026 6:45,3/24/2026 9:07,LR1995699,LR1995699,Escalated Tickets ,NEP Support
SD1863854,Closed,CMS Interaction,Pending Order,BIP Failure,3/19/2026 7:25,3/19/2026 7:37,69496,69496,ITCMS,IT CMS
SD1863855,Closed,CMS Interaction,Pending Order,Mobile Prepaid,3/19/2026 7:43,3/19/2026 8:11,69496,69496,ITCMS,IT CMS
SD1863856,Closed,CMS Interaction,Pending Order,WFBB Order,3/19/2026 7:44,3/19/2026 8:13,scheduledAction,scheduledAction,(Blank),
SD1863857,Closed,CMS Interaction,Pending Order,Mobile Prepaid,3/19/2026 7:45,3/19/2026 7:51,69496,69496,ITCMS,IT CMS
SD1863859,Closed,CMS Interaction,UOMS,Mobile,3/19/2026 7:51,3/24/2026 7:09,11125603,11125603,ITCMS,IT CMS
SD1863860,Closed,CMS Interaction,Pending Order,Mobile Postpaid,3/19/2026 8:00,3/19/2026 8:10,69496,69496,ITCMS,IT CMS
SD1863861,Closed,CMS Interaction,Pending Order,Mobile Postpaid,3/19/2026 8:01,3/19/2026 8:09,69496,69496,ITCMS,IT CMS
SD1863862,Closed,CMS Interaction,Pending Order,Fixed Voic and Data,3/19/2026 8:26,3/19/2026 11:19,69496,69496,ITCMS,IT CMS
SD1863863,Closed,CMS Interaction,Pending Order,Mobile Postpaid,3/19/2026 8:28,3/19/2026 15:27,69496,69496,ITCMS,IT CMS
SD1863864,Closed,CMS Interaction,Preorder Issue,System Error,3/19/2026 8:30,3/22/2026 0:36,S630048,S630048,Escalated Tickets ,ARBOR SUPPORT
SD1863865,Closed,CMS Interaction,Pending Order,WFBB Order,3/19/2026 8:31,3/19/2026 11:16,69496,69496,ITCMS,IT CMS
SD1863866,Closed,CMS Interaction,Pending Order,BIP Failure,3/19/2026 8:44,3/19/2026 10:51,69496,69496,ITCMS,IT CMS
SD1863868,Closed,CMS Interaction,Pending Order,Mobile Prepaid,3/19/2026 8:54,3/19/2026 10:34,69496,69496,ITCMS,IT CMS
SD1863869,Closed,CMS Interaction,CRM,Other,3/19/2026 9:00,3/20/2026 6:33,69496,69496,ITCMS,IT CMS
SD1863870,Closed,CMS Interaction,Pending Order,Fixed Voic and Data,3/19/2026 9:01,3/19/2026 11:02,69496,69496,ITCMS,IT CMS
SD1863872,Closed,CMS Interaction,Pending Order,RTCS Failure,3/19/2026 9:26,3/19/2026 10:11,scheduledAction,scheduledAction,ITCMS,IT CMS
SD1863873,Closed,CMS Interaction,CRM,Other,3/19/2026 9:30,3/22/2026 0:30,S630048,S630048,Escalated Tickets ,ARBOR SUPPORT
SD1863874,Closed,CMS Interaction,Pending Order,RTCS Failure,3/19/2026 9:33,3/19/2026 10:11,scheduledAction,scheduledAction,ITCMS,IT CMS
SD1863875,Closed,CMS Interaction,CRM,Other,3/19/2026 9:47,3/19/2026 15:29,69496,69496,ITCMS,IT CMS
SD1863881,Closed,CMS Interaction,Pending Order,RTCS Failure,3/19/2026 9:56,3/19/2026 14:07,scheduledAction,Z6302499,Escalated Tickets ,OSS Mediation Support
SD1863882,Closed,CMS Interaction,UOMS,Mobile,3/19/2026 10:04,3/24/2026 9:28,Z6302499,Z6302499,Escalated Tickets ,OSS Mediation Support
SD1863883,Closed,CMS Interaction,Pending Order,Fixed Voic and Data,3/19/2026 10:08,3/19/2026 10:59,69496,69496,ITCMS,IT CMS
SD1863884,Closed,CMS Interaction,Pending Order,Fixed Voic and Data,3/19/2026 10:18,3/19/2026 19:58,69496,69496,ITCMS,IT CMS
SD1863885,Closed,CMS Interaction,Pending Order,Mobile Postpaid,3/19/2026 10:20,3/19/2026 10:43,scheduledAction,scheduledAction,ITCMS,IT CMS
SD1863886,Closed,CMS Interaction,CRM,Other,3/19/2026 10:30,3/24/2026 8:26,LR1995699,LR1995699,Escalated Tickets ,NEP Support
SD1863887,Closed,CMS Interaction,UOMS,Mobile,3/19/2026 10:31,3/25/2026 7:29,10992754,3P01987,Digital SSM Support,Digital SSM Support
SD1863890,Closed,CMS Interaction,Pending Order,Mobile Postpaid,3/19/2026 10:48,3/19/2026 10:53,69496,69496,ITCMS,IT CMS
SD1863892,Closed,CMS Interaction,UOMS,Mobile,3/19/2026 11:19,3/24/2026 7:10,11125603,11125603,ITCMS,IT CMS
SD1863893,Closed,CMS Interaction,Pending Order,Fixed Voic and Data,3/19/2026 11:46,3/24/2026 8:59,scheduledAction,LR1995699,Escalated Tickets ,NEP Support
SD1863895,Closed,CMS Interaction,UOMS,Mobile,3/19/2026 11:49,3/25/2026 7:28,10992754,11355736,Digital SSM Support,Digital SSM Support
SD1863896,Closed,CMS Interaction,Pending Order,Mobile Postpaid,3/19/2026 12:25,3/19/2026 15:31,69496,69496,ITCMS,IT CMS
SD1863898,Closed,CMS Interaction,BIP Billing,BIP Order Isuse,3/19/2026 13:07,3/25/2026 7:24,10992754,3P01987,Digital SSM Support,Digital SSM Support
SD1863899,Closed,CMS Interaction,POS and CMA,User Issue,3/19/2026 13:11,3/22/2026 17:19,69496,69496,ITCMS,IT CMS
SD1863900,Closed,CMS Interaction,UOMS,Mobile,3/19/2026 13:31,3/24/2026 5:49,69027,69027,VAS,VAS
SD1863901,Closed,CMS Interaction,RTCS,CPN,3/19/2026 13:50,3/24/2026 5:23,70141,70141,Escalated Tickets ,BSS RTCS
SD1863904,Closed,CMS Interaction,Pending Order,RTCS Failure,3/19/2026 15:49,3/19/2026 17:23,69496,69496,ITCMS,IT CMS
SD1863905,Closed,CMS Interaction,UOMS,Mobile,3/19/2026 15:51,3/19/2026 17:41,69496,69496,ITCMS,IT CMS
SD1863906,Closed,CMS Interaction,CRM,Other,3/19/2026 15:53,3/24/2026 9:30,Z6302499,Z6302499,Escalated Tickets ,OSS Mediation Support
SD1863908,Closed,CMS Interaction,Pending Order,Mobile Postpaid,3/19/2026 16:02,3/19/2026 17:21,69496,69496,ITCMS,IT CMS
SD1863909,Closed,CMS Interaction,UOMS,Mobile,3/19/2026 16:05,3/24/2026 9:33,Z6302499,Z6302499,Escalated Tickets ,OSS Mediation Support
SD1863912,Closed,CMS Interaction,CRM,Other,3/19/2026 16:23,3/19/2026 17:35,69496,69496,ITCMS,IT CMS
SD1863913,Closed,CMS Interaction,Pending Order,Fixed Voic and Data,3/19/2026 16:24,3/19/2026 16:32,scheduledAction,scheduledAction,ITCMS,IT CMS
SD1863914,Closed,CMS Interaction,Apple watch,activation,3/19/2026 16:35,3/20/2026 6:13,69496,69496,ITCMS,IT CMS
SD1863915,Closed,CMS Interaction,Pending Order,Mobile Prepaid,3/19/2026 16:59,3/19/2026 17:08,69496,69496,ITCMS,IT CMS
SD1863916,Closed,CMS Interaction,Pending Order,Mobile Postpaid,3/19/2026 17:06,3/19/2026 17:19,69496,69496,ITCMS,IT CMS
SD1863917,Closed,CMS Interaction,CRM,Other,3/19/2026 17:15,3/24/2026 9:36,Z6302499,Z6302499,Escalated Tickets ,OSS Mediation Support
SD1863918,Closed,CMS Interaction,CRM,Other,3/19/2026 17:17,3/22/2026 0:26,S630048,S630048,Escalated Tickets ,ARBOR SUPPORT
SD1863919,Closed,CMS Interaction,CRM,Other,3/19/2026 17:23,3/19/2026 17:27,69496,69496,ITCMS,IT CMS
SD1863920,Closed,CMS Interaction,Pending Order,Mobile Prepaid,3/19/2026 17:28,3/19/2026 17:33,scheduledAction,scheduledAction,ITCMS,IT CMS
SD1863922,Closed,CMS Interaction,Pending Order,Mobile Postpaid,3/19/2026 17:48,3/19/2026 19:54,69496,69496,ITCMS,IT CMS
SD1863923,Closed,CMS Interaction,Pending Order,Mobile Postpaid,3/19/2026 17:50,3/20/2026 6:10,69496,69496,ITCMS,IT CMS
SD1863924,Closed,CMS Interaction,CRM,Other,3/19/2026 17:52,3/20/2026 6:26,69496,69496,ITCMS,IT CMS
SD1863925,Closed,CMS Interaction,CRM,Other,3/19/2026 18:36,3/20/2026 6:28,69496,69496,ITCMS,IT CMS
SD1863929,Closed,CMS Interaction,RTCS,Data Usage,3/19/2026 18:58,3/24/2026 9:44,Z6302499,Z6302499,Escalated Tickets ,OSS Mediation Support
SD1863930,Closed,CMS Interaction,Pending Order,Mobile Prepaid,3/19/2026 19:03,3/19/2026 19:25,scheduledAction,scheduledAction,ITCMS,IT CMS
SD1863931,Closed,CMS Interaction,Pending Order,RTCS Failure,3/19/2026 19:11,3/19/2026 19:56,69496,69496,ITCMS,IT CMS
SD1863934,Closed,CMS Interaction,Pending Order,Fixed Voic and Data,3/19/2026 19:57,3/20/2026 6:06,69496,69496,ITCMS,IT CMS
SD1863935,Closed,CMS Interaction,CRM,Realize Number Issue,3/19/2026 19:59,3/20/2026 6:08,69496,69496,ITCMS,IT CMS
SD1863936,Closed,CMS Interaction,UOMS,PortOut/PortIN,3/19/2026 20:01,3/24/2026 9:49,Z6302499,Z6302499,Escalated Tickets ,OSS Mediation Support
SD1863937,Closed,CMS Interaction,RTCS,Short code and SMS,3/19/2026 20:42,3/26/2026 17:36,37230,37230,ITCMS,IT CMS
SD1863938,Closed,CMS Interaction,RTCS,Short code and SMS,3/19/2026 20:55,3/29/2026 7:51,70141,70141,Escalated Tickets ,BSS RTCS
SD1863943,Closed,CMS Interaction,Pending Order,Mobile Postpaid,3/20/2026 3:58,3/20/2026 4:12,scheduledAction,scheduledAction,ITCMS,IT CMS
SD1863944,Closed,CMS Interaction,Pending Order,MPLS order,3/20/2026 4:01,4/2/2026 8:46,scheduledAction,16538,Activation Support,Activation Support
SD1863945,Closed,CMS Interaction,Pending Order,MPLS order,3/20/2026 4:01,3/31/2026 11:18,scheduledAction,12064,Activation Support,Activation Support
SD1863946,Closed,CMS Interaction,Pending Order,MPLS order,3/20/2026 4:01,3/20/2026 4:12,scheduledAction,scheduledAction,Activation Support,Activation Support
SD1863947,Closed,CMS Interaction,Pending Order,MPLS order,3/20/2026 4:01,4/2/2026 6:32,scheduledAction,16538,Activation Support,Activation Support
SD1863948,Assign,CMS Interaction,Pending Order,MPLS order,3/20/2026 4:01,,,,Activation Support,Activation Support
SD1863949,Assign,CMS Interaction,Pending Order,MPLS order,3/20/2026 4:02,,,,Activation Support,Activation Support
SD1863950,Assign,CMS Interaction,Pending Order,MPLS order,3/20/2026 4:02,,,,Activation Support,Activation Support
SD1863951,Closed,CMS Interaction,Pending Order,MPLS order,3/20/2026 4:02,4/2/2026 8:46,scheduledAction,16538,Activation Support,Activation Support
SD1863952,Assign,CMS Interaction,Pending Order,MPLS order,3/20/2026 4:02,,,,Activation Support,Activation Support
SD1863953,Closed,CMS Interaction,Pending Order,MPLS order,3/20/2026 4:02,3/26/2026 6:52,scheduledAction,scheduledAction,Activation Support,Activation Support
SD1863954,Closed,CMS Interaction,Pending Order,MPLS order,3/20/2026 4:02,3/29/2026 15:33,scheduledAction,69509,Activation Support,Activation Support
SD1863955,Assign,CMS Interaction,Pending Order,MPLS order,3/20/2026 4:02,,,,Activation Support,Activation Support
SD1863956,Assign,CMS Interaction,Pending Order,MPLS order,3/20/2026 4:02,,,,Activation Support,Activation Support
SD1863957,Assign,CMS Interaction,Pending Order,MPLS order,3/20/2026 4:02,,,,Activation Support,Activation Support
SD1863958,Assign,CMS Interaction,Pending Order,MPLS order,3/20/2026 4:02,,,,Activation Support,Activation Support
SD1863959,Assign,CMS Interaction,Pending Order,MPLS order,3/20/2026 4:02,,,,Activation Support,Activation Support
SD1863960,Closed,CMS Interaction,Pending Order,MPLS order,3/20/2026 4:02,3/29/2026 9:23,scheduledAction,69509,Activation Support,Activation Support
SD1863961,Resolved,CMS Interaction,Pending Order,MPLS order,3/20/2026 4:03,4/9/2026 9:32,scheduledAction,69509,Activation Support,Activation Support
SD1863962,Assign,CMS Interaction,Pending Order,MPLS order,3/20/2026 4:03,,,,Activation Support,Activation Support
SD1863963,Assign,CMS Interaction,Pending Order,MPLS order,3/20/2026 4:03,,,,Activation Support,Activation Support
SD1863964,Assign,CMS Interaction,Pending Order,MPLS order,3/20/2026 4:03,,,,Activation Support,Activation Support
SD1863965,Closed,CMS Interaction,Pending Order,MPLS order,3/20/2026 4:03,3/20/2026 4:13,scheduledAction,scheduledAction,Activation Support,Activation Support
SD1863966,Assign,CMS Interaction,Pending Order,MPLS order,3/20/2026 4:03,,,,Activation Support,Activation Support
SD1863967,In Progress,CMS Interaction,Pending Order,MPLS order,3/20/2026 4:03,,,69509,Activation Support,Activation Support
SD1863968,Assign,CMS Interaction,Pending Order,MPLS order,3/20/2026 4:03,,,,Activation Support,Activation Support
SD1863969,Assign,CMS Interaction,Pending Order,MPLS order,3/20/2026 4:03,,,,Activation Support,Activation Support
SD1863970,Assign,CMS Interaction,Pending Order,MPLS order,3/20/2026 4:03,,,,Activation Support,Activation Support
SD1863971,Closed,CMS Interaction,Pending Order,MPLS order,3/20/2026 4:03,3/25/2026 12:30,scheduledAction,95809,Activation Support,Activation Support
SD1863972,Assign,CMS Interaction,Pending Order,MPLS order,3/20/2026 4:04,,,,Activation Support,Activation Support
SD1863973,Resolved,CMS Interaction,Pending Order,MPLS order,3/20/2026 4:04,4/8/2026 7:46,scheduledAction,95809,Activation Support,Activation Support
SD1863974,Closed,CMS Interaction,Pending Order,MPLS order,3/20/2026 4:04,3/29/2026 9:23,scheduledAction,95809,Activation Support,Activation Support
SD1863975,Closed,CMS Interaction,Pending Order,Fixed Voic and Data,3/20/2026 4:27,3/20/2026 6:03,69496,69496,ITCMS,IT CMS
SD1863976,Closed,CMS Interaction,Pending Order,Mobile Postpaid,3/20/2026 4:28,3/24/2026 9:53,Z6302499,Z6302499,Escalated Tickets ,OSS Mediation Support
SD1863977,Closed,CMS Interaction,RTCS,Short code and SMS,3/20/2026 5:29,3/25/2026 4:49,11125603,11125603,ITCMS,IT CMS
SD1863978,Closed,CMS Interaction,UOMS,Mobile,3/20/2026 6:00,3/24/2026 6:03,69027,69027,VAS,VAS
SD1863980,Closed,CMS Interaction,Pending Order,Mobile Postpaid,3/20/2026 7:40,3/20/2026 8:38,scheduledAction,scheduledAction,ITCMS,IT CMS
SD1863981,Closed,CMS Interaction,Pending Order,Mobile Postpaid,3/20/2026 7:41,3/20/2026 8:38,scheduledAction,scheduledAction,ITCMS,IT CMS
SD1863982,Closed,CMS Interaction,UOMS,Mobile,3/20/2026 7:56,3/25/2026 7:40,69566,69566,ITCMS,IT CMS
SD1863983,Closed,CMS Interaction,Pending Order,Mobile Postpaid,3/20/2026 8:39,3/20/2026 16:17,69496,69496,ITCMS,IT CMS
SD1863984,Closed,CMS Interaction,Pending Order,Mobile Postpaid,3/20/2026 9:34,3/20/2026 10:04,scheduledAction,scheduledAction,ITCMS,IT CMS
SD1863985,Categorize,CMS Interaction,Apple watch,activation,3/20/2026 9:36,,,,BSS Apple Watch,BSS Apple Watch
SD1863986,Closed,CMS Interaction,Pending Order,Mobile Postpaid,3/20/2026 9:45,3/24/2026 9:56,Z6302499,Z6302499,Escalated Tickets ,OSS Mediation Support
SD1863987,Closed,CMS Interaction,Pending Order,Mobile Prepaid,3/20/2026 9:53,3/20/2026 10:04,scheduledAction,scheduledAction,ITCMS,IT CMS
SD1863988,Closed,CMS Interaction,UOMS,Mobile,3/20/2026 9:58,3/20/2026 17:00,69496,69496,ITCMS,IT CMS
SD1863990,Closed,CMS Interaction,Pending Order,Mobile Prepaid,3/20/2026 11:03,3/25/2026 4:55,71009,71009,Escalated Tickets ,OSS Mediation Support
SD1863991,Closed,CMS Interaction,Pending Order,WFBB Order,3/20/2026 11:40,3/24/2026 13:42,70699048,70699048,Escalated Tickets ,BSS Interface
SD1863992,Closed,CMS Interaction,RTCS,Data Usage,3/20/2026 12:12,3/20/2026 17:14,69496,69496,ITCMS,IT CMS
SD1863993,Closed,CMS Interaction,Pending Order,RTCS Failure,3/20/2026 12:18,3/25/2026 5:40,J2226589,J2226589,Escalated Tickets ,BIP Billing
SD1863994,Closed,CMS Interaction,RTCS,Short code and SMS,3/20/2026 12:49,3/25/2026 19:49,69130,69130,ITCMS,IT CMS
SD1863995,Closed,CMS Interaction,Pending Order,Mobile Postpaid,3/20/2026 13:01,3/20/2026 16:27,69496,69496,ITCMS,IT CMS
SD1863996,Closed,CMS Interaction,Pending Order,Mobile Postpaid,3/20/2026 13:19,3/25/2026 4:42,scheduledAction,69130,ITCMS,IT CMS
SD1863997,Closed,CMS Interaction,CRM,No Data Found,3/20/2026 14:06,3/22/2026 0:22,S630048,S630048,Escalated Tickets ,ARBOR SUPPORT
SD1863998,Closed,CMS Interaction,RTCS,Short code and SMS,3/20/2026 14:25,3/24/2026 7:11,11125603,11125603,ITCMS,IT CMS
SD1863999,Closed,CMS Interaction,Pending Order,Mobile Prepaid,3/20/2026 14:56,3/21/2026 7:39,scheduledAction,Z6302499,Escalated Tickets ,OSS Mediation Support
SD1864000,Closed,CMS Interaction,Pending Order,Mobile Postpaid,3/20/2026 15:47,3/20/2026 15:48,69496,69496,ITCMS,IT CMS
SD1864001,Closed,CMS Interaction,Pending Order,Mobile Postpaid,3/20/2026 15:55,3/20/2026 16:54,69496,69496,ITCMS,IT CMS
SD1864002,Closed,CMS Interaction,UOMS,Mobile,3/20/2026 16:34,3/26/2026 9:57,69566,69566,ITCMS,IT CMS
SD1864003,Closed,CMS Interaction,UOMS,Mobile,3/20/2026 16:48,3/24/2026 7:12,11125603,11125603,ITCMS,IT CMS
SD1864004,Closed,CMS Interaction,RTCS,Data Usage,3/20/2026 17:20,3/26/2026 7:02,11125603,11125603,ITCMS,IT CMS
SD1864005,Closed,CMS Interaction,UOMS,Fixed Voic and Data,3/20/2026 17:51,3/24/2026 11:49,61495417,61495417,Escalated Tickets ,BSS RTCS
SD1864006,Closed,CMS Interaction,RTCS,Short code and SMS,3/20/2026 18:05,3/21/2026 8:22,69496,69496,ITCMS,IT CMS
SD1864007,Closed,CMS Interaction,UOMS,Fixed Voic and Data,3/20/2026 18:14,3/24/2026 9:59,Z6302499,Z6302499,Escalated Tickets ,OSS Mediation Support
SD1864008,Closed,CMS Interaction,RTCS,Short code and SMS,3/20/2026 18:56,3/24/2026 7:13,11125603,11125603,ITCMS,IT CMS
SD1864009,Closed,CMS Interaction,RTCS,Short code and SMS,3/20/2026 19:31,3/24/2026 6:09,69027,69027,VAS,VAS
SD1864010,Closed,CMS Interaction,Pending Order,Mobile Prepaid,3/20/2026 19:35,3/20/2026 20:07,scheduledAction,scheduledAction,ITCMS,IT CMS
SD1864011,Closed,CMS Interaction,UOMS,Mobile,3/20/2026 19:39,3/24/2026 10:01,Z6302499,Z6302499,Escalated Tickets ,OSS Mediation Support
SD1864012,Closed,CMS Interaction,UOMS,Fixed Voic and Data,3/20/2026 19:42,3/24/2026 4:27,69470,69470,ITCMS,IT CMS
SD1864013,Closed,CMS Interaction,Pending Order,IPTV Order,3/20/2026 20:52,3/24/2026 7:57,LR1995699,LR1995699,Escalated Tickets ,NEP Support
SD1864015,Closed,CMS Interaction,RTCS,Data Usage,3/20/2026 21:29,3/26/2026 7:03,11125603,11125603,ITCMS,IT CMS
SD1864017,Closed,CMS Interaction,RTCS,Data Usage,3/21/2026 3:40,3/21/2026 4:48,69496,69496,ITCMS,IT CMS
SD1864018,Closed,CMS Interaction,RTCS,Data Usage,3/21/2026 4:24,3/21/2026 4:38,69496,69496,ITCMS,IT CMS
SD1864019,Closed,CMS Interaction,Pending Order,Mobile Postpaid,3/21/2026 5:45,3/21/2026 6:08,69496,69496,ITCMS,IT CMS
SD1864020,Closed,CMS Interaction,UOMS,Mobile,3/21/2026 5:51,3/21/2026 7:15,69496,69496,ITCMS,IT CMS
SD1864021,Closed,CMS Interaction,Pending Order,Mobile Postpaid,3/21/2026 7:19,3/21/2026 7:30,69496,69496,ITCMS,IT CMS
SD1864022,Closed,CMS Interaction,RTCS,Data Usage,3/21/2026 7:41,3/26/2026 7:04,11125603,11125603,ITCMS,IT CMS
SD1864023,Closed,CMS Interaction,UOMS,Mobile,3/21/2026 8:50,3/29/2026 7:53,11125603,11125603,ITCMS,IT CMS
SD1864024,Closed,CMS Interaction,RTCS,Short code and SMS,3/21/2026 9:00,3/25/2026 7:21,10992754,11355736,Digital SSM Support,Digital SSM Support
SD1864025,Closed,CMS Interaction,RTCS,Short code and SMS,3/21/2026 9:12,3/25/2026 7:20,10992754,36847,Digital SSM Support,Digital SSM Support
SD1864027,Closed,CMS Interaction,RTCS,Data Usage,3/21/2026 9:22,3/26/2026 9:58,69566,69566,ITCMS,IT CMS
SD1864028,Closed,CMS Interaction,Pending Order,Mobile Postpaid,3/21/2026 9:27,3/21/2026 14:55,69496,69496,ITCMS,IT CMS
SD1864029,Closed,CMS Interaction,Pending Order,Mobile Prepaid,3/21/2026 10:21,3/21/2026 14:57,69496,69496,ITCMS,IT CMS
SD1864030,Closed,CMS Interaction,UOMS,Mobile,3/21/2026 10:28,3/25/2026 7:41,69566,69566,ITCMS,IT CMS
SD1864031,Closed,CMS Interaction,UOMS,Fixed Voic and Data,3/21/2026 10:49,3/24/2026 10:04,Z6302499,Z6302499,Escalated Tickets ,OSS Mediation Support
SD1864032,Closed,CMS Interaction,Pending Order,Mobile Prepaid,3/21/2026 10:58,3/21/2026 12:01,scheduledAction,scheduledAction,ITCMS,IT CMS
SD1864033,Closed,CMS Interaction,CRM,Other,3/21/2026 12:14,3/21/2026 15:38,69496,69496,ITCMS,IT CMS
SD1864034,Closed,CMS Interaction,Pending Order,Mobile Prepaid,3/21/2026 12:15,3/21/2026 14:58,69496,69496,ITCMS,IT CMS
SD1864035,Closed,CMS Interaction,Pending Order,Fixed Voic and Data,3/21/2026 12:18,3/21/2026 15:02,69496,69496,ITCMS,IT CMS
SD1864036,Closed,CMS Interaction,CRM,Other,3/21/2026 12:53,3/22/2026 0:15,S630048,S630048,Escalated Tickets ,ARBOR SUPPORT
SD1864038,Closed,CMS Interaction,Pending Order,Mobile Postpaid,3/21/2026 13:33,3/26/2026 17:53,37230,37230,ITCMS,IT CMS
SD1864039,Closed,CMS Interaction,BIP Billing,Commitment,3/21/2026 13:47,3/24/2026 7:19,X6410019,X6410019,Escalated Tickets ,BSS CRM
SD1864040,Closed,CMS Interaction,UOMS,Mobile,3/21/2026 13:56,3/21/2026 15:30,69496,69496,ITCMS,IT CMS
SD1864047,Closed,CMS Interaction,CRM,Other,3/21/2026 14:10,3/21/2026 15:28,69496,69496,ITCMS,IT CMS
SD1864048,Closed,CMS Interaction,Pending Order,Fixed Voic and Data,3/21/2026 14:11,3/21/2026 14:47,69496,69496,ITCMS,IT CMS
SD1864085,Closed,CMS Interaction,Pending Order,Mobile Postpaid,3/21/2026 14:56,3/21/2026 16:31,scheduledAction,70699048,Escalated Tickets ,BSS Interface
SD1864101,Closed,CMS Interaction,Pending Order,Mobile Prepaid,3/21/2026 15:32,3/21/2026 15:39,69496,69496,ITCMS,IT CMS
SD1864103,Closed,CMS Interaction,CRM,Other,3/21/2026 15:40,3/21/2026 15:47,69496,69496,ITCMS,IT CMS
SD1864104,Closed,CMS Interaction,UOMS,Fixed Voic and Data,3/21/2026 15:40,3/24/2026 10:10,Z6302499,Z6302499,Escalated Tickets ,OSS Mediation Support
SD1864105,Closed,CMS Interaction,RTCS,Short code and SMS,3/21/2026 15:48,3/24/2026 6:28,69027,69027,VAS,VAS
SD1864108,Closed,CMS Interaction,Pending Order,Mobile Postpaid,3/21/2026 16:13,3/22/2026 17:04,69496,69496,ITCMS,IT CMS
SD1864109,Closed,CMS Interaction,UOMS,Mobile,3/21/2026 16:13,3/22/2026 6:28,69496,69496,ITCMS,IT CMS
SD1864110,Closed,CMS Interaction,Pending Order,BIP Failure,3/21/2026 16:17,3/24/2026 10:12,Z6302499,Z6302499,Escalated Tickets ,OSS Mediation Support
SD1864111,Closed,CMS Interaction,CRM,Other,3/21/2026 16:27,3/25/2026 4:53,71009,71009,Escalated Tickets ,OSS Mediation Support
SD1864112,Closed,CMS Interaction,Pending Order,Mobile Prepaid,3/21/2026 16:35,3/21/2026 20:07,scheduledAction,scheduledAction,ITCMS,IT CMS
SD1864113,Closed,CMS Interaction,CRM,No Data Found,3/21/2026 16:51,3/22/2026 6:31,69496,69496,ITCMS,IT CMS
SD1864114,Closed,CMS Interaction,ITA,ITA,3/21/2026 16:54,3/24/2026 3:30,19715928,19715928,Escalated Tickets ,ARBOR SUPPORT
SD1864115,Closed,CMS Interaction,RTCS,Short code and SMS,3/21/2026 16:56,3/24/2026 7:14,11125603,11125603,ITCMS,IT CMS
SD1864116,Closed,CMS Interaction,CRM,Other,3/21/2026 17:03,3/22/2026 6:26,69496,69496,ITCMS,IT CMS
SD1864117,Closed,CMS Interaction,Pending Order,Mobile Postpaid,3/21/2026 17:10,3/22/2026 4:34,69496,69496,ITCMS,IT CMS
SD1864118,Closed,CMS Interaction,RTCS,Data Usage,3/21/2026 18:02,3/22/2026 6:23,69496,69496,ITCMS,IT CMS
SD1864119,Closed,CMS Interaction,Pending Order,Mobile Postpaid,3/21/2026 20:29,3/22/2026 10:50,S630048,S630048,Escalated Tickets ,ARBOR SUPPORT
SD1864120,Closed,CMS Interaction,UOMS,Mobile,3/21/2026 20:47,3/24/2026 7:15,11125603,11125603,ITCMS,IT CMS
SD1864121,Closed,CMS Interaction,RTCS,Short code and SMS,3/22/2026 1:55,3/22/2026 6:21,69496,69496,ITCMS,IT CMS
SD1864123,Closed,CMS Interaction,UOMS,Mobile,3/22/2026 3:46,3/25/2026 7:20,10992754,3P01987,Digital SSM Support,Digital SSM Support
SD1864124,Categorize,CMS Interaction,UOMS,Mobile,3/22/2026 3:55,,,,(Blank),
SD1864125,Closed,CMS Interaction,UOMS,Mobile,3/22/2026 5:08,3/24/2026 10:24,Z6302499,Z6302499,Escalated Tickets ,OSS Mediation Support
SD1864126,Closed,CMS Interaction,POS and CMA,User Issue,3/22/2026 5:29,3/23/2026 9:13,X6410019,X6410019,Escalated Tickets ,BSS POS
SD1864127,Closed,CMS Interaction,RTCS,Short code and SMS,3/22/2026 6:28,3/25/2026 7:19,10992754,10992754,Digital SSM Support,Digital SSM Support
SD1864128,Closed,CMS Interaction,CRM,No Data Found,3/22/2026 6:55,3/25/2026 4:26,05766431,05766431,ITCMS,IT CMS
SD1864129,Closed,CMS Interaction,RTCS,Data Usage,3/22/2026 6:56,3/22/2026 17:45,69496,69496,ITCMS,IT CMS
SD1864130,Closed,CMS Interaction,Pending Order,Mobile Prepaid,3/22/2026 6:58,3/22/2026 17:36,69496,69496,ITCMS,IT CMS
SD1864131,Closed,CMS Interaction,Pending Order,Fixed Voic and Data,3/22/2026 7:24,3/22/2026 17:44,69496,69496,ITCMS,IT CMS
SD1864132,Closed,CMS Interaction,RTCS,Data Usage,3/22/2026 8:30,3/25/2026 7:19,10992754,36847,Digital SSM Support,Digital SSM Support
SD1864133,Closed,CMS Interaction,Pending Order,Fixed Voic and Data,3/22/2026 8:40,3/22/2026 17:48,69496,69496,ITCMS,IT CMS
SD1864134,Closed,CMS Interaction,Pending Order,Fixed Voic and Data,3/22/2026 8:43,3/22/2026 18:00,69496,69496,ITCMS,IT CMS
SD1864135,Closed,CMS Interaction,Pending Order,WFBB Order,3/22/2026 8:49,3/22/2026 18:16,69496,69496,ITCMS,IT CMS
SD1864136,Closed,CMS Interaction,RTCS,Short code and SMS,3/22/2026 8:53,3/24/2026 4:26,69470,69470,ITCMS,IT CMS
SD1864137,Closed,CMS Interaction,Pending Order,RTCS Failure,3/22/2026 9:02,3/22/2026 9:25,scheduledAction,scheduledAction,ITCMS,IT CMS
SD1864139,Closed,CMS Interaction,Preorder Issue,Others,3/22/2026 9:34,3/24/2026 4:25,69470,71009,Escalated Tickets ,OSS Mediation Support
SD1864140,Closed,CMS Interaction,UOMS,PortOut/PortIN,3/22/2026 9:44,3/24/2026 4:24,69470,69470,ITCMS,IT CMS
SD1864141,Closed,CMS Interaction,UOMS,PortOut/PortIN,3/22/2026 9:45,3/25/2026 4:51,71009,71009,Escalated Tickets ,OSS Mediation Support
SD1864142,Closed,CMS Interaction,RTCS,Data Usage,3/22/2026 9:54,3/25/2026 5:24,109720587,109720587,Escalated Tickets ,BSS RTCS
SD1864143,Closed,CMS Interaction,Pending Order,Mobile Prepaid,3/22/2026 10:44,3/24/2026 10:38,Z6302499,Z6302499,Escalated Tickets ,OSS Mediation Support
SD1864144,Closed,CMS Interaction,CRM,Other,3/22/2026 11:20,3/24/2026 4:23,69470,69470,ITCMS,IT CMS
SD1864145,Closed,CMS Interaction,ITA,ITA,3/22/2026 11:41,3/24/2026 4:59,69496,69496,ITCMS,IT CMS
SD1864147,Closed,CMS Interaction,UOMS,WFBB,3/22/2026 12:11,3/24/2026 4:38,69496,69496,ITCMS,IT CMS
SD1864148,Closed,CMS Interaction,Pending Order,WFBB Order,3/22/2026 12:20,3/22/2026 18:07,69496,69496,ITCMS,IT CMS
SD1864150,Closed,CMS Interaction,Pending Order,Mobile Postpaid,3/22/2026 12:46,3/24/2026 8:47,Z6302499,Z6302499,Escalated Tickets ,OSS Mediation Support
SD1864151,Closed,CMS Interaction,Pending Order,Mobile Prepaid,3/22/2026 12:56,3/22/2026 18:09,69496,69496,ITCMS,IT CMS
SD1864152,Closed,CMS Interaction,Pending Order,Mobile Prepaid,3/22/2026 13:07,3/22/2026 18:08,69496,69496,ITCMS,IT CMS
SD1864153,Closed,CMS Interaction,CRM,Other,3/22/2026 13:31,3/24/2026 4:57,69496,69496,ITCMS,IT CMS
SD1864154,Closed,CMS Interaction,Pending Order,Mobile Postpaid,3/22/2026 13:45,3/22/2026 18:21,69496,69496,ITCMS,IT CMS
SD1864155,Closed,CMS Interaction,UOMS,Mobile,3/22/2026 13:47,3/24/2026 4:55,69496,69496,ITCMS,IT CMS
SD1864157,Closed,CMS Interaction,Pending Order,Mobile Prepaid,3/22/2026 14:01,3/24/2026 10:40,Z6302499,Z6302499,Escalated Tickets ,OSS Mediation Support
SD1864158,Closed,CMS Interaction,RTCS,Short code and SMS,3/22/2026 14:03,3/24/2026 5:10,69566,69566,ITCMS,IT CMS
SD1864161,Closed,CMS Interaction,Pending Order,Mobile Prepaid,3/22/2026 14:44,3/22/2026 14:55,scheduledAction,scheduledAction,ITCMS,IT CMS
SD1864162,Closed,CMS Interaction,Pending Order,BIP Failure,3/22/2026 14:49,3/22/2026 17:59,scheduledAction,scheduledAction,ITCMS,IT CMS
SD1864163,Closed,CMS Interaction,BIP Billing,Bill Issue,3/22/2026 14:52,3/24/2026 11:48,J2226589,J2226589,Escalated Tickets ,BIP Billing
SD1864165,Closed,CMS Interaction,UOMS,Mobile,3/22/2026 15:32,3/24/2026 10:43,Z6302499,Z6302499,Escalated Tickets ,OSS Mediation Support
SD1864166,Closed,CMS Interaction,Pending Order,Mobile Postpaid,3/22/2026 15:42,3/24/2026 9:58,scheduledAction,70266,Escalated Tickets ,OSS Mediation Support
SD1864167,Closed,CMS Interaction,Pending Order,Mobile Prepaid,3/22/2026 15:46,3/22/2026 18:11,69496,69496,ITCMS,IT CMS
SD1864168,Closed,CMS Interaction,Pending Order,Mobile Postpaid,3/22/2026 15:58,3/24/2026 10:48,Z6302499,Z6302499,Escalated Tickets ,OSS Mediation Support
SD1864169,Closed,CMS Interaction,RTCS,Short code and SMS,3/22/2026 16:22,3/24/2026 4:03,69470,69470,ITCMS,IT CMS
SD1864170,Closed,CMS Interaction,UOMS,Mobile,3/22/2026 16:23,3/25/2026 7:18,10992754,3P01987,Digital SSM Support,Digital SSM Support
SD1864171,Closed,CMS Interaction,Pending Order,Mobile Postpaid,3/22/2026 16:25,3/22/2026 17:59,scheduledAction,scheduledAction,ITCMS,IT CMS
SD1864172,Closed,CMS Interaction,UOMS,PortOut/PortIN,3/22/2026 16:25,3/24/2026 10:51,Z6302499,Z6302499,Escalated Tickets ,OSS Mediation Support
SD1864173,Closed,CMS Interaction,UOMS,Mobile,3/22/2026 16:46,3/24/2026 4:20,69470,69470,ITCMS,IT CMS
SD1864174,Closed,CMS Interaction,CRM,Other,3/22/2026 16:52,3/24/2026 10:32,12349939,69840,Escalated Tickets ,ARBOR SUPPORT
SD1864175,Closed,CMS Interaction,Pending Order,Fixed Voic and Data,3/22/2026 16:54,3/24/2026 4:51,69496,69496,ITCMS,IT CMS
SD1864176,Closed,CMS Interaction,Pending Order,Mobile Postpaid,3/22/2026 16:59,3/22/2026 17:59,scheduledAction,scheduledAction,ITCMS,IT CMS
SD1864177,Closed,CMS Interaction,RTCS,Data Usage,3/22/2026 17:00,3/24/2026 4:19,69470,69470,ITCMS,IT CMS
SD1864178,Closed,CMS Interaction,Pending Order,RTCS Failure,3/22/2026 17:06,3/22/2026 18:20,69496,69496,ITCMS,IT CMS
SD1864179,Closed,CMS Interaction,Pending Order,Mobile Postpaid,3/22/2026 17:12,3/22/2026 17:59,scheduledAction,scheduledAction,ITCMS,IT CMS
SD1864180,Closed,CMS Interaction,UOMS,Mobile,3/22/2026 17:12,3/24/2026 6:39,19715928,19715928,Escalated Tickets ,ARBOR SUPPORT
SD1864181,Closed,CMS Interaction,BIP Billing,Bill Issue,3/22/2026 17:19,3/29/2026 7:54,11125603,11125603,ITCMS,IT CMS
SD1864182,Closed,CMS Interaction,Pending Order,RTCS Failure,3/22/2026 17:26,3/24/2026 10:55,Z6302499,Z6302499,Escalated Tickets ,OSS Mediation Support
SD1864183,Closed,CMS Interaction,Pending Order,Mobile Prepaid,3/22/2026 17:35,3/22/2026 18:12,69496,69496,ITCMS,IT CMS
SD1864190,Closed,CMS Interaction,Pending Order,Fixed Voic and Data,3/22/2026 19:27,3/24/2026 3:52,69470,69470,ITCMS,IT CMS
SD1864191,Closed,CMS Interaction,UOMS,Mobile,3/22/2026 19:29,3/24/2026 3:53,69470,69470,ITCMS,IT CMS
SD1864192,Closed,CMS Interaction,UOMS,Mobile,3/22/2026 19:31,3/24/2026 4:53,69496,69496,ITCMS,IT CMS
SD1864194,Closed,CMS Interaction,Pending Order,Mobile Prepaid,3/22/2026 20:43,3/23/2026 11:08,69496,69496,ITCMS,IT CMS
SD1864195,Closed,CMS Interaction,RTCS,Data Usage,3/22/2026 20:50,3/24/2026 4:45,69496,69496,ITCMS,IT CMS
SD1864197,Closed,CMS Interaction,Pending Order,Fixed Voic and Data,3/22/2026 21:11,3/23/2026 9:46,69496,69496,ITCMS,IT CMS
SD1864198,Closed,CMS Interaction,Pending Order,Fixed Voic and Data,3/22/2026 21:13,3/23/2026 15:53,69496,69496,ITCMS,IT CMS
SD1864199,Closed,CMS Interaction,Pending Order,Fixed Voic and Data,3/22/2026 21:17,3/23/2026 16:23,69496,69496,ITCMS,IT CMS
SD1864200,Closed,CMS Interaction,Pending Order,Fixed Voic and Data,3/22/2026 21:21,3/23/2026 15:46,69496,69496,ITCMS,IT CMS
SD1864201,Closed,CMS Interaction,RTCS,Data Usage,3/22/2026 21:21,3/24/2026 4:16,69470,69470,ITCMS,IT CMS
SD1864202,Closed,CMS Interaction,Pending Order,Fixed Voic and Data,3/22/2026 21:23,3/23/2026 7:45,69496,69496,ITCMS,IT CMS
SD1864203,Closed,CMS Interaction,Pending Order,Fixed Voic and Data,3/22/2026 21:25,3/23/2026 7:35,69496,69496,ITCMS,IT CMS
SD1864204,Closed,CMS Interaction,Pending Order,Fixed Voic and Data,3/22/2026 21:30,3/23/2026 7:40,69496,69496,ITCMS,IT CMS
SD1864205,Closed,CMS Interaction,Pending Order,Fixed Voic and Data,3/22/2026 21:33,3/23/2026 7:46,69496,69496,ITCMS,IT CMS
SD1864206,Closed,CMS Interaction,Pending Order,Fixed Voic and Data,3/22/2026 21:46,3/23/2026 15:55,69496,69496,ITCMS,IT CMS
SD1864207,Closed,CMS Interaction,Pending Order,Fixed Voic and Data,3/22/2026 21:48,3/23/2026 9:48,69496,69496,ITCMS,IT CMS
SD1864208,Closed,CMS Interaction,Pending Order,Fixed Voic and Data,3/22/2026 21:50,3/23/2026 15:57,69496,69496,ITCMS,IT CMS
SD1864209,Closed,CMS Interaction,Pending Order,Fixed Voic and Data,3/22/2026 21:53,3/23/2026 16:03,69496,69496,ITCMS,IT CMS
SD1864210,Closed,CMS Interaction,Pending Order,Fixed Voic and Data,3/22/2026 21:55,3/23/2026 16:10,69496,69496,ITCMS,IT CMS
SD1864211,Closed,CMS Interaction,Pending Order,Fixed Voic and Data,3/22/2026 21:57,3/23/2026 16:12,69496,69496,ITCMS,IT CMS
SD1864212,Closed,CMS Interaction,Pending Order,Fixed Voic and Data,3/22/2026 21:59,3/23/2026 15:48,69496,69496,ITCMS,IT CMS
SD1864213,Closed,CMS Interaction,Pending Order,Fixed Voic and Data,3/22/2026 22:01,3/23/2026 16:14,69496,69496,ITCMS,IT CMS
SD1864214,Closed,CMS Interaction,Pending Order,Fixed Voic and Data,3/22/2026 22:04,3/23/2026 11:02,69496,69496,ITCMS,IT CMS
SD1864215,Closed,CMS Interaction,Pending Order,Fixed Voic and Data,3/22/2026 22:08,3/24/2026 4:36,69496,69496,ITCMS,IT CMS
SD1864216,Closed,CMS Interaction,Pending Order,Fixed Voic and Data,3/22/2026 22:12,3/23/2026 10:53,69496,69496,ITCMS,IT CMS
SD1864217,Closed,CMS Interaction,Pending Order,Fixed Voic and Data,3/22/2026 22:16,3/23/2026 16:17,69496,69496,ITCMS,IT CMS
SD1864218,Closed,CMS Interaction,Pending Order,Fixed Voic and Data,3/22/2026 22:19,3/23/2026 7:07,69496,69496,ITCMS,IT CMS
SD1864219,Closed,CMS Interaction,Pending Order,Mobile Postpaid,3/22/2026 23:06,3/23/2026 0:27,scheduledAction,scheduledAction,ITCMS,IT CMS
SD1864221,Closed,CMS Interaction,RTCS,Short code and SMS,3/23/2026 3:17,3/24/2026 4:16,69470,69470,ITCMS,IT CMS
SD1864222,Closed,CMS Interaction,Pending Order,MPLS order,3/23/2026 4:01,3/23/2026 4:24,scheduledAction,scheduledAction,Activation Support,Activation Support
SD1864223,Closed,CMS Interaction,Pending Order,Fixed Voic and Data,3/23/2026 4:13,3/23/2026 6:49,69496,69496,ITCMS,IT CMS
SD1864224,Closed,CMS Interaction,Pending Order,Mobile Postpaid,3/23/2026 4:42,3/24/2026 10:30,12349939,12349939,Escalated Tickets ,ARBOR SUPPORT
SD1864225,Closed,CMS Interaction,CRM,No Data Found,3/23/2026 5:07,3/24/2026 4:39,69470,69470,ITCMS,IT CMS
SD1864226,Closed,CMS Interaction,Pending Order,Mobile Postpaid,3/23/2026 5:21,3/23/2026 6:48,69496,69496,ITCMS,IT CMS
SD1864227,Closed,CMS Interaction,Pending Order,Mobile Postpaid,3/23/2026 5:26,3/24/2026 8:59,19715928,19715928,Escalated Tickets ,ARBOR SUPPORT
SD1864228,Closed,CMS Interaction,Preorder Issue,Others,3/23/2026 5:36,3/24/2026 4:30,69470,69470,ITCMS,IT CMS
SD1864229,Closed,CMS Interaction,RTCS,Short code and SMS,3/23/2026 5:39,3/24/2026 4:15,69470,69470,ITCMS,IT CMS
SD1864230,Closed,CMS Interaction,Preorder Issue,Others,3/23/2026 5:46,3/23/2026 7:53,69496,69496,ITCMS,IT CMS
SD1864232,Closed,CMS Interaction,Pending Order,Mobile Prepaid,3/23/2026 5:51,3/23/2026 6:21,69496,69496,ITCMS,IT CMS
SD1864233,Closed,CMS Interaction,Pending Order,RTCS Failure,3/23/2026 6:11,3/23/2026 6:20,69496,69496,ITCMS,IT CMS
SD1864234,Closed,CMS Interaction,RTCS,Data Usage,3/23/2026 6:12,3/29/2026 9:38,Z4265668,Z4265668,Escalated Tickets ,BSS RTCS
SD1864235,Resolved,CMS Interaction,UOMS,Mobile,3/23/2026 6:16,4/9/2026 7:58,38015,38015,Digital CICM L1 Support,Digital CICM L1 Support
SD1864236,Closed,CMS Interaction,Pending Order,Fixed Voic and Data,3/23/2026 6:26,3/23/2026 6:46,69496,69496,ITCMS,IT CMS
SD1864237,Closed,CMS Interaction,RTCS,Short code and SMS,3/23/2026 6:41,3/24/2026 7:16,11125603,11125603,ITCMS,IT CMS
SD1864238,Closed,CMS Interaction,DDMS,SMS,3/23/2026 6:49,3/24/2026 17:40,P1832151,69758,Escalated Tickets ,BSS DDMS
SD1864239,Resolved,CMS Interaction,UOMS,Mobile,3/23/2026 6:52,4/9/2026 7:56,38015,38015,Digital CICM L1 Support,Digital CICM L1 Support
SD1864240,Closed,CMS Interaction,Pending Order,Mobile Prepaid,3/23/2026 7:11,3/23/2026 7:20,scheduledAction,scheduledAction,ITCMS,IT CMS
SD1864241,Closed,CMS Interaction,Pending Order,Mobile Prepaid,3/23/2026 7:31,3/23/2026 20:16,scheduledAction,RL3855372,Escalated Tickets ,BSS RTCS
SD1864242,Closed,CMS Interaction,Pending Order,ITA order,3/23/2026 7:57,3/23/2026 10:46,scheduledAction,scheduledAction,ITCMS,IT CMS
SD1864243,Closed,CMS Interaction,Pending Order,Fixed Voic and Data,3/23/2026 7:57,3/23/2026 15:28,69496,69496,ITCMS,IT CMS
SD1864244,Closed,CMS Interaction,Pending Order,BIP Failure,3/23/2026 8:13,3/23/2026 8:50,scheduledAction,scheduledAction,ITCMS,IT CMS
SD1864245,Closed,CMS Interaction,Pending Order,Mobile Prepaid,3/23/2026 8:22,3/23/2026 10:43,69496,69496,ITCMS,IT CMS
SD1864248,Closed,CMS Interaction,Pending Order,Mobile Postpaid,3/23/2026 8:51,3/23/2026 10:41,69496,69496,ITCMS,IT CMS
SD1864249,Closed,CMS Interaction,RTCS,Short code and SMS,3/23/2026 8:53,3/24/2026 4:26,69496,69496,ITCMS,IT CMS
SD1864250,Closed,CMS Interaction,CRM,CRM Down,3/23/2026 9:01,3/24/2026 4:27,69496,69496,ITCMS,IT CMS
SD1864251,Closed,CMS Interaction,RTCS,Short code and SMS,3/23/2026 9:05,3/24/2026 4:14,69470,69470,ITCMS,IT CMS
SD1864252,Closed,CMS Interaction,Pending Order,BIP Failure,3/23/2026 9:13,3/23/2026 9:52,69496,69496,ITCMS,IT CMS
SD1864253,Closed,CMS Interaction,Pending Order,Mobile Prepaid,3/23/2026 9:15,3/23/2026 9:53,69496,69496,ITCMS,IT CMS
SD1864254,Closed,CMS Interaction,BIP Billing,Bill Issue,3/23/2026 9:18,3/25/2026 5:11,J2226589,J2226589,Escalated Tickets ,BIP Billing
SD1864256,Closed,CMS Interaction,RTCS,Short code and SMS,3/23/2026 9:40,3/24/2026 4:08,69470,69470,ITCMS,IT CMS
SD1864257,Closed,CMS Interaction,Pending Order,Fixed Voic and Data,3/23/2026 10:10,3/23/2026 15:29,69496,69496,ITCMS,IT CMS
SD1864258,Closed,CMS Interaction,RTCS,Short code and SMS,3/23/2026 10:36,3/24/2026 4:13,69470,69470,ITCMS,IT CMS
SD1864261,Closed,CMS Interaction,Preorder Issue,System Error,3/23/2026 10:56,3/24/2026 4:21,69496,69496,ITCMS,IT CMS
SD1864262,Closed,CMS Interaction,Pending Order,Mobile Postpaid,3/23/2026 11:00,3/23/2026 11:48,scheduledAction,scheduledAction,ITCMS,IT CMS
SD1864263,Closed,CMS Interaction,RTCS,Short code and SMS,3/23/2026 11:08,3/24/2026 4:09,69470,69470,ITCMS,IT CMS
SD1864264,Closed,CMS Interaction,Pending Order,Mobile Postpaid,3/23/2026 11:36,3/23/2026 12:15,scheduledAction,scheduledAction,ITCMS,IT CMS
SD1864265,Closed,CMS Interaction,CRM,Other,3/23/2026 11:52,3/24/2026 17:46,P1832151,70507,Escalated Tickets ,BSS DDMS
SD1864266,Closed,CMS Interaction,Pending Order,Fixed Voic and Data,3/23/2026 12:00,3/24/2026 4:05,69496,69496,ITCMS,IT CMS
SD1864268,Closed,CMS Interaction,RTCS,Short code and SMS,3/23/2026 12:10,3/29/2026 5:49,70141,70141,Escalated Tickets ,BSS RTCS
SD1864269,Closed,CMS Interaction,CRM,No Data Found,3/23/2026 12:14,3/24/2026 4:15,69496,69496,ITCMS,IT CMS
SD1864270,Closed,CMS Interaction,UOMS,Mobile,3/23/2026 12:27,3/24/2026 4:13,69496,69496,ITCMS,IT CMS
SD1864271,Closed,CMS Interaction,RTCS,Short code and SMS,3/23/2026 12:37,3/24/2026 4:31,69027,69027,VAS,VAS
SD1864272,Closed,CMS Interaction,Pending Order,Mobile Postpaid,3/23/2026 12:52,3/25/2026 5:34,19715928,19715928,Escalated Tickets ,ARBOR SUPPORT
SD1864273,Closed,CMS Interaction,Pending Order,Mobile Postpaid,3/23/2026 13:07,3/23/2026 15:39,69496,69496,ITCMS,IT CMS
SD1864275,Closed,CMS Interaction,BIP Billing,Commitment,3/23/2026 13:11,3/25/2026 3:48,19715928,19715928,Escalated Tickets ,ARBOR SUPPORT
SD1864276,Closed,CMS Interaction,Pending Order,Mobile Postpaid,3/23/2026 13:19,3/23/2026 15:38,69496,69496,ITCMS,IT CMS
SD1864277,Closed,CMS Interaction,Pending Order,Mobile Postpaid,3/23/2026 13:20,3/23/2026 17:53,scheduledAction,z4886767,Escalated Tickets ,OSS Mediation Support
SD1864278,Closed,CMS Interaction,UOMS,WFBB,3/23/2026 13:30,3/24/2026 4:04,69496,69496,ITCMS,IT CMS
SD1864280,Closed,CMS Interaction,RTCS,Short code and SMS,3/23/2026 13:39,3/24/2026 6:35,69027,69027,VAS,VAS
SD1864281,In Progress,CMS Interaction,RTCS,Short code and SMS,3/23/2026 13:52,,,,Escalated Tickets ,Digital Channels
SD1864282,Closed,CMS Interaction,RTCS,Data Usage,3/23/2026 13:58,3/24/2026 10:56,Z6302499,Z6302499,Escalated Tickets ,OSS Mediation Support
SD1864284,Closed,CMS Interaction,Pending Order,Fixed Voic and Data,3/23/2026 14:31,3/23/2026 15:34,69496,69496,ITCMS,IT CMS
SD1864285,Closed,CMS Interaction,Pending Order,Fixed Voic and Data,3/23/2026 14:37,3/23/2026 15:37,69496,69496,ITCMS,IT CMS
SD1864286,Closed,CMS Interaction,RTCS,Data Usage,3/23/2026 14:39,3/24/2026 3:54,69496,69496,ITCMS,IT CMS
SD1864287,Closed,CMS Interaction,BIP Billing,Bill Issue,3/23/2026 14:39,3/24/2026 11:51,J2226589,J2226589,Escalated Tickets ,BIP Billing
SD1864288,Closed,CMS Interaction,CRM,Other,3/23/2026 14:46,4/5/2026 8:53,69758,69758,BSS Apple Watch,BSS Apple Watch
SD1864289,Closed,CMS Interaction,Pending Order,Mobile Prepaid,3/23/2026 15:05,3/23/2026 15:43,69496,69496,ITCMS,IT CMS
SD1864290,Closed,CMS Interaction,RTCS,Short code and SMS,3/23/2026 15:18,3/24/2026 16:53,37230,37230,ITCMS,IT CMS
SD1864291,Closed,CMS Interaction,Pending Order,Mobile Prepaid,3/23/2026 15:27,3/23/2026 15:42,69496,69496,ITCMS,IT CMS
SD1864292,Closed,CMS Interaction,RTCS,Data Usage,3/23/2026 15:43,3/24/2026 3:52,69496,69496,ITCMS,IT CMS
SD1864294,Closed,CMS Interaction,Pending Order,Mobile Postpaid,3/23/2026 15:46,3/24/2026 11:00,Z6302499,Z6302499,Escalated Tickets ,OSS Mediation Support
SD1864295,Closed,CMS Interaction,UOMS,Fixed Voic and Data,3/23/2026 15:47,3/24/2026 7:29,LR1995699,LR1995699,Escalated Tickets ,NEP Support
SD1864298,Closed,CMS Interaction,Pending Order,BIP Failure,3/23/2026 16:20,3/23/2026 16:32,69496,69496,ITCMS,IT CMS
SD1864299,Closed,CMS Interaction,Pending Order,BIP Failure,3/23/2026 16:29,3/23/2026 16:33,69496,69496,ITCMS,IT CMS
SD1864300,Closed,CMS Interaction,Pending Order,Mobile Postpaid,3/23/2026 16:33,3/23/2026 18:19,scheduledAction,scheduledAction,ITCMS,IT CMS
SD1864301,Closed,CMS Interaction,Pending Order,BIP Failure,3/23/2026 16:44,3/23/2026 20:16,scheduledAction,scheduledAction,ITCMS,IT CMS
SD1864302,Closed,CMS Interaction,Pending Order,Fixed Voic and Data,3/23/2026 16:50,3/24/2026 3:43,69496,69496,ITCMS,IT CMS
SD1864306,Closed,CMS Interaction,RTCS,Data Usage,3/23/2026 16:57,3/24/2026 3:51,69496,69496,ITCMS,IT CMS
SD1864313,Closed,CMS Interaction,Pending Order,Mobile Postpaid,3/23/2026 17:15,3/23/2026 20:16,scheduledAction,scheduledAction,ITCMS,IT CMS
SD1864320,Closed,CMS Interaction,Pending Order,Mobile Prepaid,3/23/2026 17:34,3/24/2026 11:27,S630048,S630048,Escalated Tickets ,ARBOR SUPPORT
SD1864322,Closed,CMS Interaction,Pending Order,Mobile Postpaid,3/23/2026 17:38,3/23/2026 19:16,scheduledAction,scheduledAction,ITCMS,IT CMS
SD1864328,Closed,CMS Interaction,Pending Order,Mobile Postpaid,3/23/2026 17:54,3/23/2026 18:20,scheduledAction,scheduledAction,ITCMS,IT CMS
SD1864329,Closed,CMS Interaction,Pending Order,Mobile Postpaid,3/23/2026 17:56,3/23/2026 18:20,scheduledAction,scheduledAction,ITCMS,IT CMS
SD1864330,Closed,CMS Interaction,Pending Order,Fixed Voic and Data,3/23/2026 17:56,3/24/2026 11:10,LR1995699,LR1995699,Escalated Tickets ,NEP Support
SD1864331,Closed,CMS Interaction,RTCS,Short code and SMS,3/23/2026 18:07,3/28/2026 6:01,37230,69496,ITCMS,IT CMS
SD1864332,Closed,CMS Interaction,RTCS,Short code and SMS,3/23/2026 18:16,4/6/2026 7:44,Z6302499,Z6302499,Escalated Tickets ,OSS Mediation Support
SD1864333,Closed,CMS Interaction,Preorder Issue,Invalid Data,3/23/2026 18:34,3/26/2026 12:02,61495417,61495417,Escalated Tickets ,BSS RTCS
SD1864344,Closed,CMS Interaction,RTCS,Short code and SMS,3/23/2026 19:20,3/24/2026 7:17,11125603,11125603,ITCMS,IT CMS
SD1864347,Closed,CMS Interaction,RTCS,Data Usage,3/23/2026 19:35,3/24/2026 3:48,69496,69496,ITCMS,IT CMS
SD1864348,Closed,CMS Interaction,UOMS,Mobile,3/23/2026 19:37,3/24/2026 3:48,69496,69496,ITCMS,IT CMS
SD1864349,Closed,CMS Interaction,RTCS,Short code and SMS,3/23/2026 20:14,3/24/2026 3:37,69496,69496,ITCMS,IT CMS
SD1864356,Closed,CMS Interaction,Preorder Issue,Invalid Data,3/23/2026 20:56,3/24/2026 7:36,LR1995699,LR1995699,Escalated Tickets ,NEP Support
SD1864359,Closed,CMS Interaction,Pending Order,Fesibility Check Failure,3/23/2026 23:04,3/24/2026 7:32,LR1995699,LR1995699,Escalated Tickets ,NEP Support
SD1864362,Closed,CMS Interaction,Pending Order,Mobile Postpaid,3/24/2026 1:18,3/24/2026 3:30,69496,69496,ITCMS,IT CMS
SD1864363,Closed,CMS Interaction,Pending Order,Mobile Prepaid,3/24/2026 1:47,3/24/2026 5:00,scheduledAction,70699048,Escalated Tickets ,BSS Interface
SD1864365,Closed,CMS Interaction,RTCS,Data Usage,3/24/2026 3:49,3/24/2026 3:50,69496,69496,ITCMS,IT CMS
SD1864371,Closed,CMS Interaction,CRM,Other,3/24/2026 4:27,3/24/2026 4:55,S630048,S630048,Escalated Tickets ,ARBOR SUPPORT
SD1864373,Closed,CMS Interaction,RTCS,Data Usage,3/24/2026 4:33,3/24/2026 4:40,69470,69470,ITCMS,IT CMS
SD1864374,Closed,CMS Interaction,BIP Billing,Bill Issue,3/24/2026 4:35,3/25/2026 5:55,11125603,11125603,ITCMS,IT CMS
SD1864378,Closed,CMS Interaction,CRM,Other,3/24/2026 4:55,3/24/2026 5:05,69566,69566,ITCMS,IT CMS
SD1864381,Closed,CMS Interaction,UOMS,Mobile,3/24/2026 5:00,3/24/2026 7:18,11125603,11125603,ITCMS,IT CMS
SD1864387,Closed,CMS Interaction,Pending Order,Mobile Prepaid,3/24/2026 5:09,3/24/2026 5:12,69566,69566,ITCMS,IT CMS
SD1864390,Closed,CMS Interaction,CRM,Other,3/24/2026 5:11,3/24/2026 5:31,S630048,S630048,Escalated Tickets ,ARBOR SUPPORT
SD1864392,Closed,CMS Interaction,Pending Order,ITA order,3/24/2026 5:20,3/24/2026 6:28,12349939,12349939,Escalated Tickets ,ARBOR SUPPORT
SD1864396,Closed,CMS Interaction,CRM,Other,3/24/2026 5:24,3/24/2026 5:46,69470,69470,ITCMS,IT CMS
SD1864397,Closed,CMS Interaction,CRM,Other,3/24/2026 5:34,3/27/2026 17:53,S630048,S630048,Escalated Tickets ,ARBOR SUPPORT
SD1864402,Closed,CMS Interaction,Pending Order,WFBB Order,3/24/2026 5:58,3/24/2026 7:21,11125603,11125603,ITCMS,IT CMS
SD1864403,Closed,CMS Interaction,CRM,CRM Down,3/24/2026 6:02,3/24/2026 7:22,11125603,11125603,ITCMS,IT CMS
SD1864404,Closed,CMS Interaction,Pending Order,Mobile Postpaid,3/24/2026 6:03,3/24/2026 6:28,scheduledAction,11125603,ITCMS,IT CMS
SD1864406,Closed,CMS Interaction,POS and CMA,User Issue,3/24/2026 6:06,3/24/2026 7:23,11125603,11125603,ITCMS,IT CMS
SD1864407,Closed,CMS Interaction,RTCS,Short code and SMS,3/24/2026 6:11,3/24/2026 7:30,11125603,11125603,ITCMS,IT CMS
SD1864411,Closed,CMS Interaction,Pending Order,Mobile Postpaid,3/24/2026 6:20,3/24/2026 8:42,Z6302499,Z6302499,Escalated Tickets ,OSS Mediation Support
SD1864414,Closed,CMS Interaction,CRM,No Data Found,3/24/2026 6:26,3/24/2026 8:43,Z6302499,Z6302499,Escalated Tickets ,OSS Mediation Support
SD1864416,Closed,CMS Interaction,Pending Order,Mobile Postpaid,3/24/2026 6:28,3/24/2026 11:13,Z6302499,Z6302499,Escalated Tickets ,OSS Mediation Support
SD1864417,Closed,CMS Interaction,CRM,Reconnection Routine Issue,3/24/2026 6:32,3/26/2026 9:36,19715928,19715928,Escalated Tickets ,ARBOR SUPPORT
SD1864420,Closed,CMS Interaction,RTCS,Data Usage,3/24/2026 6:36,3/25/2026 8:17,70141,70141,Escalated Tickets ,BSS RTCS
SD1864423,Closed,CMS Interaction,Pending Order,WFBB Order,3/24/2026 6:36,3/24/2026 6:46,69566,69566,ITCMS,IT CMS
SD1864424,Closed,CMS Interaction,UOMS,HBB,3/24/2026 6:38,3/24/2026 7:05,Q511636,Q511636,Escalated Tickets ,BSS CRM
SD1864429,Closed,CMS Interaction,UOMS,Mobile,3/24/2026 6:52,3/24/2026 7:36,11125603,11125603,ITCMS,IT CMS
SD1864430,Closed,CMS Interaction,UOMS,WFBB,3/24/2026 6:53,3/24/2026 8:19,69577,69577,ITCMS,IT CMS
SD1864433,Closed,CMS Interaction,Pending Order,Mobile Postpaid,3/24/2026 6:55,3/25/2026 3:45,05766431,05766431,ITCMS,IT CMS
SD1864437,Closed,CMS Interaction,Pending Order,Mobile Postpaid,3/24/2026 6:56,3/24/2026 7:43,11125603,11125603,ITCMS,IT CMS
SD1864441,Closed,CMS Interaction,RTCS,Data Usage,3/24/2026 6:58,3/25/2026 7:25,70141,70141,Escalated Tickets ,BSS RTCS
SD1864444,Closed,CMS Interaction,Pending Order,Mobile Postpaid,3/24/2026 7:03,3/24/2026 7:28,scheduledAction,11125603,ITCMS,IT CMS
SD1864445,Closed,CMS Interaction,Pending Order,Mobile Prepaid,3/24/2026 7:05,3/24/2026 7:40,11125603,11125603,ITCMS,IT CMS
SD1864446,Closed,CMS Interaction,Pending Order,Mobile Postpaid,3/24/2026 7:05,3/24/2026 7:41,11125603,11125603,ITCMS,IT CMS
SD1864447,Closed,CMS Interaction,Pending Order,Mobile Prepaid,3/24/2026 7:06,3/24/2026 7:28,scheduledAction,11125603,ITCMS,IT CMS
SD1864449,Closed,CMS Interaction,Pending Order,Mobile Postpaid,3/24/2026 7:07,3/24/2026 7:28,scheduledAction,11125603,ITCMS,IT CMS
SD1864450,Closed,CMS Interaction,Pending Order,WFBB Order,3/24/2026 7:08,3/26/2026 4:18,12349939,69840,Escalated Tickets ,ARBOR SUPPORT
SD1864454,Closed,CMS Interaction,RTCS,CPN,3/24/2026 7:14,3/24/2026 8:32,70141,70141,Escalated Tickets ,BSS RTCS
SD1864458,Closed,CMS Interaction,UOMS,PortOut/PortIN,3/24/2026 7:20,3/24/2026 7:51,69577,69577,ITCMS,IT CMS
SD1864459,Closed,CMS Interaction,RTCS,Data Usage,3/24/2026 7:23,3/24/2026 7:43,J2226589,J2226589,Escalated Tickets ,BIP Billing
SD1864466,Closed,CMS Interaction,CRM,Other,3/24/2026 7:30,3/24/2026 8:48,Q511636,Q511636,Escalated Tickets ,BSS CRM
SD1864468,Closed,CMS Interaction,Pending Order,Fixed Voic and Data,3/24/2026 7:34,3/25/2026 7:09,LR1995699,LR1995699,Escalated Tickets ,NEP Support
SD1864469,Closed,CMS Interaction,CRM,Other,3/24/2026 7:35,3/24/2026 8:04,05766431,05766431,ITCMS,IT CMS
SD1864470,Closed,CMS Interaction,BIP Billing,Bill Issue,3/24/2026 7:36,3/29/2026 8:40,L7990290,L7990290,Escalated Tickets ,BSS iPDF
SD1864471,Closed,CMS Interaction,CRM,Other,3/24/2026 7:44,3/24/2026 9:14,69577,69577,ITCMS,IT CMS
SD1864472,Closed,CMS Interaction,CRM,Other,3/24/2026 7:38,3/24/2026 7:58,05766431,05766431,ITCMS,IT CMS
SD1864474,Closed,CMS Interaction,UOMS,HBB,3/24/2026 7:43,3/24/2026 9:25,X6410019,X6410019,Escalated Tickets ,BSS CRM
SD1864477,Closed,CMS Interaction,Pending Order,Mobile Postpaid,3/24/2026 7:49,3/24/2026 7:56,05766431,05766431,ITCMS,IT CMS
SD1864479,Closed,CMS Interaction,Pending Order,Mobile Postpaid,3/24/2026 7:51,3/24/2026 7:55,05766431,05766431,ITCMS,IT CMS
SD1864481,Closed,CMS Interaction,Pending Order,RTCS Failure,3/24/2026 7:59,3/24/2026 8:01,05766431,05766431,ITCMS,IT CMS
SD1864482,Closed,CMS Interaction,Pending Order,BIP Failure,3/24/2026 8:00,3/24/2026 11:17,Z6302499,Z6302499,Escalated Tickets ,OSS Mediation Support
SD1864483,Closed,CMS Interaction,Pending Order,Mobile Postpaid,3/24/2026 8:00,3/24/2026 8:04,69470,69470,ITCMS,IT CMS
SD1864484,Closed,CMS Interaction,Pending Order,Fixed Voic and Data,3/24/2026 8:03,3/24/2026 8:29,scheduledAction,11125603,ITCMS,IT CMS
SD1864485,Closed,CMS Interaction,RTCS,Short code and SMS,3/24/2026 8:05,3/24/2026 8:12,11125603,11125603,ITCMS,IT CMS
SD1864486,Closed,CMS Interaction,Pending Order,Mobile Prepaid,3/24/2026 8:06,3/24/2026 8:08,05766431,05766431,ITCMS,IT CMS
SD1864487,Closed,CMS Interaction,UOMS,PortOut/PortIN,3/24/2026 8:06,3/24/2026 8:10,05766431,05766431,ITCMS,IT CMS
SD1864488,Closed,CMS Interaction,Pending Order,Mobile Postpaid,3/24/2026 8:07,3/24/2026 8:10,05766431,05766431,ITCMS,IT CMS
SD1864493,Closed,CMS Interaction,RTCS,Data Usage,3/24/2026 8:12,3/26/2026 7:10,05766431,05766431,ITCMS,IT CMS
SD1864497,Closed,CMS Interaction,CRM,Other,3/24/2026 8:15,3/25/2026 4:41,11125603,11125603,ITCMS,IT CMS
SD1864500,Closed,CMS Interaction,UOMS,PortOut/PortIN,3/24/2026 8:23,3/24/2026 9:02,11125603,11125603,ITCMS,IT CMS
SD1864502,Closed,CMS Interaction,Preorder Issue,Invalid Data,3/24/2026 8:29,3/25/2026 7:12,70141,70141,Escalated Tickets ,BSS RTCS
SD1864503,Closed,CMS Interaction,CRM,Other,3/24/2026 8:30,3/25/2026 5:23,19715928,19715928,Escalated Tickets ,ARBOR SUPPORT
SD1864506,Closed,CMS Interaction,Pending Order,Mobile Postpaid,3/24/2026 8:33,3/24/2026 8:36,69470,69470,ITCMS,IT CMS
SD1864507,Closed,CMS Interaction,Pending Order,Mobile Postpaid,3/24/2026 8:33,3/25/2026 5:04,22674,22674,Escalated Tickets ,BSS RTCS
SD1864509,Closed,CMS Interaction,UOMS,Mobile,3/24/2026 8:35,3/24/2026 8:40,69577,69577,ITCMS,IT CMS
SD1864510,Closed,CMS Interaction,Pending Order,Mobile Postpaid,3/24/2026 8:37,3/24/2026 8:39,69577,69577,ITCMS,IT CMS
SD1864511,Closed,CMS Interaction,CRM,Other,3/24/2026 8:40,3/26/2026 9:40,19715928,19715928,Escalated Tickets ,ARBOR SUPPORT
SD1864512,Closed,CMS Interaction,Pending Order,Fixed Voic and Data,3/24/2026 8:41,3/24/2026 8:52,69577,69577,ITCMS,IT CMS
SD1864513,Closed,CMS Interaction,Pending Order,Fixed Voic and Data,3/24/2026 8:43,3/24/2026 8:50,69577,69577,ITCMS,IT CMS
SD1864515,Closed,CMS Interaction,UOMS,Mobile,3/24/2026 8:46,3/25/2026 4:45,11125603,11125603,ITCMS,IT CMS
SD1864516,Closed,CMS Interaction,Pending Order,WFBB Order,3/24/2026 8:46,3/24/2026 10:29,scheduledAction,19715928,Escalated Tickets ,ARBOR SUPPORT
SD1864517,Closed,CMS Interaction,Pending Order,Fixed Voic and Data,3/24/2026 8:46,3/24/2026 9:55,05766431,05766431,ITCMS,IT CMS
SD1864518,Closed,CMS Interaction,Pending Order,Mobile Postpaid,3/24/2026 8:48,3/24/2026 9:00,scheduledAction,scheduledAction,ITCMS,IT CMS
SD1864519,Closed,CMS Interaction,Pending Order,Mobile Prepaid,3/24/2026 8:49,3/24/2026 9:00,scheduledAction,scheduledAction,ITCMS,IT CMS
SD1864520,Closed,CMS Interaction,Pending Order,Mobile Postpaid,3/24/2026 8:50,3/24/2026 9:00,scheduledAction,scheduledAction,ITCMS,IT CMS
SD1864521,Closed,CMS Interaction,Pending Order,Fixed Voic and Data,3/24/2026 8:50,3/24/2026 9:56,05766431,05766431,ITCMS,IT CMS
SD1864522,Closed,CMS Interaction,Pending Order,Fixed Voic and Data,3/24/2026 8:51,4/2/2026 3:12,19715928,19715928,Escalated Tickets ,ARBOR SUPPORT
SD1864523,Closed,CMS Interaction,Pending Order,Fixed Voic and Data,3/24/2026 8:53,3/24/2026 9:58,05766431,05766431,ITCMS,IT CMS
SD1864525,Closed,CMS Interaction,Pending Order,Fixed Voic and Data,3/24/2026 8:54,3/24/2026 9:54,05766431,05766431,ITCMS,IT CMS
SD1864526,Closed,CMS Interaction,RTCS,Short code and SMS,3/24/2026 8:56,3/24/2026 9:14,11125603,11125603,ITCMS,IT CMS
SD1864527,Closed,CMS Interaction,Pending Order,Mobile Postpaid,3/24/2026 8:57,3/24/2026 9:39,05766431,05766431,ITCMS,IT CMS
SD1864529,Closed,CMS Interaction,Pending Order,Mobile Postpaid,3/24/2026 8:59,3/24/2026 9:38,05766431,05766431,ITCMS,IT CMS
SD1864530,Closed,CMS Interaction,Pending Order,Mobile Prepaid,3/24/2026 9:01,3/24/2026 9:37,05766431,05766431,ITCMS,IT CMS
SD1864534,Closed,CMS Interaction,Pending Order,Fesibility Check Failure,3/24/2026 9:04,3/24/2026 12:36,69566,69566,ITCMS,IT CMS
SD1864536,Closed,CMS Interaction,CRM,Other,3/24/2026 9:08,3/24/2026 9:41,05766431,69566,ITCMS,IT CMS
SD1864537,Closed,CMS Interaction,UOMS,Mobile,3/24/2026 9:09,3/24/2026 11:19,Z6302499,Z6302499,Escalated Tickets ,OSS Mediation Support
SD1864539,Closed,CMS Interaction,UOMS,Mobile,3/24/2026 9:10,3/24/2026 12:38,69566,69566,ITCMS,IT CMS
SD1864545,Closed,CMS Interaction,UOMS,Mobile,3/24/2026 9:17,3/25/2026 5:11,69577,69577,ITCMS,IT CMS
SD1864546,Closed,CMS Interaction,Pending Order,Fixed Voic and Data,3/24/2026 9:21,3/25/2026 3:45,69566,69566,ITCMS,IT CMS
SD1864547,Closed,CMS Interaction,CRM,Other,3/24/2026 9:23,3/26/2026 5:27,11125603,11125603,ITCMS,IT CMS
SD1864550,Closed,CMS Interaction,Pending Order,Mobile Postpaid,3/24/2026 9:26,3/24/2026 9:46,05766431,05766431,ITCMS,IT CMS
SD1864552,Closed,CMS Interaction,Pending Order,Mobile Postpaid,3/24/2026 9:28,3/24/2026 10:00,19715928,12349939,Escalated Tickets ,ARBOR SUPPORT
SD1864554,Closed,CMS Interaction,Pending Order,Fixed Voic and Data,3/24/2026 9:28,3/24/2026 9:52,05766431,05766431,ITCMS,IT CMS
SD1864555,Closed,CMS Interaction,CRM,Other,3/24/2026 9:29,3/26/2026 4:24,12349939,69840,Escalated Tickets ,ARBOR SUPPORT
SD1864557,Closed,CMS Interaction,Preorder Issue,System Error,3/24/2026 9:30,3/24/2026 9:47,05766431,05766431,ITCMS,IT CMS
SD1864563,Closed,CMS Interaction,Pending Order,Fixed Voic and Data,3/24/2026 9:39,3/24/2026 9:50,05766431,05766431,ITCMS,IT CMS
SD1864564,Closed,CMS Interaction,Pending Order,Fixed Voic and Data,3/24/2026 9:41,3/24/2026 9:49,05766431,05766431,ITCMS,IT CMS
SD1864568,Closed,CMS Interaction,Pending Order,Fixed Voic and Data,3/24/2026 9:52,3/24/2026 10:02,69470,69470,ITCMS,IT CMS
SD1864569,Closed,CMS Interaction,BIP Billing,Bill Issue,3/24/2026 9:55,3/25/2026 5:54,L7990290,L7990290,Escalated Tickets ,BSS iPDF
SD1864570,Closed,CMS Interaction,Pending Order,RTCS Failure,3/24/2026 9:55,3/25/2026 4:42,scheduledAction,70141,Escalated Tickets ,BSS RTCS
SD1864572,Closed,CMS Interaction,Pending Order,Mobile Prepaid,3/24/2026 9:58,3/24/2026 10:01,05766431,05766431,ITCMS,IT CMS
SD1864574,Closed,CMS Interaction,BIP Billing,Bill Issue,3/24/2026 10:06,3/25/2026 5:41,J2226589,J2226589,Escalated Tickets ,BIP Billing
SD1864575,Closed,CMS Interaction,Pending Order,Mobile Postpaid,3/24/2026 10:06,3/24/2026 10:09,05766431,05766431,ITCMS,IT CMS
SD1864576,Closed,CMS Interaction,Pending Order,RTCS Failure,3/24/2026 10:10,3/24/2026 10:59,scheduledAction,12349939,Escalated Tickets ,ARBOR SUPPORT
SD1864577,Closed,CMS Interaction,Pending Order,Mobile Postpaid,3/24/2026 10:09,3/24/2026 10:43,19715928,19715928,Escalated Tickets ,ARBOR SUPPORT
SD1864578,Closed,CMS Interaction,CRM,Other,3/24/2026 10:14,3/24/2026 10:26,05766431,05766431,ITCMS,IT CMS
SD1864580,Closed,CMS Interaction,Pending Order,Mobile Prepaid,3/24/2026 10:18,3/24/2026 10:24,69470,69470,ITCMS,IT CMS
SD1864581,Closed,CMS Interaction,Pending Order,Mobile Postpaid,3/24/2026 10:24,3/24/2026 10:26,69470,69470,ITCMS,IT CMS
SD1864582,Closed,CMS Interaction,RTCS,Short code and SMS,3/24/2026 10:28,3/24/2026 16:06,37230,37230,ITCMS,IT CMS
SD1864583,Closed,CMS Interaction,Pending Order,Fixed Voic and Data,3/24/2026 10:28,3/24/2026 10:31,05766431,05766431,ITCMS,IT CMS
SD1864584,Closed,CMS Interaction,CRM,Other,3/24/2026 10:31,3/27/2026 17:30,S630048,S630048,Escalated Tickets ,ARBOR SUPPORT
SD1864586,Closed,CMS Interaction,UOMS,Mobile,3/24/2026 10:36,3/25/2026 11:04,61495417,61495417,Escalated Tickets ,BSS RTCS
SD1864590,Closed,CMS Interaction,CRM,Other,3/24/2026 10:44,3/24/2026 11:22,Z6302499,Z6302499,Escalated Tickets ,OSS Mediation Support
SD1864594,Closed,CMS Interaction,Pending Order,Mobile Postpaid,3/24/2026 10:46,3/24/2026 10:49,05766431,05766431,ITCMS,IT CMS
SD1864595,Closed,CMS Interaction,Pending Order,Fixed Voic and Data,3/24/2026 10:47,3/24/2026 10:59,scheduledAction,scheduledAction,ITCMS,IT CMS
SD1864599,Closed,CMS Interaction,Pending Order,Mobile Prepaid,3/24/2026 10:52,3/24/2026 11:29,Z6302499,Z6302499,Escalated Tickets ,OSS Mediation Support
SD1864600,Closed,CMS Interaction,UOMS,Mobile,3/24/2026 10:52,3/24/2026 16:04,37230,37230,ITCMS,IT CMS
SD1864606,Closed,CMS Interaction,CRM,Other,3/24/2026 11:07,3/24/2026 22:08,X6410019,X6410019,Escalated Tickets ,BSS CRM
SD1864620,Closed,CMS Interaction,CRM,Other,3/24/2026 11:35,3/24/2026 11:39,S630048,S630048,Escalated Tickets ,ARBOR SUPPORT
SD1864621,Closed,CMS Interaction,CRM,No Data Found,3/24/2026 11:35,3/25/2026 1:44,22674,22674,Escalated Tickets ,BSS RTCS
SD1864625,Closed,CMS Interaction,Pending Order,WFBB Order,3/24/2026 11:41,3/24/2026 16:20,37230,37230,ITCMS,IT CMS
SD1864627,Closed,CMS Interaction,UOMS,Mobile,3/24/2026 11:43,3/25/2026 4:47,71009,71009,Escalated Tickets ,OSS Mediation Support
SD1864628,Closed,CMS Interaction,ITA,ITA,3/24/2026 11:46,3/24/2026 16:15,37230,37230,ITCMS,IT CMS
SD1864629,Closed,CMS Interaction,RTCS,Short code and SMS,3/24/2026 11:58,3/24/2026 16:20,37230,37230,ITCMS,IT CMS
SD1864630,Closed,CMS Interaction,UOMS,Mobile,3/24/2026 11:58,3/25/2026 4:44,71009,71009,Escalated Tickets ,OSS Mediation Support
SD1864632,Closed,CMS Interaction,CRM,Other,3/24/2026 12:01,3/24/2026 12:41,19715928,19715928,Escalated Tickets ,ARBOR SUPPORT
SD1864634,Closed,CMS Interaction,UOMS,Mobile,3/24/2026 12:03,3/24/2026 16:09,37230,37230,ITCMS,IT CMS
SD1864636,Closed,CMS Interaction,Pending Order,RTCS Failure,3/24/2026 12:07,3/25/2026 4:42,71009,71009,Escalated Tickets ,OSS Mediation Support
SD1864639,Closed,CMS Interaction,Pending Order,Mobile Postpaid,3/24/2026 12:19,3/24/2026 16:16,37230,37230,ITCMS,IT CMS
SD1864640,Closed,CMS Interaction,UOMS,Mobile,3/24/2026 12:23,3/24/2026 17:02,37230,37230,ITCMS,IT CMS
SD1864641,Closed,CMS Interaction,Pending Order,WFBB Order,3/24/2026 12:26,3/29/2026 7:58,LR1995699,LR1995699,Escalated Tickets ,NEP Support
SD1864644,Closed,CMS Interaction,Pending Order,Mobile Postpaid,3/24/2026 12:54,3/24/2026 13:28,scheduledAction,scheduledAction,ITCMS,IT CMS
SD1864646,Closed,CMS Interaction,CRM,Other,3/24/2026 13:05,3/25/2026 1:46,22674,22674,Escalated Tickets ,BSS RTCS
SD1864649,Closed,CMS Interaction,Pending Order,Fixed Voic and Data,3/24/2026 13:32,3/25/2026 4:19,05766431,05766431,ITCMS,IT CMS
SD1864650,Closed,CMS Interaction,Pending Order,RTCS Failure,3/24/2026 13:37,3/24/2026 16:25,37230,37230,ITCMS,IT CMS
SD1864651,Closed,CMS Interaction,Pending Order,RTCS Failure,3/24/2026 13:38,3/24/2026 16:23,37230,37230,ITCMS,IT CMS
SD1864652,Closed,CMS Interaction,CRM,Other,3/24/2026 13:43,3/25/2026 4:17,05766431,05766431,ITCMS,IT CMS
SD1864653,Closed,CMS Interaction,Pending Order,BIP Failure,3/24/2026 13:53,3/24/2026 16:23,37230,37230,ITCMS,IT CMS
SD1864654,Closed,CMS Interaction,CRM,Other,3/24/2026 13:54,3/24/2026 17:00,37230,37230,ITCMS,IT CMS
SD1864655,Closed,CMS Interaction,Pending Order,Fixed Voic and Data,3/24/2026 14:01,3/25/2026 13:00,scheduledAction,69758,Escalated Tickets ,ARBOR SUPPORT
SD1864656,Closed,CMS Interaction,Apple watch,activation,3/24/2026 14:01,3/25/2026 4:14,05766431,05766431,ITCMS,IT CMS
SD1864657,Closed,CMS Interaction,UOMS,Mobile,3/24/2026 14:02,3/26/2026 5:25,11125603,11125603,ITCMS,IT CMS
SD1864658,Closed,CMS Interaction,Pending Order,Mobile Postpaid,3/24/2026 14:15,3/24/2026 14:57,scheduledAction,scheduledAction,ITCMS,IT CMS
SD1864660,Closed,CMS Interaction,CRM,Other,3/24/2026 14:21,3/24/2026 16:24,37230,37230,ITCMS,IT CMS
SD1864662,Closed,CMS Interaction,UOMS,HBB,3/24/2026 14:31,3/24/2026 16:51,37230,37230,ITCMS,IT CMS
SD1864663,Closed,CMS Interaction,UOMS,Mobile,3/24/2026 14:44,3/24/2026 16:26,37230,37230,ITCMS,IT CMS
SD1864664,Closed,CMS Interaction,UOMS,PortOut/PortIN,3/24/2026 14:50,3/24/2026 16:11,37230,37230,ITCMS,IT CMS
SD1864665,Closed,CMS Interaction,UOMS,Mobile,3/24/2026 14:52,3/24/2026 17:08,37230,37230,ITCMS,IT CMS
SD1864666,Closed,CMS Interaction,Pending Order,Mobile Postpaid,3/24/2026 14:54,3/24/2026 16:25,37230,37230,ITCMS,IT CMS
SD1864667,Closed,CMS Interaction,CRM,Other,3/24/2026 15:27,3/25/2026 9:47,12349939,69840,Escalated Tickets ,ARBOR SUPPORT
SD1864668,Closed,CMS Interaction,UOMS,PortOut/PortIN,3/24/2026 15:30,3/24/2026 16:13,37230,37230,ITCMS,IT CMS
SD1864670,Closed,CMS Interaction,Pending Order,RTCS Failure,3/24/2026 15:30,3/24/2026 15:58,37230,37230,ITCMS,IT CMS
SD1864671,Closed,CMS Interaction,Pending Order,Mobile Postpaid,3/24/2026 15:47,3/24/2026 17:54,scheduledAction,12349939,Escalated Tickets ,ARBOR SUPPORT
SD1864672,Closed,CMS Interaction,Pending Order,Mobile Postpaid,3/24/2026 15:48,3/24/2026 17:54,scheduledAction,69840,Escalated Tickets ,ARBOR SUPPORT
SD1864673,Closed,CMS Interaction,Pending Order,Fixed Voic and Data,3/24/2026 15:49,3/24/2026 16:00,37230,37230,ITCMS,IT CMS
SD1864674,Closed,CMS Interaction,Pending Order,Fixed Voic and Data,3/24/2026 15:53,3/24/2026 16:00,37230,37230,ITCMS,IT CMS
SD1864675,Closed,CMS Interaction,Pending Order,Fixed Voic and Data,3/24/2026 15:55,3/24/2026 15:59,37230,37230,ITCMS,IT CMS
SD1864676,Closed,CMS Interaction,UOMS,Mobile,3/24/2026 15:55,3/25/2026 4:40,71009,71009,Escalated Tickets ,OSS Mediation Support
SD1864677,Closed,CMS Interaction,UOMS,Mobile,3/24/2026 16:00,3/24/2026 16:12,37230,37230,ITCMS,IT CMS
SD1864681,Closed,CMS Interaction,UOMS,Mobile,3/24/2026 16:03,3/25/2026 1:48,22674,22674,Escalated Tickets ,BSS RTCS
SD1864682,Closed,CMS Interaction,Pending Order,BIP Failure,3/24/2026 16:05,3/24/2026 17:54,scheduledAction,12349939,Escalated Tickets ,ARBOR SUPPORT
SD1864684,Closed,CMS Interaction,UOMS,Mobile,3/24/2026 16:13,3/25/2026 11:04,69566,69566,ITCMS,IT CMS
SD1864685,Closed,CMS Interaction,Pending Order,Mobile Postpaid,3/24/2026 16:17,3/24/2026 17:04,37230,37230,ITCMS,IT CMS
SD1864686,Closed,CMS Interaction,UOMS,Mobile,3/24/2026 16:19,3/25/2026 1:49,22674,22674,Escalated Tickets ,BSS RTCS
SD1864687,Closed,CMS Interaction,Pending Order,WFBB Order,3/24/2026 16:20,3/24/2026 16:34,37230,37230,ITCMS,IT CMS
SD1864688,Closed,CMS Interaction,Pending Order,Fixed Voic and Data,3/24/2026 16:28,3/25/2026 6:33,LR1995699,LR1995699,Escalated Tickets ,NEP Support
SD1864689,Closed,CMS Interaction,Pending Order,Mobile Postpaid,3/24/2026 16:33,3/24/2026 17:03,37230,37230,ITCMS,IT CMS
SD1864690,Closed,CMS Interaction,CRM,CRM Down,3/24/2026 16:36,3/25/2026 17:13,37230,37230,ITCMS,IT CMS
SD1864691,Closed,CMS Interaction,Pending Order,Mobile Prepaid,3/24/2026 16:50,3/24/2026 17:23,scheduledAction,69758,Escalated Tickets ,ARBOR SUPPORT
SD1864692,Closed,CMS Interaction,Pending Order,Mobile Postpaid,3/24/2026 16:53,3/25/2026 9:40,70699048,70699048,Escalated Tickets ,BSS Interface
SD1864693,Closed,CMS Interaction,Pending Order,Mobile Postpaid,3/24/2026 17:02,3/26/2026 6:22,scheduledAction,Z6302499,Escalated Tickets ,OSS Mediation Support
SD1864694,Closed,CMS Interaction,RTCS,Data Usage,3/24/2026 17:03,3/25/2026 9:39,61495417,61495417,Escalated Tickets ,BSS RTCS
SD1864695,Closed,CMS Interaction,Pending Order,RTCS Failure,3/24/2026 17:03,3/24/2026 17:12,37230,37230,ITCMS,IT CMS
SD1864696,Closed,CMS Interaction,UOMS,Mobile,3/24/2026 17:06,3/24/2026 17:11,37230,37230,ITCMS,IT CMS
SD1864697,Closed,CMS Interaction,UOMS,Mobile,3/24/2026 17:12,3/25/2026 6:06,109720587,109720587,Escalated Tickets ,BSS RTCS
SD1864698,Closed,CMS Interaction,Pending Order,BIP Failure,3/24/2026 17:18,3/24/2026 17:21,37230,37230,ITCMS,IT CMS
SD1864700,Closed,CMS Interaction,UOMS,Mobile,3/24/2026 17:19,3/25/2026 1:50,22674,22674,Escalated Tickets ,BSS RTCS
SD1864703,Closed,CMS Interaction,Pending Order,Fixed Voic and Data,3/24/2026 17:36,3/24/2026 18:54,scheduledAction,69758,Escalated Tickets ,ARBOR SUPPORT
SD1864704,Closed,CMS Interaction,Pending Order,Fixed Voic and Data,3/24/2026 17:36,3/24/2026 17:48,37230,37230,ITCMS,IT CMS
SD1864705,Closed,CMS Interaction,RTCS,Short code and SMS,3/24/2026 17:43,3/24/2026 17:50,37230,37230,ITCMS,IT CMS
SD1864706,Closed,CMS Interaction,CRM,No Data Found,3/24/2026 17:44,3/24/2026 17:49,37230,37230,ITCMS,IT CMS
SD1864707,Closed,CMS Interaction,Pending Order,Mobile Prepaid,3/24/2026 17:44,3/25/2026 8:15,61495417,61495417,Escalated Tickets ,BSS RTCS
SD1864708,Closed,CMS Interaction,UOMS,Mobile,3/24/2026 17:47,3/25/2026 4:38,71009,71009,Escalated Tickets ,OSS Mediation Support
SD1864709,Closed,CMS Interaction,Pending Order,Fixed Voic and Data,3/24/2026 17:51,3/24/2026 17:53,37230,37230,ITCMS,IT CMS
SD1864710,Closed,CMS Interaction,Pending Order,Fixed Voic and Data,3/24/2026 17:53,3/24/2026 17:53,37230,37230,ITCMS,IT CMS
SD1864711,Closed,CMS Interaction,CRM,Other,3/24/2026 17:57,3/25/2026 3:36,05766431,05766431,ITCMS,IT CMS
SD1864712,Closed,CMS Interaction,Pending Order,WFBB Order,3/24/2026 17:58,3/24/2026 18:54,scheduledAction,scheduledAction,ITCMS,IT CMS
SD1864713,Closed,CMS Interaction,RTCS,Short code and SMS,3/24/2026 18:02,3/25/2026 6:03,19715928,19715928,Escalated Tickets ,ARBOR SUPPORT
SD1864714,Closed,CMS Interaction,Pending Order,Mobile Postpaid,3/24/2026 18:02,3/25/2026 2:17,scheduledAction,69470,ITCMS,IT CMS
SD1864715,Closed,CMS Interaction,CRM,Other,3/24/2026 18:24,3/25/2026 2:17,69470,69470,ITCMS,IT CMS
SD1864716,Closed,CMS Interaction,UOMS,Mobile,3/24/2026 18:31,3/25/2026 4:18,69566,69566,ITCMS,IT CMS
SD1864718,Closed,CMS Interaction,RTCS,Short code and SMS,3/24/2026 18:42,3/25/2026 2:12,69470,69470,ITCMS,IT CMS
SD1864719,Closed,CMS Interaction,BIP Billing,Bill Issue,3/24/2026 19:17,3/25/2026 5:16,J2226589,J2226589,Escalated Tickets ,BIP Billing
SD1864722,Closed,CMS Interaction,Pending Order,Fixed Voic and Data,3/24/2026 20:41,3/25/2026 4:12,scheduledAction,70699048,Escalated Tickets ,BSS Interface
SD1864723,Closed,CMS Interaction,Pending Order,Fixed Voic and Data,3/24/2026 20:49,3/25/2026 3:41,05766431,05766431,ITCMS,IT CMS
SD1864724,Closed,CMS Interaction,Pending Order,Fixed Voic and Data,3/24/2026 21:40,3/25/2026 3:39,05766431,05766431,ITCMS,IT CMS
SD1864725,Closed,CMS Interaction,Pending Order,Fixed Voic and Data,3/24/2026 21:44,3/25/2026 3:35,05766431,05766431,ITCMS,IT CMS
SD1864728,Closed,CMS Interaction,CRM,No Data Found,3/25/2026 2:34,3/25/2026 4:15,69566,69566,ITCMS,IT CMS
SD1864730,Closed,CMS Interaction,RTCS,Data Usage,3/25/2026 3:50,3/25/2026 5:43,11125603,11125603,ITCMS,IT CMS
SD1864732,Closed,CMS Interaction,Enterprise Billing,Reversal Issue,3/25/2026 4:01,3/29/2026 5:32,X6410019,X6410019,Escalated Tickets ,BSS POS
SD1864734,Closed,CMS Interaction,Pending Order,Mobile Postpaid,3/25/2026 4:16,3/25/2026 13:00,scheduledAction,05766431,ITCMS,IT CMS
SD1864736,Closed,CMS Interaction,CRM,Other,3/25/2026 4:40,3/25/2026 5:01,11125603,11125603,ITCMS,IT CMS
SD1864741,Closed,CMS Interaction,UOMS,Mobile,3/25/2026 4:50,3/25/2026 19:46,69130,69130,ITCMS,IT CMS
SD1864742,Closed,CMS Interaction,Pending Order,RTCS Failure,3/25/2026 4:51,3/29/2026 8:02,LR1995699,LR1995699,Escalated Tickets ,NEP Support
SD1864743,Closed,CMS Interaction,CRM,Other,3/25/2026 5:04,3/25/2026 6:36,S630048,S630048,Escalated Tickets ,ARBOR SUPPORT
SD1864744,Closed,CMS Interaction,CRM,No Data Found,3/25/2026 5:07,3/25/2026 5:13,69577,69577,ITCMS,IT CMS
SD1864746,Closed,CMS Interaction,Pending Order,Mobile Postpaid,3/25/2026 5:18,3/25/2026 5:35,69577,69577,ITCMS,IT CMS
SD1864748,Closed,CMS Interaction,Pending Order,Mobile Postpaid,3/25/2026 5:22,3/25/2026 5:53,19715928,19715928,Escalated Tickets ,ARBOR SUPPORT
SD1864750,Closed,CMS Interaction,Pending Order,Fixed Voic and Data,3/25/2026 5:27,3/25/2026 5:45,69577,69577,ITCMS,IT CMS
SD1864751,Closed,CMS Interaction,UOMS,Mobile,3/25/2026 5:28,3/25/2026 7:36,11125603,11125603,ITCMS,IT CMS
SD1864753,Closed,CMS Interaction,UOMS,Mobile,3/25/2026 5:29,3/25/2026 5:47,69577,69577,ITCMS,IT CMS
SD1864756,Closed,CMS Interaction,RTCS,Short code and SMS,3/25/2026 5:33,3/25/2026 5:47,69577,69577,ITCMS,IT CMS
SD1864757,Closed,CMS Interaction,Pending Order,WFBB Order,3/25/2026 5:34,3/25/2026 5:44,05766431,05766431,ITCMS,IT CMS
SD1864759,Closed,CMS Interaction,Pending Order,WFBB Order,3/25/2026 5:42,3/30/2026 7:41,70699048,70699048,Escalated Tickets ,BSS Interface
SD1864761,Closed,CMS Interaction,CRM,Other,3/25/2026 5:52,3/25/2026 6:08,05766431,05766431,ITCMS,IT CMS
SD1864763,Closed,CMS Interaction,RTCS,Data Usage,3/25/2026 5:57,3/25/2026 9:13,22674,22674,Escalated Tickets ,BSS RTCS
SD1864766,Closed,CMS Interaction,Pending Order,Mobile Postpaid,3/25/2026 6:00,3/25/2026 6:04,05766431,05766431,ITCMS,IT CMS
SD1864767,Closed,CMS Interaction,ITA,ITA,3/25/2026 6:03,3/25/2026 7:39,11125603,11125603,ITCMS,IT CMS
SD1864768,Closed,CMS Interaction,UOMS,Mobile,3/25/2026 6:03,3/25/2026 6:28,19715928,19715928,Escalated Tickets ,ARBOR SUPPORT
SD1864769,Closed,CMS Interaction,Pending Order,Mobile Prepaid,3/25/2026 6:03,3/25/2026 6:34,69470,69470,ITCMS,IT CMS
SD1864770,Closed,CMS Interaction,Pending Order,Mobile Prepaid,3/25/2026 6:06,3/25/2026 6:39,scheduledAction,69470,ITCMS,IT CMS
SD1864775,Closed,CMS Interaction,CRM,Other,3/25/2026 6:11,3/25/2026 8:49,69577,69577,ITCMS,IT CMS
SD1864777,Closed,CMS Interaction,UOMS,Mobile,3/25/2026 6:12,3/25/2026 7:18,69577,69577,ITCMS,IT CMS
SD1864778,Closed,CMS Interaction,POS and CMA,Reversal,3/25/2026 6:14,3/29/2026 5:40,X6410019,X6410019,Escalated Tickets ,BSS POS
SD1864779,Closed,CMS Interaction,CRM,Other,3/25/2026 6:14,3/25/2026 6:32,69470,69470,ITCMS,IT CMS
SD1864780,Closed,CMS Interaction,Pending Order,Mobile Postpaid,3/25/2026 6:20,3/25/2026 7:41,11125603,11125603,ITCMS,IT CMS
SD1864781,Closed,CMS Interaction,Pending Order,Mobile Prepaid,3/25/2026 6:18,3/25/2026 6:39,scheduledAction,scheduledAction,ITCMS,IT CMS
SD1864782,Closed,CMS Interaction,Pending Order,Mobile Postpaid,3/25/2026 6:20,3/25/2026 6:31,69470,69470,ITCMS,IT CMS
SD1864784,Closed,CMS Interaction,CRM,Other,3/25/2026 6:28,3/26/2026 5:33,11125603,11125603,ITCMS,IT CMS
SD1864785,Closed,CMS Interaction,Pending Order,Mobile Prepaid,3/25/2026 6:29,3/25/2026 7:43,11125603,11125603,ITCMS,IT CMS
SD1864786,Closed,CMS Interaction,BIP Billing,Collection,3/25/2026 6:30,3/25/2026 8:44,69577,69577,ITCMS,IT CMS
SD1864790,Closed,CMS Interaction,UOMS,Mobile,3/25/2026 6:35,3/25/2026 7:45,11125603,11125603,ITCMS,IT CMS
SD1864791,Closed,CMS Interaction,Pending Order,Mobile Prepaid,3/25/2026 6:37,3/25/2026 6:43,69577,69577,ITCMS,IT CMS
SD1864792,Closed,CMS Interaction,Pending Order,Mobile Postpaid,3/25/2026 6:40,3/25/2026 7:46,11125603,11125603,ITCMS,IT CMS
SD1864793,Closed,CMS Interaction,UOMS,Mobile,3/25/2026 6:40,3/25/2026 8:42,69577,69577,ITCMS,IT CMS
SD1864798,Closed,CMS Interaction,UOMS,WFBB,3/25/2026 6:46,3/26/2026 5:00,Q511636,Q511636,Escalated Tickets ,BSS CRM
SD1864803,Closed,CMS Interaction,Pending Order,Fixed Voic and Data,3/25/2026 6:50,3/25/2026 9:02,LR1995699,LR1995699,Escalated Tickets ,NEP Support
SD1864805,Closed,CMS Interaction,UOMS,Mobile,3/25/2026 6:55,3/25/2026 19:45,69130,69130,ITCMS,IT CMS
SD1864806,Closed,CMS Interaction,CRM,Other,3/25/2026 6:58,3/25/2026 7:28,19715928,19715928,Escalated Tickets ,ARBOR SUPPORT
SD1864810,Closed,CMS Interaction,Pending Order,RTCS Failure,3/25/2026 7:01,3/25/2026 7:39,scheduledAction,scheduledAction,ITCMS,IT CMS
SD1864814,Closed,CMS Interaction,CRM,Other,3/25/2026 7:08,3/25/2026 9:44,05766431,05766431,ITCMS,IT CMS
SD1864817,Closed,CMS Interaction,Pending Order,Mobile Prepaid,3/25/2026 7:09,3/25/2026 8:08,scheduledAction,69470,ITCMS,IT CMS
SD1864819,Closed,CMS Interaction,CRM,Other,3/25/2026 7:17,3/25/2026 9:01,19715928,19715928,Escalated Tickets ,ARBOR SUPPORT
SD1864820,Closed,CMS Interaction,Pending Order,Fixed Voic and Data,3/25/2026 7:18,4/1/2026 9:32,LR1995699,LR1995699,Escalated Tickets ,NEP Support
SD1864821,Closed,CMS Interaction,Pending Order,Mobile Prepaid,3/25/2026 7:19,3/25/2026 9:35,scheduledAction,69470,ITCMS,IT CMS
SD1864822,Closed,CMS Interaction,Pending Order,Fixed Voic and Data,3/25/2026 7:19,3/25/2026 9:04,scheduledAction,W0213873,Escalated Tickets ,NEP Support
SD1864823,Closed,CMS Interaction,Pending Order,Mobile Postpaid,3/25/2026 7:20,3/28/2026 6:03,37230,37230,ITCMS,IT CMS
SD1864825,Closed,CMS Interaction,Pending Order,ITA order,3/25/2026 7:27,3/25/2026 9:35,scheduledAction,11125603,ITCMS,IT CMS
SD1864826,Closed,CMS Interaction,Pending Order,Fixed Voic and Data,3/25/2026 7:27,3/29/2026 8:07,LR1995699,LR1995699,Escalated Tickets ,NEP Support
SD1864827,Closed,CMS Interaction,Pending Order,Mobile Prepaid,3/25/2026 7:29,3/25/2026 8:08,scheduledAction,69470,ITCMS,IT CMS
SD1864831,Closed,CMS Interaction,CRM,Other,3/25/2026 7:38,3/25/2026 10:24,70699048,69566,ITCMS,IT CMS
SD1864832,Closed,CMS Interaction,Pending Order,Mobile Postpaid,3/25/2026 7:38,3/25/2026 9:21,69470,69470,ITCMS,IT CMS
SD1864834,Closed,CMS Interaction,Pending Order,Mobile Postpaid,3/25/2026 7:40,3/25/2026 9:22,69470,69470,ITCMS,IT CMS
SD1864836,Closed,CMS Interaction,Pending Order,Mobile Postpaid,3/25/2026 7:42,3/25/2026 8:38,scheduledAction,11125603,ITCMS,IT CMS
SD1864838,Closed,CMS Interaction,CRM,Other,3/25/2026 7:44,3/25/2026 9:23,69470,69470,ITCMS,IT CMS
SD1864839,Closed,CMS Interaction,Pending Order,Mobile Postpaid,3/25/2026 7:46,3/25/2026 9:24,69470,69470,ITCMS,IT CMS
SD1864840,Closed,CMS Interaction,Pending Order,Mobile Postpaid,3/25/2026 7:48,3/25/2026 9:24,69470,69470,ITCMS,IT CMS
SD1864841,Closed,CMS Interaction,Pending Order,Mobile Postpaid,3/25/2026 7:49,3/25/2026 9:25,69470,69470,ITCMS,IT CMS
SD1864842,Closed,CMS Interaction,Pending Order,Mobile Prepaid,3/25/2026 7:50,3/25/2026 9:26,69470,69470,ITCMS,IT CMS
SD1864843,Closed,CMS Interaction,UOMS,Mobile,3/25/2026 7:50,3/25/2026 9:16,69470,69470,ITCMS,IT CMS
SD1864844,Closed,CMS Interaction,Pending Order,Mobile Postpaid,3/25/2026 7:51,3/25/2026 9:26,69470,69470,ITCMS,IT CMS
SD1864845,Closed,CMS Interaction,Pending Order,Mobile Prepaid,3/25/2026 7:55,3/25/2026 9:18,69470,69470,ITCMS,IT CMS
SD1864846,Closed,CMS Interaction,UOMS,Mobile,3/25/2026 7:55,3/31/2026 14:08,L7990290,52217,Escalated Tickets ,USSDAppSupport
SD1864847,Closed,CMS Interaction,BIP Billing,Bill Issue,3/25/2026 7:59,4/2/2026 3:16,19715928,19715928,Escalated Tickets ,ARBOR SUPPORT
SD1864848,Closed,CMS Interaction,Pending Order,ITA order,3/25/2026 8:00,3/30/2026 7:23,scheduledAction,22674,Escalated Tickets ,BIP Billing
SD1864849,Closed,CMS Interaction,Pending Order,Mobile Postpaid,3/25/2026 8:00,3/26/2026 3:58,scheduledAction,19715928,Escalated Tickets ,ARBOR SUPPORT
SD1864853,Closed,CMS Interaction,Pending Order,Mobile Postpaid,3/25/2026 8:04,3/25/2026 9:38,05766431,05766431,ITCMS,IT CMS
SD1864854,Closed,CMS Interaction,Pending Order,RTCS Failure,3/25/2026 8:06,3/25/2026 11:04,scheduledAction,70266,Escalated Tickets ,OSS Mediation Support
SD1864855,Closed,CMS Interaction,Pending Order,Mobile Prepaid,3/25/2026 8:06,3/25/2026 9:28,69470,69470,ITCMS,IT CMS
SD1864856,Closed,CMS Interaction,UOMS,Mobile,3/25/2026 8:07,3/25/2026 9:38,05766431,05766431,ITCMS,IT CMS
SD1864857,Closed,CMS Interaction,Pending Order,Fixed Voic and Data,3/25/2026 8:09,3/29/2026 8:12,LR1995699,LR1995699,Escalated Tickets ,NEP Support
SD1864858,Closed,CMS Interaction,CRM,Other,3/25/2026 8:09,3/25/2026 9:43,05766431,05766431,ITCMS,IT CMS
SD1864859,Closed,CMS Interaction,Pending Order,RTCS Failure,3/25/2026 8:09,3/25/2026 8:23,69470,69470,ITCMS,IT CMS
SD1864860,Closed,CMS Interaction,Pending Order,Mobile Prepaid,3/25/2026 8:12,3/25/2026 9:29,69470,69470,ITCMS,IT CMS
SD1864861,Closed,CMS Interaction,Pending Order,Mobile Prepaid,3/25/2026 8:14,3/25/2026 9:29,69470,69470,ITCMS,IT CMS
SD1864862,Closed,CMS Interaction,Pending Order,ITA order,3/25/2026 8:15,3/25/2026 8:38,scheduledAction,scheduledAction,ITCMS,IT CMS
SD1864863,Closed,CMS Interaction,Pending Order,Mobile Postpaid,3/25/2026 8:16,3/25/2026 9:28,05766431,05766431,ITCMS,IT CMS
SD1864864,Closed,CMS Interaction,Pending Order,Mobile Postpaid,3/25/2026 8:18,3/25/2026 9:30,69470,69470,ITCMS,IT CMS
SD1864865,Closed,CMS Interaction,Pending Order,Mobile Prepaid,3/25/2026 8:18,3/25/2026 9:27,05766431,05766431,ITCMS,IT CMS
SD1864866,Closed,CMS Interaction,Pending Order,RTCS Failure,3/25/2026 8:18,3/25/2026 9:26,05766431,05766431,ITCMS,IT CMS
SD1864867,Closed,CMS Interaction,Pending Order,Fesibility Check Failure,3/25/2026 8:19,3/25/2026 9:35,05766431,05766431,ITCMS,IT CMS
SD1864868,Closed,CMS Interaction,Pending Order,Mobile Postpaid,3/25/2026 8:19,3/25/2026 13:00,scheduledAction,05766431,ITCMS,IT CMS
SD1864870,Closed,CMS Interaction,UOMS,Mobile,3/25/2026 8:20,3/25/2026 9:24,05766431,05766431,ITCMS,IT CMS
SD1864871,Closed,CMS Interaction,Pending Order,Mobile Postpaid,3/25/2026 8:21,3/25/2026 9:21,05766431,05766431,ITCMS,IT CMS
SD1864872,Closed,CMS Interaction,Pending Order,Mobile Prepaid,3/25/2026 8:22,3/25/2026 9:20,05766431,05766431,ITCMS,IT CMS
SD1864873,Closed,CMS Interaction,Pending Order,Mobile Postpaid,3/25/2026 8:22,3/25/2026 9:20,05766431,05766431,ITCMS,IT CMS
SD1864875,Closed,CMS Interaction,Pending Order,Mobile Prepaid,3/25/2026 8:23,3/25/2026 9:18,05766431,05766431,ITCMS,IT CMS
SD1864876,Closed,CMS Interaction,Pending Order,Mobile Postpaid,3/25/2026 8:24,3/25/2026 9:16,05766431,05766431,ITCMS,IT CMS
SD1864877,Closed,CMS Interaction,Pending Order,Mobile Prepaid,3/25/2026 8:24,3/25/2026 9:14,05766431,05766431,ITCMS,IT CMS
SD1864878,Closed,CMS Interaction,Pending Order,BIP Failure,3/25/2026 8:25,3/25/2026 9:13,05766431,05766431,ITCMS,IT CMS
SD1864879,Closed,CMS Interaction,Pending Order,Mobile Postpaid,3/25/2026 8:25,3/25/2026 9:22,05766431,05766431,ITCMS,IT CMS
SD1864880,Closed,CMS Interaction,Pending Order,Mobile Postpaid,3/25/2026 8:25,3/25/2026 9:23,05766431,05766431,ITCMS,IT CMS
SD1864881,Closed,CMS Interaction,Pending Order,Mobile Postpaid,3/25/2026 8:26,3/25/2026 8:38,scheduledAction,scheduledAction,ITCMS,IT CMS
SD1864884,Closed,CMS Interaction,CRM,Other,3/25/2026 8:26,3/25/2026 9:23,05766431,05766431,ITCMS,IT CMS
SD1864885,Closed,CMS Interaction,Pending Order,Mobile Postpaid,3/25/2026 8:27,3/25/2026 8:38,scheduledAction,scheduledAction,ITCMS,IT CMS
SD1864886,Closed,CMS Interaction,Pending Order,Mobile Prepaid,3/25/2026 8:28,3/26/2026 4:27,scheduledAction,61495417,Escalated Tickets ,BSS RTCS
SD1864887,Closed,CMS Interaction,Pending Order,Mobile Prepaid,3/25/2026 8:29,3/25/2026 9:24,05766431,05766431,ITCMS,IT CMS
SD1864893,Closed,CMS Interaction,CRM,CRM Down,3/25/2026 8:39,3/26/2026 5:58,Q511636,X6410019,Escalated Tickets ,BSS CRM
SD1864895,Closed,CMS Interaction,CRM,Slowness,3/25/2026 8:39,3/25/2026 19:40,69130,69130,ITCMS,IT CMS
SD1864896,Closed,CMS Interaction,CRM,Other,3/25/2026 8:39,3/25/2026 9:07,05766431,05766431,ITCMS,IT CMS
SD1864898,Closed,CMS Interaction,Pending Order,Mobile Postpaid,3/25/2026 8:40,3/25/2026 9:05,scheduledAction,scheduledAction,ITCMS,IT CMS
SD1864900,Closed,CMS Interaction,CRM,CRM Down,3/25/2026 8:45,3/25/2026 11:15,69566,69566,ITCMS,IT CMS
SD1864901,Closed,CMS Interaction,Pending Order,Mobile Prepaid,3/25/2026 8:45,3/25/2026 9:07,05766431,05766431,ITCMS,IT CMS
SD1864902,Closed,CMS Interaction,CRM,CRM Down,3/25/2026 8:45,3/25/2026 19:39,69130,69130,ITCMS,IT CMS
SD1864903,Closed,CMS Interaction,UOMS,WFBB,3/25/2026 8:46,3/25/2026 11:19,69566,69566,ITCMS,IT CMS
SD1864905,Closed,CMS Interaction,Pending Order,Mobile Postpaid,3/25/2026 8:46,3/25/2026 9:01,05766431,05766431,ITCMS,IT CMS
SD1864906,Closed,CMS Interaction,CRM,No Data Found,3/25/2026 8:47,3/25/2026 11:20,69566,69566,ITCMS,IT CMS
SD1864907,Closed,CMS Interaction,RTCS,Data Usage,3/25/2026 8:47,3/26/2026 6:34,Z6302499,Z6302499,Escalated Tickets ,OSS Mediation Support
SD1864908,Closed,CMS Interaction,Pending Order,Mobile Prepaid,3/25/2026 8:49,3/25/2026 9:00,05766431,05766431,ITCMS,IT CMS
SD1864909,Closed,CMS Interaction,UOMS,Fixed Voic and Data,3/25/2026 8:50,3/29/2026 8:15,LR1995699,LR1995699,Escalated Tickets ,NEP Support
SD1864911,Closed,CMS Interaction,CRM,CRM Down,3/25/2026 8:52,3/25/2026 19:00,69130,69130,ITCMS,IT CMS
SD1864912,Closed,CMS Interaction,UOMS,WFBB,3/25/2026 8:52,3/26/2026 6:05,Q511636,X6410019,Escalated Tickets ,BSS CRM
SD1864913,Closed,CMS Interaction,CRM,CRM Down,3/25/2026 8:52,3/25/2026 9:28,11125603,11125603,ITCMS,IT CMS
SD1864914,Closed,CMS Interaction,Pending Order,Mobile Postpaid,3/25/2026 8:53,3/25/2026 8:55,05766431,05766431,ITCMS,IT CMS
SD1864915,Closed,CMS Interaction,CRM,CRM Down,3/25/2026 8:53,3/25/2026 11:01,69566,69566,ITCMS,IT CMS
SD1864917,Closed,CMS Interaction,UOMS,HBB,3/25/2026 8:59,3/26/2026 5:01,Q511636,Q511636,Escalated Tickets ,BSS CRM
SD1864919,Closed,CMS Interaction,UOMS,Mobile,3/25/2026 9:05,3/25/2026 9:33,05766431,05766431,ITCMS,IT CMS
SD1864922,Closed,CMS Interaction,UOMS,WFBB,3/25/2026 9:09,3/25/2026 9:31,05766431,05766431,ITCMS,IT CMS
SD1864924,Closed,CMS Interaction,CRM,CRM Down,3/25/2026 9:12,3/25/2026 10:59,69566,69566,ITCMS,IT CMS
SD1864925,Closed,CMS Interaction,Pending Order,Mobile Postpaid,3/25/2026 9:15,3/25/2026 9:29,05766431,05766431,ITCMS,IT CMS
SD1864926,Closed,CMS Interaction,UOMS,Mobile,3/25/2026 9:16,3/25/2026 9:48,05766431,05766431,ITCMS,IT CMS
SD1864927,Closed,CMS Interaction,CRM,CRM Down,3/25/2026 9:17,3/25/2026 10:58,69566,69566,ITCMS,IT CMS
SD1864928,Closed,CMS Interaction,Pending Order,Mobile Postpaid,3/25/2026 9:21,3/25/2026 9:30,05766431,05766431,ITCMS,IT CMS
SD1864929,Closed,CMS Interaction,CRM,CRM Down,3/25/2026 9:21,3/25/2026 10:57,69566,69566,ITCMS,IT CMS
SD1864930,Closed,CMS Interaction,RTCS,Short code and SMS,3/25/2026 9:25,3/25/2026 11:21,69566,69566,ITCMS,IT CMS
SD1864933,Closed,CMS Interaction,UOMS,WFBB,3/25/2026 9:35,3/26/2026 5:03,Q511636,Q511636,Escalated Tickets ,BSS CRM
SD1864934,Closed,CMS Interaction,UOMS,Mobile,3/25/2026 9:36,3/25/2026 16:27,37230,37230,ITCMS,IT CMS
SD1864935,Closed,CMS Interaction,Pending Order,Mobile Prepaid,3/25/2026 9:43,3/25/2026 9:45,05766431,05766431,ITCMS,IT CMS
SD1864938,Closed,CMS Interaction,Pending Order,Mobile Postpaid,3/25/2026 9:48,3/25/2026 12:31,scheduledAction,scheduledAction,ITCMS,IT CMS
SD1864940,Closed,CMS Interaction,RTCS,Data Usage,3/25/2026 9:52,3/26/2026 5:22,11125603,11125603,ITCMS,IT CMS
SD1864944,Closed,CMS Interaction,Pending Order,WFBB Order,3/25/2026 9:56,3/26/2026 4:01,12349939,69758,Escalated Tickets ,ARBOR SUPPORT
SD1864946,Closed,CMS Interaction,Pending Order,Mobile Postpaid,3/25/2026 9:59,3/25/2026 11:34,scheduledAction,05766431,ITCMS,IT CMS
SD1864947,Closed,CMS Interaction,Pending Order,Mobile Postpaid,3/25/2026 10:01,3/25/2026 13:00,scheduledAction,05766431,ITCMS,IT CMS
SD1864948,Closed,CMS Interaction,Pending Order,Mobile Postpaid,3/25/2026 10:04,3/26/2026 6:43,Z6302499,Z6302499,Escalated Tickets ,OSS Mediation Support
SD1864949,Closed,CMS Interaction,CRM,CRM Down,3/25/2026 10:05,3/25/2026 11:03,69566,69566,ITCMS,IT CMS
SD1864950,Closed,CMS Interaction,Pending Order,Mobile Prepaid,3/25/2026 10:07,3/26/2026 6:45,Q511636,X6410019,Escalated Tickets ,BSS CRM
SD1864951,Closed,CMS Interaction,CRM,CRM Down,3/25/2026 10:09,3/25/2026 10:56,69566,69566,ITCMS,IT CMS
SD1864953,Closed,CMS Interaction,CRM,Other,3/25/2026 10:13,3/25/2026 17:11,37230,37230,ITCMS,IT CMS
SD1864954,Closed,CMS Interaction,Pending Order,Mobile Postpaid,3/25/2026 10:14,3/25/2026 18:59,69130,69130,ITCMS,IT CMS
SD1864956,Closed,CMS Interaction,CRM,CRM Down,3/25/2026 10:17,3/25/2026 10:52,69566,69566,ITCMS,IT CMS
SD1864959,Closed,CMS Interaction,Pending Order,Mobile Prepaid,3/25/2026 10:22,3/25/2026 12:01,scheduledAction,05766431,ITCMS,IT CMS
SD1864961,Closed,CMS Interaction,Pending Order,Mobile Postpaid,3/25/2026 10:26,3/25/2026 12:31,scheduledAction,scheduledAction,ITCMS,IT CMS
SD1864962,Closed,CMS Interaction,Pending Order,WFBB Order,3/25/2026 10:27,3/25/2026 13:00,scheduledAction,scheduledAction,ITCMS,IT CMS
SD1864964,Closed,CMS Interaction,UOMS,WFBB,3/25/2026 10:28,3/26/2026 5:04,Q511636,Q511636,Escalated Tickets ,BSS CRM
SD1864966,Closed,CMS Interaction,UOMS,Mobile,3/25/2026 10:31,3/25/2026 18:58,69130,69130,ITCMS,IT CMS
SD1864974,Closed,CMS Interaction,Pending Order,Mobile Postpaid,3/25/2026 10:36,3/25/2026 12:01,scheduledAction,scheduledAction,ITCMS,IT CMS
SD1864978,Closed,CMS Interaction,Pending Order,Mobile Postpaid,3/25/2026 10:38,3/25/2026 12:01,scheduledAction,scheduledAction,ITCMS,IT CMS
SD1864979,Closed,CMS Interaction,Pending Order,Mobile Postpaid,3/25/2026 10:39,3/25/2026 11:04,scheduledAction,scheduledAction,ITCMS,IT CMS
SD1864982,Closed,CMS Interaction,Pending Order,Fixed Voic and Data,3/25/2026 10:41,3/25/2026 12:01,scheduledAction,scheduledAction,ITCMS,IT CMS
SD1864983,Closed,CMS Interaction,Pending Order,WFBB Order,3/25/2026 10:42,3/26/2026 5:13,22674,22674,Escalated Tickets ,BSS RTCS
SD1864985,Closed,CMS Interaction,Pending Order,Mobile Prepaid,3/25/2026 10:46,3/25/2026 11:04,scheduledAction,scheduledAction,ITCMS,IT CMS
SD1864986,Closed,CMS Interaction,Pending Order,Mobile Postpaid,3/25/2026 10:48,3/25/2026 11:04,scheduledAction,scheduledAction,ITCMS,IT CMS
SD1864987,Closed,CMS Interaction,CRM,Other,3/25/2026 10:48,3/26/2026 5:20,11125603,11125603,ITCMS,IT CMS
SD1864988,Closed,CMS Interaction,Pending Order,Mobile Postpaid,3/25/2026 10:49,3/25/2026 11:34,scheduledAction,05766431,ITCMS,IT CMS
SD1864992,Closed,CMS Interaction,UOMS,Mobile,3/25/2026 10:50,3/25/2026 18:55,69130,69130,ITCMS,IT CMS
SD1864993,Closed,CMS Interaction,Pending Order,ITA order,3/25/2026 10:51,3/25/2026 12:01,scheduledAction,scheduledAction,ITCMS,IT CMS
SD1864995,Closed,CMS Interaction,Pending Order,Mobile Postpaid,3/25/2026 10:52,3/26/2026 5:21,Q511636,Q511636,Escalated Tickets ,BSS CRM
SD1864996,Closed,CMS Interaction,Pending Order,ITA order,3/25/2026 10:52,3/25/2026 12:01,scheduledAction,scheduledAction,ITCMS,IT CMS
SD1864997,Closed,CMS Interaction,Pending Order,Mobile Prepaid,3/25/2026 10:53,3/25/2026 12:01,scheduledAction,scheduledAction,ITCMS,IT CMS
SD1864998,Closed,CMS Interaction,Pending Order,ITA order,3/25/2026 10:53,3/25/2026 12:01,scheduledAction,scheduledAction,ITCMS,IT CMS
SD1864999,Closed,CMS Interaction,Pending Order,Mobile Postpaid,3/25/2026 10:53,3/25/2026 12:01,scheduledAction,scheduledAction,ITCMS,IT CMS
SD1865000,Closed,CMS Interaction,Pending Order,ITA order,3/25/2026 10:55,3/25/2026 11:34,scheduledAction,scheduledAction,ITCMS,IT CMS
SD1865001,Closed,CMS Interaction,BIP Billing,Bill Issue,3/25/2026 10:55,3/25/2026 13:35,L7990290,L7990290,Escalated Tickets ,BSS iPDF
SD1865002,Closed,CMS Interaction,Pending Order,Mobile Prepaid,3/25/2026 10:57,3/25/2026 12:01,scheduledAction,scheduledAction,ITCMS,IT CMS
SD1865003,Closed,CMS Interaction,Pending Order,Mobile Postpaid,3/25/2026 10:59,3/25/2026 13:00,scheduledAction,scheduledAction,ITCMS,IT CMS
SD1865004,Closed,CMS Interaction,Pending Order,Mobile Postpaid,3/25/2026 11:00,3/25/2026 12:01,scheduledAction,scheduledAction,ITCMS,IT CMS
SD1865005,Closed,CMS Interaction,Pending Order,Mobile Prepaid,3/25/2026 11:00,3/25/2026 16:50,37230,37230,ITCMS,IT CMS
SD1865006,Closed,CMS Interaction,Pending Order,Mobile Postpaid,3/25/2026 11:01,3/25/2026 16:49,37230,37230,ITCMS,IT CMS
SD1865007,Closed,CMS Interaction,Pending Order,Mobile Prepaid,3/25/2026 11:01,3/25/2026 16:48,37230,37230,ITCMS,IT CMS
SD1865008,Closed,CMS Interaction,Pending Order,Mobile Postpaid,3/25/2026 11:02,3/25/2026 12:01,scheduledAction,scheduledAction,ITCMS,IT CMS
SD1865010,Closed,CMS Interaction,Pending Order,Mobile Postpaid,3/25/2026 11:03,3/25/2026 12:01,scheduledAction,scheduledAction,ITCMS,IT CMS
SD1865012,Closed,CMS Interaction,Pending Order,Mobile Postpaid,3/25/2026 11:08,3/25/2026 11:34,scheduledAction,scheduledAction,ITCMS,IT CMS
SD1865013,Closed,CMS Interaction,Pending Order,Mobile Postpaid,3/25/2026 11:08,3/25/2026 13:01,scheduledAction,scheduledAction,ITCMS,IT CMS
SD1865014,Closed,CMS Interaction,Pending Order,Mobile Postpaid,3/25/2026 11:13,3/25/2026 12:01,scheduledAction,scheduledAction,ITCMS,IT CMS
SD1865016,Closed,CMS Interaction,Pending Order,Mobile Postpaid,3/25/2026 11:14,3/25/2026 12:01,scheduledAction,scheduledAction,ITCMS,IT CMS
SD1865017,Closed,CMS Interaction,Pending Order,Mobile Prepaid,3/25/2026 11:14,3/25/2026 11:34,scheduledAction,scheduledAction,ITCMS,IT CMS
SD1865018,Closed,CMS Interaction,Pending Order,Mobile Postpaid,3/25/2026 11:15,3/25/2026 12:31,scheduledAction,scheduledAction,ITCMS,IT CMS
SD1865019,Closed,CMS Interaction,Pending Order,Mobile Postpaid,3/25/2026 11:16,3/25/2026 12:01,scheduledAction,scheduledAction,ITCMS,IT CMS
SD1865020,Closed,CMS Interaction,Pending Order,Mobile Postpaid,3/25/2026 11:17,3/25/2026 12:01,scheduledAction,scheduledAction,ITCMS,IT CMS
SD1865021,Closed,CMS Interaction,Pending Order,Mobile Postpaid,3/25/2026 11:17,3/25/2026 11:34,scheduledAction,scheduledAction,ITCMS,IT CMS
SD1865022,Closed,CMS Interaction,Pending Order,Mobile Postpaid,3/25/2026 11:18,3/25/2026 13:01,scheduledAction,scheduledAction,ITCMS,IT CMS
SD1865023,Closed,CMS Interaction,Pending Order,Mobile Postpaid,3/25/2026 11:18,3/25/2026 13:01,scheduledAction,scheduledAction,ITCMS,IT CMS
SD1865024,Closed,CMS Interaction,Pending Order,WFBB Order,3/25/2026 11:19,3/25/2026 12:01,scheduledAction,scheduledAction,ITCMS,IT CMS
SD1865026,Closed,CMS Interaction,Pending Order,Mobile Postpaid,3/25/2026 11:20,3/25/2026 12:01,scheduledAction,scheduledAction,ITCMS,IT CMS
SD1865027,Closed,CMS Interaction,Pending Order,Mobile Postpaid,3/25/2026 11:21,3/25/2026 16:47,37230,37230,ITCMS,IT CMS
SD1865029,Closed,CMS Interaction,CRM,Other,3/25/2026 11:22,3/25/2026 17:05,37230,37230,ITCMS,IT CMS
SD1865030,Closed,CMS Interaction,UOMS,Mobile,3/25/2026 11:24,3/26/2026 6:15,19715928,19715928,Escalated Tickets ,ARBOR SUPPORT
SD1865031,Closed,CMS Interaction,Pending Order,Mobile Postpaid,3/25/2026 11:25,3/25/2026 13:01,scheduledAction,scheduledAction,ITCMS,IT CMS
SD1865032,Closed,CMS Interaction,POS and CMA,User Issue,3/25/2026 11:25,3/29/2026 5:42,X6410019,X6410019,Escalated Tickets ,BSS POS
SD1865033,Closed,CMS Interaction,Pending Order,ITA order,3/25/2026 11:25,3/25/2026 13:01,scheduledAction,scheduledAction,ITCMS,IT CMS
SD1865034,Closed,CMS Interaction,Pending Order,Mobile Postpaid,3/25/2026 11:26,3/25/2026 12:01,scheduledAction,scheduledAction,ITCMS,IT CMS
SD1865035,Closed,CMS Interaction,Pending Order,ITA order,3/25/2026 11:27,3/25/2026 12:01,scheduledAction,scheduledAction,ITCMS,IT CMS
SD1865036,Closed,CMS Interaction,Pending Order,Mobile Postpaid,3/25/2026 11:27,3/25/2026 13:01,scheduledAction,scheduledAction,ITCMS,IT CMS
SD1865040,Closed,CMS Interaction,Pending Order,Mobile Prepaid,3/25/2026 11:33,3/25/2026 13:01,scheduledAction,scheduledAction,ITCMS,IT CMS
SD1865041,Closed,CMS Interaction,Pending Order,Mobile Postpaid,3/25/2026 11:33,3/25/2026 12:02,scheduledAction,scheduledAction,ITCMS,IT CMS
SD1865042,Closed,CMS Interaction,Pending Order,Mobile Postpaid,3/25/2026 11:35,3/25/2026 12:02,scheduledAction,scheduledAction,ITCMS,IT CMS
SD1865045,Closed,CMS Interaction,CRM,Other,3/25/2026 11:38,3/25/2026 16:34,37230,37230,ITCMS,IT CMS
SD1865046,Closed,CMS Interaction,UOMS,Mobile,3/25/2026 11:39,3/25/2026 16:33,37230,37230,ITCMS,IT CMS
SD1865047,Closed,CMS Interaction,Pending Order,Fixed Voic and Data,3/25/2026 11:40,3/25/2026 12:31,scheduledAction,scheduledAction,ITCMS,IT CMS
SD1865048,Closed,CMS Interaction,Pending Order,Mobile Prepaid,3/25/2026 11:41,3/25/2026 13:01,scheduledAction,scheduledAction,ITCMS,IT CMS
SD1865050,Closed,CMS Interaction,Pending Order,Mobile Prepaid,3/25/2026 11:45,3/25/2026 12:31,scheduledAction,scheduledAction,ITCMS,IT CMS
SD1865051,Closed,CMS Interaction,Pending Order,Mobile Postpaid,3/25/2026 11:48,3/25/2026 12:02,scheduledAction,scheduledAction,ITCMS,IT CMS
SD1865052,Closed,CMS Interaction,Pending Order,Fixed Voic and Data,3/25/2026 11:49,3/25/2026 13:01,scheduledAction,scheduledAction,ITCMS,IT CMS
SD1865053,Closed,CMS Interaction,Pending Order,Mobile Postpaid,3/25/2026 11:51,3/25/2026 13:01,scheduledAction,scheduledAction,ITCMS,IT CMS
SD1865054,Closed,CMS Interaction,Pending Order,Mobile Postpaid,3/25/2026 11:52,3/25/2026 13:01,scheduledAction,scheduledAction,ITCMS,IT CMS
SD1865055,Closed,CMS Interaction,Pending Order,Mobile Postpaid,3/25/2026 11:57,3/25/2026 12:31,scheduledAction,scheduledAction,ITCMS,IT CMS
SD1865056,Closed,CMS Interaction,UOMS,Fixed Voic and Data,3/25/2026 12:00,3/26/2026 11:24,61495417,61495417,Escalated Tickets ,BSS RTCS
SD1865057,Closed,CMS Interaction,Pending Order,Mobile Prepaid,3/25/2026 12:01,3/25/2026 16:32,37230,37230,ITCMS,IT CMS
SD1865058,Closed,CMS Interaction,Pending Order,Fixed Voic and Data,3/25/2026 12:06,3/26/2026 7:24,12349939,69758,Escalated Tickets ,ARBOR SUPPORT
SD1865059,Closed,CMS Interaction,Pending Order,Fixed Voic and Data,3/25/2026 12:08,3/25/2026 16:46,37230,37230,ITCMS,IT CMS
SD1865060,Closed,CMS Interaction,Pending Order,Mobile Postpaid,3/25/2026 12:12,3/25/2026 13:01,scheduledAction,scheduledAction,ITCMS,IT CMS
SD1865061,Closed,CMS Interaction,Pending Order,Mobile Postpaid,3/25/2026 12:18,3/25/2026 13:01,scheduledAction,scheduledAction,ITCMS,IT CMS
SD1865062,Closed,CMS Interaction,Pending Order,Mobile Postpaid,3/25/2026 12:18,3/25/2026 13:01,scheduledAction,scheduledAction,ITCMS,IT CMS
SD1865063,Closed,CMS Interaction,UOMS,HBB,3/25/2026 12:19,3/26/2026 6:53,Q511636,Q511636,Escalated Tickets ,BSS CRM
SD1865064,Closed,CMS Interaction,Pending Order,Mobile Postpaid,3/25/2026 12:19,3/25/2026 13:01,scheduledAction,scheduledAction,ITCMS,IT CMS
SD1865065,Closed,CMS Interaction,CRM,Other,3/25/2026 12:21,3/25/2026 16:40,37230,37230,ITCMS,IT CMS
SD1865066,Closed,CMS Interaction,Pending Order,Mobile Postpaid,3/25/2026 12:26,3/25/2026 12:31,scheduledAction,scheduledAction,ITCMS,IT CMS
SD1865067,Closed,CMS Interaction,Pending Order,Mobile Postpaid,3/25/2026 12:26,3/25/2026 16:40,37230,37230,ITCMS,IT CMS
SD1865068,Closed,CMS Interaction,Pending Order,Mobile Postpaid,3/25/2026 12:27,3/25/2026 13:01,scheduledAction,scheduledAction,ITCMS,IT CMS
SD1865069,Closed,CMS Interaction,CRM,Other,3/25/2026 12:28,3/25/2026 16:53,37230,37230,ITCMS,IT CMS
SD1865070,Closed,CMS Interaction,Pending Order,Mobile Prepaid,3/25/2026 12:29,3/25/2026 16:39,37230,37230,ITCMS,IT CMS
SD1865071,Closed,CMS Interaction,Pending Order,Mobile Postpaid,3/25/2026 12:33,3/25/2026 16:37,37230,37230,ITCMS,IT CMS
SD1865072,Closed,CMS Interaction,POS and CMA,Reversal,3/25/2026 12:33,3/29/2026 5:44,X6410019,X6410019,Escalated Tickets ,BSS POS
SD1865073,Closed,CMS Interaction,Pending Order,Mobile Postpaid,3/25/2026 12:36,3/25/2026 13:01,scheduledAction,scheduledAction,ITCMS,IT CMS
SD1865074,Closed,CMS Interaction,POS and CMA,Reversal,3/25/2026 12:37,3/29/2026 7:52,X6410019,11125603,ITCMS,IT CMS
SD1865075,Closed,CMS Interaction,Pending Order,Mobile Postpaid,3/25/2026 12:40,3/25/2026 13:01,scheduledAction,scheduledAction,ITCMS,IT CMS
SD1865076,Closed,CMS Interaction,UOMS,Mobile,3/25/2026 13:01,3/25/2026 16:36,37230,37230,ITCMS,IT CMS
SD1865079,Closed,CMS Interaction,UOMS,Mobile,3/25/2026 13:07,3/25/2026 16:35,37230,37230,ITCMS,IT CMS
SD1865080,Closed,CMS Interaction,Pending Order,Mobile Prepaid,3/25/2026 13:13,3/30/2026 7:23,70699048,70699048,Escalated Tickets ,BSS Interface
SD1865082,Closed,CMS Interaction,UOMS,WFBB,3/25/2026 13:23,3/26/2026 4:04,12349939,12349939,Escalated Tickets ,ARBOR SUPPORT
SD1865083,Closed,CMS Interaction,UOMS,WFBB,3/25/2026 13:26,3/25/2026 16:45,37230,37230,ITCMS,IT CMS
SD1865084,Closed,CMS Interaction,RTCS,Short code and SMS,3/25/2026 13:52,3/25/2026 16:19,37230,37230,ITCMS,IT CMS
SD1865085,Closed,CMS Interaction,UOMS,PortOut/PortIN,3/25/2026 13:54,3/26/2026 6:45,Z6302499,Z6302499,Escalated Tickets ,OSS Mediation Support
SD1865086,Closed,CMS Interaction,RTCS,Short code and SMS,3/25/2026 14:26,3/25/2026 16:18,37230,37230,ITCMS,IT CMS
SD1865089,Closed,CMS Interaction,UOMS,Mobile,3/25/2026 14:46,3/26/2026 6:49,Z6302499,Z6302499,Escalated Tickets ,OSS Mediation Support
SD1865092,Closed,CMS Interaction,CRM,Realize Number Issue,3/25/2026 15:01,3/25/2026 16:17,37230,37230,ITCMS,IT CMS
SD1865093,Closed,CMS Interaction,Pending Order,ITA order,3/25/2026 15:07,3/29/2026 8:17,LR1995699,LR1995699,Escalated Tickets ,NEP Support
SD1865095,Closed,CMS Interaction,UOMS,Mobile,3/25/2026 15:11,3/25/2026 16:23,37230,37230,ITCMS,IT CMS
SD1865096,Closed,CMS Interaction,Pending Order,Mobile Postpaid,3/25/2026 15:12,3/25/2026 15:25,scheduledAction,scheduledAction,ITCMS,IT CMS
SD1865097,Closed,CMS Interaction,RTCS,Data Usage,3/25/2026 15:13,3/25/2026 16:21,37230,37230,ITCMS,IT CMS
SD1865098,Closed,CMS Interaction,CRM,Other,3/25/2026 15:14,3/25/2026 17:03,37230,37230,ITCMS,IT CMS
SD1865100,Closed,CMS Interaction,Pending Order,Fixed Voic and Data,3/25/2026 15:37,3/28/2026 6:31,scheduledAction,8.54905E+11,Escalated Tickets ,NEP Support
SD1865101,Closed,CMS Interaction,UOMS,HBB,3/25/2026 15:51,3/25/2026 17:02,37230,37230,ITCMS,IT CMS
SD1865102,Closed,CMS Interaction,Pending Order,Mobile Prepaid,3/25/2026 15:52,3/26/2026 7:08,05766431,05766431,ITCMS,IT CMS
SD1865103,Closed,CMS Interaction,UOMS,Mobile,3/25/2026 15:54,3/26/2026 6:52,Z6302499,Z6302499,Escalated Tickets ,OSS Mediation Support
SD1865104,Closed,CMS Interaction,UOMS,Mobile,3/25/2026 16:03,3/26/2026 7:19,Q511636,Q511636,Escalated Tickets ,BSS CRM
SD1865105,Closed,CMS Interaction,UOMS,Mobile,3/25/2026 16:07,3/26/2026 3:25,12349939,12349939,Escalated Tickets ,ARBOR SUPPORT
SD1865106,Closed,CMS Interaction,RTCS,Short code and SMS,3/25/2026 16:10,3/25/2026 16:51,37230,37230,ITCMS,IT CMS
SD1865107,Closed,CMS Interaction,RTCS,Short code and SMS,3/25/2026 16:11,3/25/2026 17:06,37230,37230,ITCMS,IT CMS
SD1865109,Closed,CMS Interaction,Pending Order,Mobile Prepaid,3/25/2026 16:14,3/26/2026 6:55,Z6302499,Z6302499,Escalated Tickets ,OSS Mediation Support
SD1865110,Closed,CMS Interaction,Pending Order,RTCS Failure,3/25/2026 16:22,3/26/2026 3:41,12349939,69758,Escalated Tickets ,ARBOR SUPPORT
SD1865111,Closed,CMS Interaction,Pending Order,Mobile Prepaid,3/25/2026 16:38,3/26/2026 5:29,70141,70141,Escalated Tickets ,BSS RTCS
SD1865112,Closed,CMS Interaction,UOMS,Mobile,3/25/2026 16:39,3/26/2026 6:58,Z6302499,Z6302499,Escalated Tickets ,OSS Mediation Support
SD1865113,Closed,CMS Interaction,Pending Order,Mobile Postpaid,3/25/2026 16:39,3/25/2026 18:24,scheduledAction,19715928,Escalated Tickets ,ARBOR SUPPORT
SD1865114,Closed,CMS Interaction,Pending Order,BIP Failure,3/25/2026 16:43,3/26/2026 5:38,11125603,11125603,ITCMS,IT CMS
SD1865116,Closed,CMS Interaction,UOMS,Mobile,3/25/2026 17:30,3/25/2026 17:50,37230,37230,ITCMS,IT CMS
SD1865118,Closed,CMS Interaction,RTCS,Short code and SMS,3/25/2026 17:53,3/25/2026 17:55,37230,37230,ITCMS,IT CMS
SD1865119,Closed,CMS Interaction,RTCS,Short code and SMS,3/25/2026 18:01,3/25/2026 18:48,69130,69130,ITCMS,IT CMS
SD1865121,Closed,CMS Interaction,ITA,ITA,3/25/2026 18:08,3/26/2026 7:00,Z6302499,Z6302499,Escalated Tickets ,OSS Mediation Support
SD1865122,Closed,CMS Interaction,UOMS,Mobile,3/25/2026 18:12,3/26/2026 6:17,Q511636,69758,Escalated Tickets ,ARBOR SUPPORT
SD1865123,Closed,CMS Interaction,RTCS,Data Usage,3/25/2026 18:49,3/25/2026 18:51,69130,69130,ITCMS,IT CMS
SD1865124,Closed,CMS Interaction,RTCS,Short code and SMS,3/25/2026 19:06,3/25/2026 19:37,69130,69130,ITCMS,IT CMS
SD1865127,Closed,CMS Interaction,Pending Order,Mobile Postpaid,3/25/2026 19:51,3/25/2026 20:19,scheduledAction,scheduledAction,ITCMS,IT CMS
SD1865128,Closed,CMS Interaction,Pending Order,Mobile Postpaid,3/25/2026 19:52,3/30/2026 7:23,scheduledAction,22674,Escalated Tickets ,BIP Billing
SD1865129,Closed,CMS Interaction,RTCS,Data Usage,3/25/2026 20:02,3/25/2026 20:23,69130,69130,ITCMS,IT CMS
SD1865130,Closed,CMS Interaction,Pending Order,Mobile Postpaid,3/25/2026 21:13,3/27/2026 17:33,S630048,S630048,Escalated Tickets ,ARBOR SUPPORT
SD1865131,Closed,CMS Interaction,CRM,No Data Found,3/25/2026 21:30,3/26/2026 7:56,05766431,05766431,ITCMS,IT CMS
SD1865132,Resolved,CMS Interaction,UOMS,Mobile,3/25/2026 21:41,4/9/2026 7:55,38015,38015,Digital CICM L1 Support,Digital CICM L1 Support
SD1865133,Resolved,CMS Interaction,CRM,No Data Found,3/25/2026 21:47,4/9/2026 7:53,38015,70462,Digital CICM L1 Support,Digital CICM L1 Support
SD1865134,Closed,CMS Interaction,BIP Billing,Sample Bills,3/26/2026 3:00,3/26/2026 8:51,L7990290,L7990290,Escalated Tickets ,BSS iPDF
SD1865135,Closed,CMS Interaction,CRM,Realize Number Issue,3/26/2026 3:07,3/26/2026 8:28,11125603,11125603,ITCMS,IT CMS
SD1865208,Closed,CMS Interaction,CRM,Other,3/26/2026 3:40,3/27/2026 17:38,S630048,S630048,Escalated Tickets ,ARBOR SUPPORT
SD1865231,Closed,CMS Interaction,RTCS,Data Usage,3/26/2026 3:49,3/26/2026 7:02,Z6302499,Z6302499,Escalated Tickets ,OSS Mediation Support
SD1865262,Closed,CMS Interaction,Pending Order,MPLS order,3/26/2026 4:01,3/31/2026 6:54,scheduledAction,scheduledAction,Activation Support,Activation Support
SD1865263,Assign,CMS Interaction,Pending Order,MPLS order,3/26/2026 4:01,,,,Activation Support,Activation Support
SD1865264,Closed,CMS Interaction,Pending Order,MPLS order,3/26/2026 4:01,3/30/2026 7:23,scheduledAction,scheduledAction,Activation Support,Activation Support
SD1865266,Assign,CMS Interaction,Pending Order,MPLS order,3/26/2026 4:01,,,,Activation Support,Activation Support
SD1865267,Closed,CMS Interaction,Pending Order,MPLS order,3/26/2026 4:01,3/26/2026 4:27,scheduledAction,scheduledAction,Activation Support,Activation Support
SD1865268,Closed,CMS Interaction,Pending Order,MPLS order,3/26/2026 4:02,3/26/2026 5:56,scheduledAction,69509,Activation Support,Activation Support
SD1865269,Closed,CMS Interaction,Pending Order,MPLS order,3/26/2026 4:02,3/31/2026 10:45,scheduledAction,16538,Activation Support,Activation Support
SD1865270,Closed,CMS Interaction,Pending Order,MPLS order,3/26/2026 4:02,3/26/2026 6:22,scheduledAction,69509,Activation Support,Activation Support
SD1865272,Closed,CMS Interaction,Pending Order,MPLS order,3/26/2026 4:02,3/30/2026 15:14,scheduledAction,69509,Activation Support,Activation Support
SD1865273,Closed,CMS Interaction,Pending Order,MPLS order,3/26/2026 4:02,3/26/2026 5:56,scheduledAction,95809,Activation Support,Activation Support
SD1865274,Closed,CMS Interaction,Pending Order,MPLS order,3/26/2026 4:02,3/26/2026 10:48,scheduledAction,69509,Activation Support,Activation Support
SD1865275,Closed,CMS Interaction,Pending Order,MPLS order,3/26/2026 4:02,3/28/2026 7:02,scheduledAction,95809,Activation Support,Activation Support
SD1865276,Closed,CMS Interaction,Pending Order,MPLS order,3/26/2026 4:02,3/31/2026 8:01,scheduledAction,95809,Activation Support,Activation Support
SD1865278,Closed,CMS Interaction,Pending Order,MPLS order,3/26/2026 4:02,3/29/2026 8:24,scheduledAction,95809,Activation Support,Activation Support
SD1865279,Closed,CMS Interaction,Pending Order,MPLS order,3/26/2026 4:02,4/2/2026 9:03,scheduledAction,69509,Activation Support,Activation Support
SD1865280,Assign,CMS Interaction,Pending Order,MPLS order,3/26/2026 4:02,,,,Activation Support,Activation Support
SD1865281,Closed,CMS Interaction,Pending Order,MPLS order,3/26/2026 4:02,4/3/2026 10:27,scheduledAction,69509,Activation Support,Activation Support
SD1865282,Closed,CMS Interaction,Pending Order,MPLS order,3/26/2026 4:03,3/31/2026 5:22,scheduledAction,95809,Activation Support,Activation Support
SD1865284,Closed,CMS Interaction,Pending Order,MPLS order,3/26/2026 4:03,3/30/2026 10:04,scheduledAction,95809,Activation Support,Activation Support
SD1865285,Assign,CMS Interaction,Pending Order,MPLS order,3/26/2026 4:03,,,,Activation Support,Activation Support
SD1865300,Closed,CMS Interaction,POS and CMA,User Issue,3/26/2026 4:17,3/26/2026 5:25,69566,69566,ITCMS,IT CMS
SD1865302,Closed,CMS Interaction,Pending Order,RTCS Failure,3/26/2026 4:33,3/26/2026 10:36,LR1995699,LR1995699,Escalated Tickets ,NEP Support
SD1865304,Closed,CMS Interaction,Pending Order,Fixed Voic and Data,3/26/2026 4:38,3/26/2026 5:34,11125603,11125603,ITCMS,IT CMS
SD1865307,Closed,CMS Interaction,CRM,Other,3/26/2026 4:47,3/26/2026 5:43,69566,69566,ITCMS,IT CMS
SD1865308,Closed,CMS Interaction,UOMS,Mobile,3/26/2026 4:48,3/26/2026 5:15,19715928,19715928,Escalated Tickets ,ARBOR SUPPORT
SD1865312,Closed,CMS Interaction,Pending Order,Fixed Voic and Data,3/26/2026 5:02,3/26/2026 6:23,scheduledAction,LR1995699,Escalated Tickets ,NEP Support
SD1865313,Closed,CMS Interaction,UOMS,Mobile,3/26/2026 5:04,3/26/2026 5:49,69566,69566,ITCMS,IT CMS
SD1865315,Closed,CMS Interaction,UOMS,Mobile,3/26/2026 5:07,3/26/2026 5:47,69566,69566,ITCMS,IT CMS
SD1865316,Closed,CMS Interaction,Pending Order,Fixed Voic and Data,3/26/2026 5:09,3/26/2026 5:56,scheduledAction,W0213873,Escalated Tickets ,NEP Support
SD1865318,Closed,CMS Interaction,Pending Order,Mobile Postpaid,3/26/2026 5:13,3/30/2026 7:23,scheduledAction,70699048,Escalated Tickets ,BSS Interface
SD1865322,Closed,CMS Interaction,DDMS,DDMS Interface,3/26/2026 5:18,4/1/2026 10:33,P1832151,69574,Escalated Tickets ,BSS DDMS
SD1865323,Closed,CMS Interaction,Pending Order,Mobile Prepaid,3/26/2026 5:17,3/26/2026 7:06,Z6302499,Z6302499,Escalated Tickets ,OSS Mediation Support
SD1865328,Closed,CMS Interaction,Pending Order,BIP Failure,3/26/2026 5:31,3/26/2026 5:56,scheduledAction,11125603,ITCMS,IT CMS
SD1865337,Closed,CMS Interaction,Pending Order,Fixed Voic and Data,3/26/2026 5:57,3/26/2026 6:06,05766431,05766431,ITCMS,IT CMS
SD1865338,Closed,CMS Interaction,Pending Order,Mobile Postpaid,3/26/2026 5:58,3/26/2026 6:00,05766431,05766431,ITCMS,IT CMS
SD1865342,Closed,CMS Interaction,Pending Order,Fixed Voic and Data,3/26/2026 6:05,3/26/2026 7:01,05766431,05766431,ITCMS,IT CMS
SD1865345,Closed,CMS Interaction,CRM,Other,3/26/2026 6:11,3/27/2026 17:46,S630048,S630048,Escalated Tickets ,ARBOR SUPPORT
SD1865354,Closed,CMS Interaction,Pending Order,BIP Failure,3/26/2026 6:25,4/6/2026 9:24,W0213873,8.54905E+11,Escalated Tickets ,NEP Support
SD1865355,Closed,CMS Interaction,UOMS,Fixed Voic and Data,3/26/2026 6:26,3/26/2026 6:58,05766431,05766431,ITCMS,IT CMS
SD1865361,Closed,CMS Interaction,BIP Billing,Bill Issue,3/26/2026 6:41,3/26/2026 8:30,19715928,19715928,Escalated Tickets ,ARBOR SUPPORT
SD1865362,Closed,CMS Interaction,UOMS,Fixed Voic and Data,3/26/2026 6:44,4/1/2026 9:41,3P00819,3P00819,Escalated Tickets ,Digital CICM Support
SD1865364,Closed,CMS Interaction,CRM,Other,3/26/2026 6:45,3/26/2026 7:31,12349939,69758,Escalated Tickets ,ARBOR SUPPORT
SD1865369,Closed,CMS Interaction,CRM,Other,3/26/2026 6:50,3/29/2026 5:07,Q511636,X6410019,Escalated Tickets ,BSS CRM
SD1865372,Closed,CMS Interaction,RTCS,Short code and SMS,3/26/2026 6:51,4/5/2026 11:29,69566,69566,ITCMS,IT CMS
SD1865378,Closed,CMS Interaction,CRM,Other,3/26/2026 6:53,3/26/2026 11:19,S630048,S630048,Escalated Tickets ,ARBOR SUPPORT
SD1865380,Closed,CMS Interaction,Pending Order,Mobile Postpaid,3/26/2026 6:54,3/26/2026 6:55,05766431,05766431,ITCMS,IT CMS
SD1865381,Closed,CMS Interaction,BIP Billing,Others,3/26/2026 6:54,3/31/2026 4:20,69577,69577,ITCMS,IT CMS
SD1865384,Closed,CMS Interaction,Pending Order,Mobile Prepaid,3/26/2026 6:59,3/26/2026 7:08,Z6302499,Z6302499,Escalated Tickets ,OSS Mediation Support
SD1865385,Closed,CMS Interaction,Pending Order,Mobile Prepaid,3/26/2026 7:00,3/26/2026 7:03,05766431,05766431,ITCMS,IT CMS
SD1865388,Closed,CMS Interaction,Pending Order,Fixed Voic and Data,3/26/2026 7:08,3/26/2026 7:12,05766431,05766431,ITCMS,IT CMS
SD1865391,Closed,CMS Interaction,ITA,ITA,3/26/2026 7:12,3/28/2026 8:11,S630048,S630048,Escalated Tickets ,ARBOR SUPPORT
SD1865392,Closed,CMS Interaction,Pending Order,Fixed Voic and Data,3/26/2026 7:13,3/29/2026 8:19,LR1995699,LR1995699,Escalated Tickets ,NEP Support
SD1865393,Closed,CMS Interaction,CRM,Other,3/26/2026 7:15,3/26/2026 11:15,S630048,S630048,Escalated Tickets ,ARBOR SUPPORT
SD1865395,Closed,CMS Interaction,Preorder Issue,Others,3/26/2026 7:21,3/26/2026 8:07,69566,69566,ITCMS,IT CMS
SD1865402,Closed,CMS Interaction,RTCS,Short code and SMS,3/26/2026 7:36,3/29/2026 7:57,11125603,11125603,ITCMS,IT CMS
SD1865403,Closed,CMS Interaction,Pending Order,Mobile Postpaid,3/26/2026 7:37,3/26/2026 7:51,05766431,05766431,ITCMS,IT CMS
SD1865404,Closed,CMS Interaction,CRM,Other,3/26/2026 7:38,3/26/2026 7:54,05766431,05766431,ITCMS,IT CMS
SD1865411,Closed,CMS Interaction,Pending Order,WFBB Order,3/26/2026 7:48,3/26/2026 7:52,05766431,05766431,ITCMS,IT CMS
SD1865413,Closed,CMS Interaction,POS and CMA,Reversal,3/26/2026 7:51,3/29/2026 7:58,11125603,11125603,ITCMS,IT CMS
SD1865418,Closed,CMS Interaction,Pending Order,Fesibility Check Failure,3/26/2026 8:01,3/28/2026 6:12,19715928,19715928,Escalated Tickets ,ARBOR SUPPORT
SD1865420,Closed,CMS Interaction,RTCS,Short code and SMS,3/26/2026 8:04,3/26/2026 8:06,69130,69130,ITCMS,IT CMS
SD1865421,Closed,CMS Interaction,CRM,Other,3/26/2026 8:06,3/29/2026 8:40,11125603,11125603,ITCMS,IT CMS
SD1865422,Closed,CMS Interaction,POS and CMA,Reversal,3/26/2026 8:07,3/29/2026 8:16,X6410019,X6410019,Escalated Tickets ,BSS POS
SD1865423,Closed,CMS Interaction,BIP Billing,Sample Bills,3/26/2026 8:08,3/26/2026 10:12,L7990290,L7990290,Escalated Tickets ,BSS iPDF
SD1865426,Closed,CMS Interaction,CRM,Other,3/26/2026 8:13,3/29/2026 8:00,11125603,11125603,ITCMS,IT CMS
SD1865427,Closed,CMS Interaction,CRM,No Data Found,3/26/2026 8:13,3/30/2026 8:03,70141,70141,Escalated Tickets ,BSS RTCS
SD1865430,Closed,CMS Interaction,Pending Order,RTCS Failure,3/26/2026 8:17,3/26/2026 8:22,scheduledAction,scheduledAction,ITCMS,IT CMS
SD1865437,Closed,CMS Interaction,POS and CMA,Reversal,3/26/2026 8:49,3/26/2026 10:07,05766431,05766431,ITCMS,IT CMS
SD1865439,Closed,CMS Interaction,RTCS,Data Usage,3/26/2026 8:27,3/26/2026 12:46,22674,22674,Escalated Tickets ,BSS RTCS
SD1865441,Closed,CMS Interaction,Pending Order,Mobile Postpaid,3/26/2026 8:32,3/29/2026 8:03,11125603,11125603,ITCMS,IT CMS
SD1865447,Closed,CMS Interaction,Pending Order,Mobile Prepaid,3/26/2026 8:46,3/26/2026 8:48,69470,69470,ITCMS,IT CMS
SD1865448,Closed,CMS Interaction,Pending Order,Fixed Voic and Data,3/26/2026 8:48,4/1/2026 9:40,LR1995699,LR1995699,Escalated Tickets ,NEP Support
SD1865451,Closed,CMS Interaction,UOMS,Fixed Voic and Data,3/26/2026 8:52,3/28/2026 7:52,37230,37230,ITCMS,IT CMS
SD1865452,Closed,CMS Interaction,Pending Order,Mobile Postpaid,3/26/2026 8:53,3/26/2026 9:40,Z6302499,Z6302499,Escalated Tickets ,OSS Mediation Support
SD1865453,Closed,CMS Interaction,UOMS,Fixed Voic and Data,3/26/2026 8:55,3/29/2026 11:47,19715928,19715928,Escalated Tickets ,ARBOR SUPPORT
SD1865454,Closed,CMS Interaction,BIP Billing,Bill Amount Mismatch,3/26/2026 8:58,3/29/2026 5:07,J2226589,J2226589,Escalated Tickets ,BIP Billing
SD1865455,Closed,CMS Interaction,Pending Order,Mobile Postpaid,3/26/2026 8:59,3/26/2026 9:07,05766431,05766431,ITCMS,IT CMS
SD1865460,Closed,CMS Interaction,Pending Order,RTCS Failure,3/26/2026 9:08,3/26/2026 10:04,05766431,05766431,ITCMS,IT CMS
SD1865462,Closed,CMS Interaction,Pending Order,Fixed Voic and Data,3/26/2026 9:10,3/26/2026 10:03,05766431,05766431,ITCMS,IT CMS
SD1865464,Closed,CMS Interaction,POS and CMA,Reversal,3/26/2026 9:11,3/29/2026 8:34,69566,69566,ITCMS,IT CMS
SD1865468,Closed,CMS Interaction,POS and CMA,Reversal,3/26/2026 9:13,3/30/2026 2:59,X6410019,X6410019,Escalated Tickets ,BSS POS
SD1865471,Closed,CMS Interaction,Pending Order,Mobile Prepaid,3/26/2026 9:14,3/26/2026 9:19,scheduledAction,scheduledAction,ITCMS,IT CMS
SD1865476,Pending Billing,CMS Interaction,CRM,Other,3/26/2026 9:18,,,T3741892,BSS UMAS,BSS UMAS
SD1865487,Closed,CMS Interaction,Pending Order,Mobile Postpaid,3/26/2026 9:27,3/26/2026 9:47,05766431,05766431,ITCMS,IT CMS
SD1865489,Closed,CMS Interaction,UOMS,Mobile,3/26/2026 9:28,3/26/2026 10:08,05766431,05766431,ITCMS,IT CMS
SD1865493,Closed,CMS Interaction,Pending Order,RTCS Failure,3/26/2026 9:32,3/29/2026 8:29,LR1995699,LR1995699,Escalated Tickets ,NEP Support
SD1865498,Pending Requestor,CMS Interaction,CRM,Realize Number Issue,3/26/2026 9:33,,,X2503096,Escalated Tickets ,OSS ESB Support
SD1865499,Closed,CMS Interaction,Pending Order,Fixed Voic and Data,3/26/2026 9:33,3/26/2026 9:49,05766431,05766431,ITCMS,IT CMS
SD1865503,Closed,CMS Interaction,Pending Order,BIP Failure,3/26/2026 9:35,3/26/2026 12:54,Z6302499,Z6302499,Escalated Tickets ,OSS Mediation Support
SD1865506,Closed,CMS Interaction,CRM,Other,3/26/2026 9:36,3/29/2026 5:23,05766431,05766431,ITCMS,IT CMS
SD1865508,Closed,CMS Interaction,CRM,Other,3/26/2026 9:37,3/30/2026 13:24,X6410019,X6410019,Escalated Tickets ,BSS CRM
SD1865514,Closed,CMS Interaction,Pending Order,Fixed Voic and Data,3/26/2026 9:40,3/26/2026 9:52,05766431,05766431,ITCMS,IT CMS
SD1865516,Closed,CMS Interaction,UOMS,Mobile,3/26/2026 9:42,3/29/2026 7:11,69566,69566,ITCMS,IT CMS
SD1865524,Closed,CMS Interaction,CRM,Other,3/26/2026 9:50,3/26/2026 9:56,05766431,05766431,ITCMS,IT CMS
SD1865526,Closed,CMS Interaction,UOMS,WFBB,3/26/2026 9:52,3/26/2026 9:57,05766431,05766431,ITCMS,IT CMS
SD1865527,Closed,CMS Interaction,RTCS,Data Usage,3/26/2026 9:54,3/29/2026 5:14,70141,70141,Escalated Tickets ,BSS RTCS
SD1865528,Closed,CMS Interaction,CRM,CRM Down,3/26/2026 9:54,3/26/2026 10:27,05766431,05766431,ITCMS,IT CMS
SD1865529,Closed,CMS Interaction,CRM,No Data Found,3/26/2026 9:56,3/29/2026 5:22,05766431,05766431,ITCMS,IT CMS
SD1865531,Closed,CMS Interaction,Pending Order,Mobile Postpaid,3/26/2026 9:59,3/26/2026 11:19,scheduledAction,Z6302499,Escalated Tickets ,OSS Mediation Support
SD1865532,Closed,CMS Interaction,CRM,Other,3/26/2026 10:03,3/26/2026 10:13,05766431,05766431,ITCMS,IT CMS
SD1865535,Closed,CMS Interaction,CRM,Other,3/26/2026 10:00,3/26/2026 10:47,05766431,05766431,ITCMS,IT CMS
SD1865537,Closed,CMS Interaction,RTCS,Data Usage,3/26/2026 10:03,4/6/2026 11:23,W0213873,LR1995699,Escalated Tickets ,NEP Support
SD1865538,Closed,CMS Interaction,UOMS,Mobile,3/26/2026 10:04,3/26/2026 10:42,19715928,19715928,Escalated Tickets ,ARBOR SUPPORT
SD1865545,Closed,CMS Interaction,UOMS,HBB,3/26/2026 10:13,3/26/2026 18:23,37230,37230,ITCMS,IT CMS
SD1865552,Closed,CMS Interaction,Pending Order,Fixed Voic and Data,3/26/2026 10:15,3/26/2026 17:24,37230,37230,ITCMS,IT CMS
SD1865560,Closed,CMS Interaction,Pending Order,Fixed Voic and Data,3/26/2026 10:17,3/26/2026 13:17,69130,69130,ITCMS,IT CMS
SD1865585,Closed,CMS Interaction,Pending Order,Mobile Postpaid,3/26/2026 10:37,3/26/2026 11:19,69566,69566,ITCMS,IT CMS
SD1865587,Closed,CMS Interaction,Pending Order,ITA order,3/26/2026 10:39,3/26/2026 11:17,69566,69566,ITCMS,IT CMS
SD1865592,Closed,CMS Interaction,Pending Order,Mobile Prepaid,3/26/2026 10:44,3/26/2026 11:16,69566,69566,ITCMS,IT CMS
SD1865593,Closed,CMS Interaction,Pending Order,Mobile Prepaid,3/26/2026 10:45,3/26/2026 11:14,69566,69566,ITCMS,IT CMS
SD1865596,Closed,CMS Interaction,RTCS,Data Usage,3/26/2026 10:46,3/26/2026 13:14,69130,69130,ITCMS,IT CMS
SD1865601,Closed,CMS Interaction,CRM,Other,3/26/2026 10:48,3/30/2026 13:29,X6410019,X6410019,Escalated Tickets ,BSS CRM
SD1865602,Closed,CMS Interaction,CRM,Other,3/26/2026 10:49,3/26/2026 11:13,69566,69566,ITCMS,IT CMS
SD1865603,Closed,CMS Interaction,CRM,Other,3/26/2026 10:51,3/26/2026 11:12,69566,69566,ITCMS,IT CMS
SD1865605,Closed,CMS Interaction,UOMS,Fixed Voic and Data,3/26/2026 10:51,3/30/2026 13:31,X6410019,X6410019,Escalated Tickets ,BSS CRM
SD1865607,Closed,CMS Interaction,Pending Order,Mobile Postpaid,3/26/2026 10:52,3/26/2026 11:09,69566,69566,ITCMS,IT CMS
SD1865609,Closed,CMS Interaction,Pending Order,Mobile Postpaid,3/26/2026 10:57,3/26/2026 11:08,69566,69566,ITCMS,IT CMS
SD1865610,Closed,CMS Interaction,BIP Billing,Bill Issue,3/26/2026 10:59,3/29/2026 5:10,J2226589,J2226589,Escalated Tickets ,BIP Billing
SD1865614,Closed,CMS Interaction,UOMS,Mobile,3/26/2026 11:22,3/30/2026 13:33,X6410019,X6410019,Escalated Tickets ,BSS CRM
SD1865617,Closed,CMS Interaction,Pending Order,Fixed Voic and Data,3/26/2026 11:26,3/28/2026 6:22,19715928,19715928,Escalated Tickets ,ARBOR SUPPORT
SD1865618,Closed,CMS Interaction,BIP Billing,Collection,3/26/2026 11:27,3/26/2026 13:08,69130,69130,ITCMS,IT CMS
SD1865619,Closed,CMS Interaction,BIP Billing,Collection,3/26/2026 11:31,3/26/2026 13:07,69130,69130,ITCMS,IT CMS
SD1865620,Closed,CMS Interaction,RTCS,Short code and SMS,3/26/2026 11:33,3/26/2026 12:06,69130,69130,ITCMS,IT CMS
SD1865621,Closed,CMS Interaction,Pending Order,Fixed Voic and Data,3/26/2026 11:33,3/26/2026 12:04,69130,69130,ITCMS,IT CMS
SD1865622,Closed,CMS Interaction,BIP Billing,Collection,3/26/2026 11:34,3/26/2026 12:03,69130,69130,ITCMS,IT CMS
SD1865623,Closed,CMS Interaction,Pending Order,Fixed Voic and Data,3/26/2026 11:35,3/26/2026 17:21,37230,37230,ITCMS,IT CMS
SD1865634,Closed,CMS Interaction,Pending Order,Fixed Voic and Data,3/26/2026 11:53,3/26/2026 12:02,69130,69130,ITCMS,IT CMS
SD1865635,Closed,CMS Interaction,UOMS,WFBB,3/26/2026 11:57,3/30/2026 13:35,X6410019,X6410019,Escalated Tickets ,BSS CRM
SD1865636,Closed,CMS Interaction,UOMS,Mobile,3/26/2026 12:03,3/26/2026 13:00,69130,69130,ITCMS,IT CMS
SD1865638,Closed,CMS Interaction,RTCS,Data Usage,3/26/2026 12:11,3/30/2026 5:13,11125603,11125603,ITCMS,IT CMS
SD1865639,Closed,CMS Interaction,UOMS,Connectivity Solutions,3/26/2026 12:12,3/29/2026 8:15,19715928,19715928,Escalated Tickets ,ARBOR SUPPORT
SD1865640,Closed,CMS Interaction,BIP Billing,Bill Issue,3/26/2026 12:13,3/29/2026 7:14,J2226589,J2226589,Escalated Tickets ,BIP Billing
SD1865641,Closed,CMS Interaction,Pending Order,Mobile Prepaid,3/26/2026 12:14,3/26/2026 12:58,69130,69130,ITCMS,IT CMS
SD1865642,Closed,CMS Interaction,UOMS,WFBB,3/26/2026 12:23,3/26/2026 12:57,69130,69130,ITCMS,IT CMS
SD1865643,Closed,CMS Interaction,Pending Order,Fixed Voic and Data,3/26/2026 12:23,3/26/2026 12:53,69130,69130,ITCMS,IT CMS
SD1865644,Closed,CMS Interaction,UOMS,Fixed Voic and Data,3/26/2026 12:25,3/26/2026 12:51,69130,69130,ITCMS,IT CMS
SD1865645,Closed,CMS Interaction,Pending Order,BIP Failure,3/26/2026 12:27,3/26/2026 17:32,37230,37230,ITCMS,IT CMS
SD1865646,Closed,CMS Interaction,Pending Order,Fixed Voic and Data,3/26/2026 12:28,3/26/2026 17:19,37230,37230,ITCMS,IT CMS
SD1865647,Closed,CMS Interaction,Pending Order,Fixed Voic and Data,3/26/2026 12:31,3/26/2026 12:48,69130,69130,ITCMS,IT CMS
SD1865648,Closed,CMS Interaction,RTCS,Short code and SMS,3/26/2026 12:38,3/26/2026 12:47,69130,69130,ITCMS,IT CMS
SD1865649,Closed,CMS Interaction,Pending Order,Mobile Prepaid,3/26/2026 12:54,3/30/2026 7:23,scheduledAction,12349939,Escalated Tickets ,ARBOR SUPPORT
SD1865651,Closed,CMS Interaction,Pending Order,Mobile Prepaid,3/26/2026 12:57,3/26/2026 17:18,37230,37230,ITCMS,IT CMS
SD1865653,Closed,CMS Interaction,CRM,Other,3/26/2026 13:08,3/26/2026 13:38,69130,69130,ITCMS,IT CMS
SD1865654,Closed,CMS Interaction,POS and CMA,Reversal,3/26/2026 13:16,3/30/2026 2:50,X6410019,X6410019,Escalated Tickets ,BSS POS
SD1865655,Closed,CMS Interaction,Pending Order,Fixed Voic and Data,3/26/2026 13:17,3/26/2026 17:16,37230,37230,ITCMS,IT CMS
SD1865656,Closed,CMS Interaction,ITA,ITA,3/26/2026 13:18,3/30/2026 13:37,X6410019,X6410019,Escalated Tickets ,BSS CRM
SD1865658,Closed,CMS Interaction,Pending Order,Mobile Postpaid,3/26/2026 13:21,3/26/2026 14:14,scheduledAction,scheduledAction,ITCMS,IT CMS
SD1865659,Closed,CMS Interaction,CRM,Other,3/26/2026 13:28,3/26/2026 18:26,37230,37230,ITCMS,IT CMS
SD1865664,Closed,CMS Interaction,Pending Order,Mobile Prepaid,3/26/2026 13:44,3/26/2026 17:29,37230,37230,ITCMS,IT CMS
SD1865665,Closed,CMS Interaction,Pending Order,WFBB Order,3/26/2026 13:58,3/28/2026 7:58,S630048,S630048,Escalated Tickets ,ARBOR SUPPORT
SD1865666,Closed,CMS Interaction,Pending Order,Mobile Postpaid,3/26/2026 14:02,3/29/2026 8:25,Z6302499,Z6302499,Escalated Tickets ,OSS Mediation Support
SD1865667,Closed,CMS Interaction,Pending Order,ITA order,3/26/2026 14:02,3/31/2026 6:21,scheduledAction,W0213873,Escalated Tickets ,NEP Support
SD1865668,Closed,CMS Interaction,CRM,Other,3/26/2026 14:06,3/29/2026 6:40,71009,71009,Escalated Tickets ,OSS Mediation Support
SD1865669,Closed,CMS Interaction,CRM,Other,3/26/2026 14:09,3/30/2026 13:38,X6410019,X6410019,Escalated Tickets ,BSS CRM
SD1865670,Closed,CMS Interaction,UOMS,PortOut/PortIN,3/26/2026 14:10,3/26/2026 17:26,37230,37230,ITCMS,IT CMS
SD1865671,Closed,CMS Interaction,CRM,Other,3/26/2026 14:12,3/28/2026 7:53,S630048,S630048,Escalated Tickets ,ARBOR SUPPORT
SD1865674,Closed,CMS Interaction,RTCS,Short code and SMS,3/26/2026 14:31,3/26/2026 17:07,37230,37230,ITCMS,IT CMS
SD1865676,Closed,CMS Interaction,RTCS,Data Usage,3/26/2026 14:38,3/29/2026 8:06,11125603,11125603,ITCMS,IT CMS
SD1865677,Closed,CMS Interaction,Pending Order,Mobile Postpaid,3/26/2026 14:39,3/26/2026 15:10,scheduledAction,scheduledAction,ITCMS,IT CMS
SD1865678,Closed,CMS Interaction,RTCS,Short code and SMS,3/26/2026 14:42,3/26/2026 17:06,37230,37230,ITCMS,IT CMS
SD1865679,Closed,CMS Interaction,UOMS,WFBB,3/26/2026 14:46,3/28/2026 7:47,S630048,S630048,Escalated Tickets ,ARBOR SUPPORT
SD1865680,Closed,CMS Interaction,CRM,No Data Found,3/26/2026 14:56,3/26/2026 17:05,37230,37230,ITCMS,IT CMS
SD1865681,Closed,CMS Interaction,CRM,Other,3/26/2026 14:57,3/26/2026 17:48,37230,37230,ITCMS,IT CMS
SD1865682,Closed,CMS Interaction,Pending Order,WFBB Order,3/26/2026 15:12,3/29/2026 8:07,19715928,19715928,Escalated Tickets ,ARBOR SUPPORT
SD1865684,Closed,CMS Interaction,Pending Order,Mobile Prepaid,3/26/2026 15:19,3/26/2026 17:44,37230,37230,ITCMS,IT CMS
SD1865685,Closed,CMS Interaction,CRM,Other,3/26/2026 15:20,3/26/2026 18:14,37230,37230,ITCMS,IT CMS
SD1865686,Closed,CMS Interaction,Pending Order,Mobile Prepaid,3/26/2026 15:25,3/26/2026 17:42,37230,37230,ITCMS,IT CMS
SD1865687,Closed,CMS Interaction,Pending Order,RTCS Failure,3/26/2026 15:28,3/26/2026 17:41,37230,37230,ITCMS,IT CMS
SD1865689,Closed,CMS Interaction,UOMS,Mobile,3/26/2026 15:29,3/26/2026 17:12,37230,37230,ITCMS,IT CMS
SD1865690,Closed,CMS Interaction,UOMS,Mobile,3/26/2026 15:29,3/29/2026 6:38,71009,71009,Escalated Tickets ,OSS Mediation Support
SD1865691,Closed,CMS Interaction,UOMS,Mobile,3/26/2026 15:30,3/26/2026 18:13,37230,37230,ITCMS,IT CMS
SD1865693,Closed,CMS Interaction,CRM,Other,3/26/2026 15:39,3/30/2026 13:40,X6410019,X6410019,Escalated Tickets ,BSS CRM
SD1865696,Closed,CMS Interaction,UOMS,Mobile,3/26/2026 15:47,3/29/2026 10:09,70274,70274,Escalated Tickets ,OSS Mediation Support
SD1865698,Closed,CMS Interaction,Pending Order,Fixed Voic and Data,3/26/2026 16:01,3/26/2026 16:59,37230,37230,ITCMS,IT CMS
SD1865699,Closed,CMS Interaction,Pending Order,Mobile Postpaid,3/26/2026 16:01,3/26/2026 17:39,37230,37230,ITCMS,IT CMS
SD1865700,Closed,CMS Interaction,Pending Order,Mobile Prepaid,3/26/2026 16:04,3/26/2026 17:38,37230,37230,ITCMS,IT CMS
SD1865701,Closed,CMS Interaction,RTCS,Short code and SMS,3/26/2026 16:08,3/26/2026 17:10,37230,37230,ITCMS,IT CMS
SD1865702,Closed,CMS Interaction,ITA,ITA,3/26/2026 16:11,3/26/2026 17:09,37230,37230,ITCMS,IT CMS
SD1865703,Closed,CMS Interaction,Pending Order,Mobile Postpaid,3/26/2026 16:14,4/2/2026 3:28,19715928,19715928,Escalated Tickets ,ARBOR SUPPORT
SD1865705,Closed,CMS Interaction,UOMS,Mobile,3/26/2026 16:23,3/29/2026 5:37,69566,69566,ITCMS,IT CMS
SD1865706,Closed,CMS Interaction,Pending Order,BIP Failure,3/26/2026 16:24,3/26/2026 17:02,37230,37230,ITCMS,IT CMS
SD1865707,Closed,CMS Interaction,UOMS,Mobile,3/26/2026 16:33,3/26/2026 18:12,37230,37230,ITCMS,IT CMS
SD1865708,Closed,CMS Interaction,UOMS,Mobile,3/26/2026 16:54,3/29/2026 5:46,70141,70141,Escalated Tickets ,BSS RTCS
SD1865709,Closed,CMS Interaction,Pending Order,Mobile Postpaid,3/26/2026 17:05,3/29/2026 6:07,70141,70141,Escalated Tickets ,BSS RTCS
SD1865710,Closed,CMS Interaction,Pending Order,Mobile Postpaid,3/26/2026 17:07,3/29/2026 9:56,scheduledAction,scheduledAction,BSS Apple Watch,BSS Apple Watch
SD1865711,Closed,CMS Interaction,Pending Order,BIP Failure,3/26/2026 17:10,3/26/2026 17:54,37230,37230,ITCMS,IT CMS
SD1865712,Closed,CMS Interaction,Pending Order,BIP Failure,3/26/2026 17:18,3/27/2026 17:33,scheduledAction,69840,Escalated Tickets ,ARBOR SUPPORT
SD1865713,Closed,CMS Interaction,CRM,No Data Found,3/26/2026 17:27,3/26/2026 18:25,37230,37230,ITCMS,IT CMS
SD1865714,Closed,CMS Interaction,CRM,Other,3/26/2026 17:42,3/30/2026 17:07,S630048,S630048,Escalated Tickets ,ARBOR SUPPORT
SD1865715,Closed,CMS Interaction,UOMS,Mobile,3/26/2026 17:43,3/26/2026 18:27,37230,37230,ITCMS,IT CMS
SD1865716,Closed,CMS Interaction,Pending Order,Mobile Postpaid,3/26/2026 17:49,3/26/2026 18:07,scheduledAction,scheduledAction,ITCMS,IT CMS
SD1865717,Closed,CMS Interaction,Pending Order,BIP Failure,3/26/2026 18:06,3/30/2026 17:08,S630048,S630048,Escalated Tickets ,ARBOR SUPPORT
SD1865718,Closed,CMS Interaction,CRM,No Data Found,3/26/2026 18:16,3/30/2026 13:47,X6410019,Q511636,Escalated Tickets ,BSS CRM
SD1865719,Closed,CMS Interaction,CRM,Other,3/26/2026 18:57,3/26/2026 20:31,S630048,S630048,Escalated Tickets ,ARBOR SUPPORT
SD1865720,Closed,CMS Interaction,UOMS,Mobile,3/26/2026 19:12,3/27/2026 9:12,Z6302499,Z6302499,Escalated Tickets ,OSS Mediation Support
SD1865721,Closed,CMS Interaction,Pending Order,Mobile Postpaid,3/26/2026 19:15,3/29/2026 9:56,scheduledAction,scheduledAction,BSS Apple Watch,BSS Apple Watch
SD1865722,Closed,CMS Interaction,Pending Order,Mobile Postpaid,3/26/2026 19:23,3/26/2026 21:02,scheduledAction,scheduledAction,ITCMS,IT CMS
SD1865723,Closed,CMS Interaction,UOMS,Mobile,3/26/2026 19:45,3/27/2026 15:29,37230,37230,ITCMS,IT CMS
SD1865724,Closed,CMS Interaction,Pending Order,Fixed Voic and Data,3/26/2026 20:05,3/27/2026 15:27,37230,37230,ITCMS,IT CMS
SD1865725,Closed,CMS Interaction,BIP Billing,Bill Issue,3/26/2026 20:22,3/30/2026 7:42,70699048,70699048,Escalated Tickets ,BSS Interface
SD1865726,Closed,CMS Interaction,Pending Order,Fixed Voic and Data,3/26/2026 20:35,3/30/2026 7:23,scheduledAction,69840,Escalated Tickets ,ARBOR SUPPORT
SD1865727,Closed,CMS Interaction,RTCS,Short code and SMS,3/26/2026 20:37,3/27/2026 15:15,37230,37230,ITCMS,IT CMS
SD1865728,Closed,CMS Interaction,RTCS,Data Usage,3/26/2026 21:15,3/29/2026 5:30,05766431,05766431,ITCMS,IT CMS
SD1865729,Closed,CMS Interaction,UOMS,Mobile,3/26/2026 21:39,3/29/2026 6:31,71009,71009,Escalated Tickets ,OSS Mediation Support
SD1865730,Closed,CMS Interaction,DDMS,SMS,3/26/2026 22:36,4/1/2026 12:23,P1832151,69758,Escalated Tickets ,BSS DDMS
SD1865731,Closed,CMS Interaction,Pending Order,Mobile Postpaid,3/26/2026 22:45,3/29/2026 5:47,70141,70141,Escalated Tickets ,BSS RTCS
SD1865732,Closed,CMS Interaction,Pending Order,Fixed Voic and Data,3/26/2026 23:13,4/5/2026 11:59,scheduledAction,W0213873,Escalated Tickets ,NEP Support
SD1865733,Closed,CMS Interaction,DDMS,SMS,3/27/2026 0:01,4/1/2026 12:30,P1832151,P1832151,Escalated Tickets ,BSS DDMS
SD1865734,Closed,CMS Interaction,UOMS,Mobile,3/27/2026 1:36,3/29/2026 8:07,11125603,11125603,ITCMS,IT CMS
SD1865735,In Progress,CMS Interaction,Pending Order,MPLS order,3/27/2026 4:01,,,34120,Activation Support,Activation Support
SD1865736,In Progress,CMS Interaction,Pending Order,MPLS order,3/27/2026 4:01,,,16538,Activation Support,Activation Support
SD1865737,Closed,CMS Interaction,Pending Order,MPLS order,3/27/2026 4:01,3/27/2026 4:21,scheduledAction,scheduledAction,Activation Support,Activation Support
SD1865738,Closed,CMS Interaction,Pending Order,MPLS order,3/27/2026 4:01,3/31/2026 9:03,scheduledAction,69509,Activation Support,Activation Support
SD1865739,Closed,CMS Interaction,Pending Order,MPLS order,3/27/2026 4:01,3/27/2026 4:21,scheduledAction,scheduledAction,Activation Support,Activation Support
SD1865740,Closed,CMS Interaction,Pending Order,MPLS order,3/27/2026 4:01,4/5/2026 13:06,scheduledAction,16538,Activation Support,Activation Support
SD1865741,In Progress,CMS Interaction,Pending Order,MPLS order,3/27/2026 4:01,,,16538,Activation Support,Activation Support
SD1865742,Closed,CMS Interaction,Pending Order,MPLS order,3/27/2026 4:01,3/27/2026 11:09,scheduledAction,scheduledAction,Activation Support,Activation Support
SD1865743,In Progress,CMS Interaction,Pending Order,MPLS order,3/27/2026 4:01,,,34120,Activation Support,Activation Support
SD1865744,Closed,CMS Interaction,Pending Order,MPLS order,3/27/2026 4:01,3/27/2026 4:21,scheduledAction,scheduledAction,Activation Support,Activation Support
SD1865745,Closed,CMS Interaction,Pending Order,MPLS order,3/27/2026 4:02,3/30/2026 7:23,scheduledAction,69509,Activation Support,Activation Support
SD1865746,In Progress,CMS Interaction,Pending Order,MPLS order,3/27/2026 4:02,,,34120,Activation Support,Activation Support
SD1865747,In Progress,CMS Interaction,Pending Order,MPLS order,3/27/2026 4:02,,,95809,Activation Support,Activation Support
SD1865748,Closed,CMS Interaction,Pending Order,MPLS order,3/27/2026 4:02,3/27/2026 4:21,scheduledAction,scheduledAction,Activation Support,Activation Support
SD1865749,Assign,CMS Interaction,Pending Order,MPLS order,3/27/2026 4:02,,,,Activation Support,Activation Support
SD1865750,Closed,CMS Interaction,Pending Order,MPLS order,3/27/2026 4:02,3/29/2026 8:57,scheduledAction,34120,Activation Support,Activation Support
SD1865754,Closed,CMS Interaction,UOMS,Mobile,3/27/2026 8:06,3/27/2026 15:17,37230,37230,ITCMS,IT CMS
SD1865756,Closed,CMS Interaction,UOMS,Mobile,3/27/2026 8:32,3/27/2026 15:17,37230,37230,ITCMS,IT CMS
SD1865757,Closed,CMS Interaction,UOMS,Mobile,3/27/2026 9:10,3/27/2026 15:24,37230,37230,ITCMS,IT CMS
SD1865759,Closed,CMS Interaction,Pending Order,Mobile Postpaid,3/27/2026 10:25,3/27/2026 15:07,37230,37230,ITCMS,IT CMS
SD1865761,Closed,CMS Interaction,RTCS,Data Usage,3/27/2026 10:34,3/29/2026 5:44,70141,70141,Escalated Tickets ,BSS RTCS
SD1865762,Closed,CMS Interaction,Pending Order,Mobile Postpaid,3/27/2026 10:42,3/30/2026 5:32,19715928,19715928,Escalated Tickets ,ARBOR SUPPORT
SD1865763,Closed,CMS Interaction,Pending Order,RTCS Failure,3/27/2026 10:50,3/29/2026 6:08,70141,70141,Escalated Tickets ,BSS RTCS
SD1865764,Closed,CMS Interaction,RTCS,Data Usage,3/27/2026 11:04,3/29/2026 5:46,05766431,05766431,ITCMS,IT CMS
SD1865766,Closed,CMS Interaction,Pending Order,Mobile Postpaid,3/27/2026 11:22,3/27/2026 11:40,scheduledAction,scheduledAction,ITCMS,IT CMS
SD1865768,Closed,CMS Interaction,CRM,No Data Found,3/27/2026 11:28,3/27/2026 15:12,37230,37230,ITCMS,IT CMS
SD1865773,Closed,CMS Interaction,RTCS,Short code and SMS,3/27/2026 12:21,3/27/2026 15:20,37230,37230,ITCMS,IT CMS
SD1865774,Closed,CMS Interaction,UOMS,Mobile,3/27/2026 12:22,3/30/2026 17:11,S630048,S630048,Escalated Tickets ,ARBOR SUPPORT
SD1865776,Closed,CMS Interaction,UOMS,Mobile,3/27/2026 12:31,3/27/2026 15:34,37230,37230,ITCMS,IT CMS
SD1865777,Closed,CMS Interaction,Pending Order,Mobile Prepaid,3/27/2026 12:32,3/29/2026 5:55,70141,70141,Escalated Tickets ,BSS RTCS
SD1865778,Closed,CMS Interaction,RTCS,Data Usage,3/27/2026 12:36,3/29/2026 7:30,69566,69566,ITCMS,IT CMS
SD1865780,Closed,CMS Interaction,RTCS,Data Usage,3/27/2026 12:38,3/29/2026 8:10,11125603,11125603,ITCMS,IT CMS
SD1865783,Closed,CMS Interaction,UOMS,Mobile,3/27/2026 12:49,3/30/2026 13:50,X6410019,Q511636,Escalated Tickets ,BSS CRM
SD1865784,Closed,CMS Interaction,Pending Order,Fixed Voic and Data,3/27/2026 13:00,3/27/2026 15:04,37230,37230,ITCMS,IT CMS
SD1865790,Closed,CMS Interaction,CRM,Other,3/27/2026 13:18,3/27/2026 15:31,37230,37230,ITCMS,IT CMS
SD1865791,Closed,CMS Interaction,Pending Order,Fixed Voic and Data,3/27/2026 13:18,3/27/2026 15:04,37230,37230,ITCMS,IT CMS
SD1865793,Closed,CMS Interaction,RTCS,Short code and SMS,3/27/2026 13:33,3/27/2026 15:09,37230,37230,ITCMS,IT CMS
SD1865794,Closed,CMS Interaction,RTCS,Data Usage,3/27/2026 13:53,3/29/2026 8:34,70141,70141,Escalated Tickets ,BSS RTCS
SD1865795,Closed,CMS Interaction,UOMS,Mobile,3/27/2026 14:00,3/27/2026 15:19,37230,37230,ITCMS,IT CMS
SD1865796,Closed,CMS Interaction,Pending Order,Mobile Postpaid,3/27/2026 14:11,3/27/2026 15:41,37230,37230,ITCMS,IT CMS
SD1865797,Closed,CMS Interaction,Pending Order,Mobile Postpaid,3/27/2026 14:17,3/29/2026 6:10,70141,70141,Escalated Tickets ,BSS RTCS
SD1865799,Closed,CMS Interaction,CRM,Other,3/27/2026 14:31,3/27/2026 15:39,37230,37230,ITCMS,IT CMS
SD1865800,Closed,CMS Interaction,Pending Order,Mobile Postpaid,3/27/2026 14:32,3/27/2026 15:01,scheduledAction,scheduledAction,ITCMS,IT CMS
SD1865801,Closed,CMS Interaction,Pending Order,Fesibility Check Failure,3/27/2026 14:33,3/27/2026 15:02,37230,37230,ITCMS,IT CMS
SD1865802,Closed,CMS Interaction,Pending Order,Mobile Postpaid,3/27/2026 14:35,3/27/2026 15:30,scheduledAction,37230,ITCMS,IT CMS
SD1865803,Closed,CMS Interaction,Pending Order,Mobile Prepaid,3/27/2026 14:36,3/27/2026 15:37,37230,37230,ITCMS,IT CMS
SD1865804,Closed,CMS Interaction,Pending Order,Mobile Postpaid,3/27/2026 14:38,3/27/2026 15:01,scheduledAction,37230,ITCMS,IT CMS
SD1865805,Closed,CMS Interaction,Pending Order,Mobile Postpaid,3/27/2026 14:39,3/27/2026 15:01,scheduledAction,37230,ITCMS,IT CMS
SD1865806,Closed,CMS Interaction,CRM,Other,3/27/2026 14:42,3/27/2026 15:38,37230,37230,ITCMS,IT CMS
SD1865807,Closed,CMS Interaction,CRM,Other,3/27/2026 14:45,3/27/2026 15:42,37230,37230,ITCMS,IT CMS
SD1865808,Closed,CMS Interaction,UOMS,Mobile,3/27/2026 14:50,3/29/2026 6:29,71009,71009,Escalated Tickets ,OSS Mediation Support
SD1865809,Closed,CMS Interaction,CRM,Other,3/27/2026 15:15,3/29/2026 6:44,70141,70141,Escalated Tickets ,BSS RTCS
SD1865810,Closed,CMS Interaction,Pending Order,RTCS Failure,3/27/2026 15:22,3/27/2026 17:03,scheduledAction,scheduledAction,BSS Apple Watch,BSS Apple Watch
SD1865811,Closed,CMS Interaction,ITA,ITA,3/27/2026 15:27,3/27/2026 15:47,37230,37230,ITCMS,IT CMS
SD1865813,Closed,CMS Interaction,RTCS,Data Usage,3/27/2026 15:40,3/29/2026 6:03,70141,70141,Escalated Tickets ,BSS RTCS
SD1865815,Closed,CMS Interaction,Pending Order,Mobile Postpaid,3/27/2026 15:53,3/27/2026 16:06,37230,37230,ITCMS,IT CMS
SD1865817,Closed,CMS Interaction,Pending Order,Mobile Postpaid,3/27/2026 16:19,3/29/2026 8:28,Z6302499,Z6302499,Escalated Tickets ,OSS Mediation Support
SD1865818,Closed,CMS Interaction,ITA,ITA,3/27/2026 16:21,3/29/2026 7:12,69566,69566,ITCMS,IT CMS
SD1865820,Closed,CMS Interaction,CRM,No Data Found,3/27/2026 16:46,3/29/2026 7:31,69566,69566,ITCMS,IT CMS
SD1865821,Closed,CMS Interaction,Pending Order,WFBB Order,3/27/2026 17:49,3/27/2026 17:51,37230,37230,ITCMS,IT CMS
SD1865822,Closed,CMS Interaction,CRM,No Data Found,3/27/2026 17:52,3/29/2026 6:25,71009,71009,Escalated Tickets ,OSS Mediation Support
SD1865824,Closed,CMS Interaction,Preorder Issue,Others,3/27/2026 18:05,3/29/2026 6:22,71009,71009,Escalated Tickets ,OSS Mediation Support
SD1865826,Closed,CMS Interaction,Pending Order,Mobile Postpaid,3/27/2026 18:15,3/27/2026 18:32,scheduledAction,scheduledAction,ITCMS,IT CMS
SD1865828,Closed,CMS Interaction,RTCS,Data Usage,3/27/2026 18:50,3/28/2026 5:45,37230,37230,ITCMS,IT CMS
SD1865829,Closed,CMS Interaction,Pending Order,Mobile Postpaid,3/27/2026 18:54,3/29/2026 6:13,71009,71009,Escalated Tickets ,OSS Mediation Support
SD1865830,Closed,CMS Interaction,Pending Order,Mobile Prepaid,3/27/2026 20:32,3/28/2026 5:51,37230,37230,ITCMS,IT CMS
SD1865831,Closed,CMS Interaction,UOMS,Mobile,3/27/2026 20:46,3/29/2026 8:11,11125603,11125603,ITCMS,IT CMS
SD1865832,Closed,CMS Interaction,RTCS,Data Usage,3/27/2026 21:49,3/30/2026 20:36,69130,69130,ITCMS,IT CMS
SD1865835,Closed,CMS Interaction,RTCS,Data Usage,3/27/2026 23:19,3/29/2026 5:46,05766431,05766431,ITCMS,IT CMS
SD1865840,Closed,CMS Interaction,RTCS,Data Usage,3/28/2026 2:10,3/29/2026 5:45,05766431,05766431,ITCMS,IT CMS
SD1865841,Closed,CMS Interaction,RTCS,Data Usage,3/28/2026 2:54,3/29/2026 7:32,69566,69566,ITCMS,IT CMS
SD1865842,Assign,CMS Interaction,Pending Order,MPLS order,3/28/2026 4:01,,,34120,Activation Support,Activation Support
SD1865843,Closed,CMS Interaction,Pending Order,MPLS order,3/28/2026 4:01,3/29/2026 9:56,scheduledAction,scheduledAction,Activation Support,Activation Support
SD1865844,Resolved,CMS Interaction,Pending Order,MPLS order,3/28/2026 4:01,4/9/2026 12:48,scheduledAction,scheduledAction,Activation Support,Activation Support
SD1865845,Resolved,CMS Interaction,Pending Order,MPLS order,3/28/2026 4:01,4/9/2026 20:00,scheduledAction,34120,Activation Support,Activation Support
SD1865846,Closed,CMS Interaction,Pending Order,MPLS order,3/28/2026 4:01,3/29/2026 9:24,scheduledAction,scheduledAction,Activation Support,Activation Support
SD1865847,In Progress,CMS Interaction,Pending Order,MPLS order,3/28/2026 4:02,,,,Activation Support,Activation Support
SD1865848,Closed,CMS Interaction,Pending Order,MPLS order,3/28/2026 4:02,4/6/2026 4:27,scheduledAction,34120,Activation Support,Activation Support
SD1865849,Assign,CMS Interaction,Pending Order,MPLS order,3/28/2026 4:02,,,34120,Activation Support,Activation Support
SD1865850,Closed,CMS Interaction,Pending Order,MPLS order,3/28/2026 4:02,3/30/2026 4:09,scheduledAction,scheduledAction,Activation Support,Activation Support
SD1865851,Closed,CMS Interaction,Pending Order,MPLS order,3/28/2026 4:02,3/28/2026 4:30,scheduledAction,scheduledAction,Activation Support,Activation Support
SD1865852,Closed,CMS Interaction,Pending Order,MPLS order,3/28/2026 4:02,3/29/2026 11:02,scheduledAction,34120,Activation Support,Activation Support
SD1865853,Resolved,CMS Interaction,Pending Order,MPLS order,3/28/2026 4:02,4/9/2026 20:00,scheduledAction,34120,Activation Support,Activation Support
SD1865854,Closed,CMS Interaction,Pending Order,MPLS order,3/28/2026 4:02,4/2/2026 9:14,scheduledAction,95809,Activation Support,Activation Support
SD1865855,Closed,CMS Interaction,Pending Order,MPLS order,3/28/2026 4:02,3/28/2026 4:31,scheduledAction,scheduledAction,Activation Support,Activation Support
SD1865856,Closed,CMS Interaction,Pending Order,MPLS order,3/28/2026 4:02,3/29/2026 6:14,scheduledAction,scheduledAction,Activation Support,Activation Support
SD1865857,Resolved,CMS Interaction,Pending Order,MPLS order,3/28/2026 4:02,4/9/2026 11:48,scheduledAction,69509,Activation Support,Activation Support
SD1865858,Resolved,CMS Interaction,Pending Order,MPLS order,3/28/2026 4:02,4/8/2026 5:39,scheduledAction,69509,Activation Support,Activation Support
SD1865859,Closed,CMS Interaction,Pending Order,MPLS order,3/28/2026 4:03,3/29/2026 5:16,scheduledAction,69509,Activation Support,Activation Support
SD1865860,Closed,CMS Interaction,Pending Order,MPLS order,3/28/2026 4:03,3/29/2026 10:30,scheduledAction,34120,Activation Support,Activation Support
SD1865861,Closed,CMS Interaction,Pending Order,MPLS order,3/28/2026 4:03,3/29/2026 8:57,scheduledAction,34120,Activation Support,Activation Support
SD1865862,Closed,CMS Interaction,Pending Order,Mobile Prepaid,3/28/2026 4:05,3/28/2026 5:54,37230,37230,ITCMS,IT CMS
SD1865863,Closed,CMS Interaction,CRM,No Data Found,3/28/2026 4:34,3/28/2026 5:55,37230,37230,ITCMS,IT CMS
SD1865865,Closed,CMS Interaction,Pending Order,WFBB Order,3/28/2026 4:55,3/28/2026 7:32,S630048,S630048,Escalated Tickets ,ARBOR SUPPORT
SD1865866,Closed,CMS Interaction,Pending Order,WFBB Order,3/28/2026 5:03,3/29/2026 12:31,scheduledAction,12349939,Escalated Tickets ,ARBOR SUPPORT
SD1865867,Closed,CMS Interaction,Pending Order,Fixed Voic and Data,3/28/2026 5:40,3/28/2026 5:44,37230,37230,ITCMS,IT CMS
SD1865868,Closed,CMS Interaction,CRM,Other,3/28/2026 5:57,3/28/2026 6:01,37230,37230,ITCMS,IT CMS
SD1865869,Closed,CMS Interaction,UOMS,Mobile,3/28/2026 6:11,3/28/2026 6:15,37230,37230,ITCMS,IT CMS
SD1865870,Closed,CMS Interaction,RTCS,Short code and SMS,3/28/2026 6:15,3/28/2026 6:17,37230,37230,ITCMS,IT CMS
SD1865871,Closed,CMS Interaction,Pending Order,Fixed Voic and Data,3/28/2026 6:16,3/28/2026 6:18,37230,37230,ITCMS,IT CMS
SD1865872,Closed,CMS Interaction,CRM,No Data Found,3/28/2026 6:21,3/28/2026 6:31,37230,37230,ITCMS,IT CMS
SD1865874,Closed,CMS Interaction,Pending Order,Fixed Voic and Data,3/28/2026 6:27,3/28/2026 6:31,37230,37230,ITCMS,IT CMS
SD1865876,Closed,CMS Interaction,UOMS,Mobile,3/28/2026 6:32,3/28/2026 7:03,37230,37230,ITCMS,IT CMS
SD1865877,Closed,CMS Interaction,CRM,No Data Found,3/28/2026 6:38,3/29/2026 7:32,69566,69566,ITCMS,IT CMS
SD1865879,Closed,CMS Interaction,CRM,No Data Found,3/28/2026 7:28,3/28/2026 7:49,37230,37230,ITCMS,IT CMS
SD1865880,Closed,CMS Interaction,UOMS,Mobile,3/28/2026 7:32,3/29/2026 5:19,69566,69566,ITCMS,IT CMS
SD1865881,Closed,CMS Interaction,UOMS,Mobile,3/28/2026 7:36,3/29/2026 8:33,Z6302499,Z6302499,Escalated Tickets ,OSS Mediation Support
SD1865882,Closed,CMS Interaction,UOMS,Mobile,3/28/2026 7:52,3/28/2026 8:08,S630048,S630048,Escalated Tickets ,ARBOR SUPPORT
SD1865883,Closed,CMS Interaction,RTCS,Data Usage,3/28/2026 8:06,3/29/2026 5:44,05766431,05766431,ITCMS,IT CMS
SD1865885,Closed,CMS Interaction,UOMS,Mobile,3/28/2026 8:11,3/29/2026 6:00,71009,71009,Escalated Tickets ,OSS Mediation Support
SD1865886,Closed,CMS Interaction,BIP Billing,Commitment,3/28/2026 8:18,4/1/2026 18:38,P1832151,P1832151,Escalated Tickets ,BIP Billing
SD1865887,Closed,CMS Interaction,Pending Order,Mobile Postpaid,3/28/2026 8:36,3/30/2026 23:56,L7990290,L7990290,Escalated Tickets ,BSS iPDF
SD1865888,Closed,CMS Interaction,Pending Order,Mobile Prepaid,3/28/2026 8:39,3/29/2026 5:58,71009,71009,Escalated Tickets ,OSS Mediation Support
SD1865889,Closed,CMS Interaction,CRM,No Data Found,3/28/2026 9:09,3/28/2026 9:10,37230,37230,ITCMS,IT CMS
SD1865890,Closed,CMS Interaction,Pending Order,BIP Failure,3/28/2026 9:25,3/28/2026 9:28,37230,37230,ITCMS,IT CMS
SD1865891,Closed,CMS Interaction,Pending Order,Mobile Postpaid,3/28/2026 9:30,3/29/2026 11:40,Z6302499,Z6302499,Escalated Tickets ,OSS Mediation Support
SD1865892,Closed,CMS Interaction,CRM,No Data Found,3/28/2026 9:34,3/29/2026 5:44,05766431,05766431,ITCMS,IT CMS
SD1865893,Closed,CMS Interaction,UOMS,Mobile,3/28/2026 9:35,3/30/2026 7:39,70699048,70699048,Escalated Tickets ,BSS Interface
SD1865894,Closed,CMS Interaction,Pending Order,Mobile Prepaid,3/28/2026 9:43,3/28/2026 10:03,scheduledAction,scheduledAction,ITCMS,IT CMS
SD1865895,Closed,CMS Interaction,UOMS,Mobile,3/28/2026 9:56,3/29/2026 10:09,71009,71009,Escalated Tickets ,OSS Mediation Support
SD1865896,Closed,CMS Interaction,RTCS,Data Usage,3/28/2026 10:09,3/29/2026 8:12,11125603,11125603,ITCMS,IT CMS
SD1865898,Closed,CMS Interaction,UOMS,Mobile,3/28/2026 10:14,3/30/2026 13:51,X6410019,X6410019,Escalated Tickets ,BSS CRM
SD1865899,Closed,CMS Interaction,Enterprise Billing,Reversal Issue,3/28/2026 10:15,3/30/2026 8:44,05766431,05766431,ITCMS,IT-CMS Support
SD1865901,Closed,CMS Interaction,Pending Order,WFBB Order,3/28/2026 10:58,3/29/2026 8:48,LR1995699,LR1995699,Escalated Tickets ,NEP Support
SD1865902,Closed,CMS Interaction,CRM,Other,3/28/2026 11:12,3/30/2026 13:55,X6410019,X6410019,Escalated Tickets ,BSS CRM
SD1865905,Closed,CMS Interaction,RTCS,Short code and SMS,3/28/2026 11:26,3/28/2026 16:44,37230,37230,ITCMS,IT CMS
SD1865906,Closed,CMS Interaction,Pending Order,WFBB Order,3/28/2026 11:39,3/30/2026 6:14,19715928,19715928,Escalated Tickets ,ARBOR SUPPORT
SD1865907,Closed,CMS Interaction,Pending Order,WFBB Order,3/28/2026 11:41,3/28/2026 16:28,37230,37230,ITCMS,IT CMS
SD1865909,Closed,CMS Interaction,RTCS,Data Usage,3/28/2026 12:00,3/29/2026 8:13,11125603,11125603,ITCMS,IT CMS
SD1865910,Closed,CMS Interaction,RTCS,Data Usage,3/28/2026 12:04,3/29/2026 8:14,11125603,11125603,ITCMS,IT CMS
SD1865912,Closed,CMS Interaction,Pending Order,Fixed Voic and Data,3/28/2026 12:17,3/29/2026 4:39,69840,69840,Escalated Tickets ,ARBOR SUPPORT
SD1865913,Closed,CMS Interaction,Pending Order,Fixed Voic and Data,3/28/2026 12:19,3/28/2026 16:25,37230,37230,ITCMS,IT CMS
SD1865914,Closed,CMS Interaction,BIP Billing,Others,3/28/2026 12:20,3/29/2026 8:28,S5801880,S5801880,Escalated Tickets ,BSS LMS
SD1865915,Closed,CMS Interaction,UOMS,PortOut/PortIN,3/28/2026 12:22,3/29/2026 5:54,71009,71009,Escalated Tickets ,OSS Mediation Support
SD1865916,Closed,CMS Interaction,RTCS,Short code and SMS,3/28/2026 12:39,3/28/2026 16:34,37230,37230,ITCMS,IT CMS
SD1865917,Closed,CMS Interaction,CRM,CRM Down,3/28/2026 12:45,3/30/2026 17:37,S630048,S630048,Escalated Tickets ,ARBOR SUPPORT
SD1865926,Closed,CMS Interaction,UOMS,Fixed Voic and Data,3/28/2026 13:07,3/28/2026 16:32,37230,37230,ITCMS,IT CMS
SD1865928,Closed,CMS Interaction,Pending Order,Fixed Voic and Data,3/28/2026 13:12,4/6/2026 11:53,scheduledAction,LR1995699,Escalated Tickets ,NEP Support
SD1865929,Closed,CMS Interaction,CRM,Other,3/28/2026 13:29,3/31/2026 9:04,Z6302499,Z6302499,Escalated Tickets ,OSS Mediation Support
SD1865930,Closed,CMS Interaction,UOMS,Mobile,3/28/2026 13:21,3/30/2026 14:02,X6410019,Q511636,Escalated Tickets ,BSS CRM
SD1865931,Closed,CMS Interaction,UOMS,Fixed Voic and Data,3/28/2026 13:28,3/29/2026 7:12,69566,69566,ITCMS,IT CMS
SD1865932,Closed,CMS Interaction,Pending Order,Mobile Postpaid,3/28/2026 13:29,3/29/2026 5:52,71009,71009,Escalated Tickets ,OSS Mediation Support
SD1865933,Closed,CMS Interaction,Pending Order,Fixed Voic and Data,3/28/2026 14:01,3/31/2026 9:04,scheduledAction,12349939,Escalated Tickets ,ARBOR SUPPORT
SD1865934,Closed,CMS Interaction,RTCS,Short code and SMS,3/28/2026 14:10,3/28/2026 16:39,37230,37230,ITCMS,IT CMS
SD1865935,Closed,CMS Interaction,CRM,Other,3/28/2026 14:10,4/2/2026 3:54,19715928,19715928,Escalated Tickets ,ARBOR SUPPORT
SD1865936,Closed,CMS Interaction,CRM,No Data Found,3/28/2026 14:11,3/29/2026 7:43,69566,69566,ITCMS,IT CMS
SD1865938,Closed,CMS Interaction,Pending Order,Mobile Postpaid,3/28/2026 14:19,3/29/2026 4:45,scheduledAction,69840,Escalated Tickets ,ARBOR SUPPORT
SD1865939,Closed,CMS Interaction,RTCS,Short code and SMS,3/28/2026 14:28,3/28/2026 16:52,37230,37230,ITCMS,IT CMS
SD1865950,Closed,CMS Interaction,UOMS,PortOut/PortIN,3/28/2026 14:47,3/29/2026 5:49,71009,71009,Escalated Tickets ,OSS Mediation Support
SD1865951,Closed,CMS Interaction,Pending Order,Mobile Postpaid,3/28/2026 14:48,3/28/2026 15:31,scheduledAction,scheduledAction,ITCMS,IT CMS
SD1865954,Closed,CMS Interaction,UOMS,Fixed Voic and Data,3/28/2026 15:17,3/29/2026 8:15,11125603,11125603,ITCMS,IT CMS
SD1865955,Closed,CMS Interaction,Pending Order,Mobile Prepaid,3/28/2026 15:19,3/28/2026 16:51,37230,37230,ITCMS,IT CMS
SD1865956,Closed,CMS Interaction,RTCS,Data Usage,3/28/2026 15:20,3/28/2026 16:55,37230,37230,ITCMS,IT CMS
SD1865957,Closed,CMS Interaction,Pending Order,WFBB Order,3/28/2026 15:28,3/28/2026 15:31,scheduledAction,scheduledAction,ITCMS,IT CMS
SD1865958,Closed,CMS Interaction,Pending Order,Mobile Postpaid,3/28/2026 15:29,3/28/2026 15:31,scheduledAction,scheduledAction,ITCMS,IT CMS
SD1865959,Closed,CMS Interaction,Pending Order,RTCS Failure,3/28/2026 15:36,3/28/2026 16:02,scheduledAction,scheduledAction,ITCMS,IT CMS
SD1865960,Closed,CMS Interaction,Pending Order,Mobile Postpaid,3/28/2026 15:48,3/28/2026 16:53,37230,37230,ITCMS,IT CMS
SD1865961,Closed,CMS Interaction,CRM,No Data Found,3/28/2026 15:52,4/2/2026 3:57,19715928,19715928,Escalated Tickets ,ARBOR SUPPORT
SD1865962,Closed,CMS Interaction,RTCS,Data Usage,3/28/2026 15:59,3/29/2026 8:16,11125603,11125603,ITCMS,IT CMS
SD1865963,Assign,CMS Interaction,UOMS,Fixed Voic and Data,3/28/2026 16:06,,,,Escalated Tickets ,Unified Back Office Team
SD1865965,Closed,CMS Interaction,Pending Order,ITA order,3/28/2026 16:22,3/28/2026 16:54,37230,37230,ITCMS,IT CMS
SD1865966,Closed,CMS Interaction,CRM,Other,3/28/2026 16:29,3/30/2026 5:17,11125603,11125603,ITCMS,IT CMS
SD1865969,Closed,CMS Interaction,RTCS,Data Usage,3/28/2026 16:41,3/29/2026 7:34,69566,69566,ITCMS,IT CMS
SD1865970,Closed,CMS Interaction,Pending Order,Fixed Voic and Data,3/28/2026 16:42,3/28/2026 16:59,37230,37230,ITCMS,IT CMS
SD1865971,Closed,CMS Interaction,Pending Order,Mobile Prepaid,3/28/2026 16:45,3/29/2026 11:02,scheduledAction,Z6302499,Escalated Tickets ,OSS Mediation Support
SD1865972,Closed,CMS Interaction,Pending Order,Mobile Postpaid,3/28/2026 16:57,4/2/2026 4:37,L7990290,L7990290,Escalated Tickets ,BSS iPDF
SD1865974,Closed,CMS Interaction,RTCS,Short code and SMS,3/28/2026 17:06,3/28/2026 17:09,37230,37230,ITCMS,IT CMS
SD1865975,Closed,CMS Interaction,RTCS,Data Usage,3/28/2026 17:09,3/28/2026 17:15,37230,37230,ITCMS,IT CMS
SD1865976,Closed,CMS Interaction,Pending Order,Fixed Voic and Data,3/28/2026 17:12,3/29/2026 5:27,05766431,05766431,ITCMS,IT CMS
SD1865977,Closed,CMS Interaction,UOMS,PortOut/PortIN,3/28/2026 17:28,3/29/2026 5:44,71009,71009,Escalated Tickets ,OSS Mediation Support
SD1865978,Closed,CMS Interaction,CRM,No Data Found,3/28/2026 17:30,4/5/2026 3:37,X6410019,X6410019,Escalated Tickets ,BSS CRM
SD1865980,Closed,CMS Interaction,Pending Order,Mobile Postpaid,3/28/2026 17:31,3/29/2026 5:43,71009,71009,Escalated Tickets ,OSS Mediation Support
SD1865981,Closed,CMS Interaction,RTCS,Data Usage,3/28/2026 17:39,3/29/2026 7:53,70141,70141,Escalated Tickets ,BSS RTCS
SD1865982,Closed,CMS Interaction,Pending Order,Mobile Postpaid,3/28/2026 17:54,3/29/2026 6:08,71009,71009,Escalated Tickets ,OSS Mediation Support
SD1865983,Closed,CMS Interaction,Pending Order,Fixed Voic and Data,3/28/2026 17:55,3/28/2026 17:58,37230,37230,ITCMS,IT CMS
SD1865985,Closed,CMS Interaction,UOMS,Mobile,3/28/2026 18:24,3/29/2026 5:40,71009,71009,Escalated Tickets ,OSS Mediation Support
SD1865992,Closed,CMS Interaction,UOMS,WFBB,3/28/2026 18:46,3/29/2026 8:18,11125603,11125603,ITCMS,IT CMS
SD1865993,Closed,CMS Interaction,Pending Order,Mobile Postpaid,3/28/2026 19:28,3/30/2026 8:31,scheduledAction,69758,Escalated Tickets ,ARBOR SUPPORT
SD1865994,Closed,CMS Interaction,RTCS,Data Usage,3/28/2026 19:40,3/30/2026 5:13,11125603,11125603,ITCMS,IT CMS
SD1865995,Closed,CMS Interaction,RTCS,Data Usage,3/28/2026 19:40,3/30/2026 3:38,69267,69267,Escalated Tickets ,BSS RTCS
SD1865996,Closed,CMS Interaction,Pending Order,Fixed Voic and Data,3/28/2026 20:13,3/29/2026 7:52,scheduledAction,70002,Escalated Tickets ,OSS Mediation Support
SD1865998,Closed,CMS Interaction,UOMS,Mobile,3/28/2026 21:18,3/29/2026 3:07,69470,69470,ITCMS,IT CMS
SD1865999,Closed,CMS Interaction,CRM,Other,3/28/2026 21:26,3/29/2026 2:48,69470,69470,ITCMS,IT CMS
SD1866000,Closed,CMS Interaction,Pending Order,Fixed Voic and Data,3/28/2026 22:26,3/30/2026 7:10,Z6302499,Z6302499,Escalated Tickets ,OSS Mediation Support
SD1866001,Closed,CMS Interaction,UOMS,Mobile,3/28/2026 22:43,3/29/2026 8:24,11125603,11125603,ITCMS,IT CMS
SD1866002,Closed,CMS Interaction,Pending Order,ITA order,3/28/2026 23:02,3/28/2026 23:17,scheduledAction,scheduledAction,ITCMS,IT CMS
SD1866003,Closed,CMS Interaction,Pending Order,Fixed Voic and Data,3/28/2026 23:21,3/29/2026 5:21,05766431,05766431,ITCMS,IT CMS
SD1866004,Closed,CMS Interaction,Pending Order,Fixed Voic and Data,3/28/2026 23:38,3/29/2026 5:01,69517,69517,ITCMS,IT CMS
SD1866006,Closed,CMS Interaction,CRM,CRM Down,3/29/2026 1:06,3/29/2026 4:13,69577,69577,ITCMS,IT CMS
SD1866007,Closed,CMS Interaction,UOMS,Mobile,3/29/2026 1:15,3/29/2026 4:11,69577,69577,ITCMS,IT CMS
SD1866008,Closed,CMS Interaction,CRM,Other,3/29/2026 1:16,3/29/2026 4:04,69577,69577,ITCMS,IT CMS
SD1866010,Closed,CMS Interaction,Pending Order,Mobile Prepaid,3/29/2026 1:53,3/30/2026 20:35,69130,69130,ITCMS,IT CMS
SD1866011,Closed,CMS Interaction,CRM,Other,3/29/2026 2:16,3/29/2026 2:49,69470,69470,ITCMS,IT CMS
SD1866012,Closed,CMS Interaction,Pending Order,Fixed Voic and Data,3/29/2026 2:33,3/29/2026 9:57,scheduledAction,8.54905E+11,Escalated Tickets ,NEP Support
SD1866013,Closed,CMS Interaction,Pending Order,Fixed Voic and Data,3/29/2026 2:36,3/29/2026 3:54,69577,69577,ITCMS,IT CMS
SD1866015,Closed,CMS Interaction,RTCS,Data Usage,3/29/2026 3:03,3/29/2026 3:09,69470,69470,ITCMS,IT CMS
SD1866016,Closed,CMS Interaction,Pending Order,Mobile Postpaid,3/29/2026 3:12,3/29/2026 3:50,69577,69577,ITCMS,IT CMS
SD1866024,Closed,CMS Interaction,Pending Order,MPLS order,3/29/2026 4:01,3/29/2026 4:14,scheduledAction,scheduledAction,Activation Support,Activation Support
SD1866025,Closed,CMS Interaction,Pending Order,MPLS order,3/29/2026 4:01,3/29/2026 10:30,scheduledAction,69509,Activation Support,Activation Support
SD1866027,Closed,CMS Interaction,Pending Order,Fixed Voic and Data,3/29/2026 4:10,3/31/2026 9:04,scheduledAction,71009,Escalated Tickets ,OSS Mediation Support
SD1866030,Closed,CMS Interaction,POS and CMA,Reversal,3/29/2026 4:16,3/30/2026 2:46,X6410019,X6410019,Escalated Tickets ,BSS POS
SD1866035,Closed,CMS Interaction,Pending Order,Fixed Voic and Data,3/29/2026 4:28,3/29/2026 6:15,scheduledAction,69577,ITCMS,IT CMS
SD1866036,Closed,CMS Interaction,Pending Order,WFBB Order,3/29/2026 4:29,3/29/2026 10:30,scheduledAction,P1832151,Escalated Tickets ,BSS DDMS
SD1866037,Closed,CMS Interaction,Pending Order,Mobile Postpaid,3/29/2026 4:34,3/29/2026 4:57,69517,69517,ITCMS,IT CMS
SD1866038,Closed,CMS Interaction,UOMS,Mobile,3/29/2026 4:34,3/29/2026 5:46,19715928,19715928,Escalated Tickets ,ARBOR SUPPORT
SD1866039,Closed,CMS Interaction,Pending Order,WFBB Order,3/29/2026 4:35,3/29/2026 5:08,05766431,05766431,ITCMS,IT CMS
SD1866040,Closed,CMS Interaction,CRM,No Data Found,3/29/2026 4:37,3/30/2026 5:17,11125603,11125603,ITCMS,IT CMS
SD1866042,Closed,CMS Interaction,CRM,Other,3/29/2026 4:44,3/30/2026 14:12,X6410019,X6410019,Escalated Tickets ,BSS CRM
SD1866043,Closed,CMS Interaction,POS and CMA,Reversal,3/29/2026 4:45,3/29/2026 8:27,11125603,11125603,ITCMS,IT CMS
SD1866045,Closed,CMS Interaction,POS and CMA,Reversal,3/29/2026 4:47,3/29/2026 8:28,11125603,11125603,ITCMS,IT CMS
SD1866047,Closed,CMS Interaction,POS and CMA,Reversal,3/29/2026 4:50,3/29/2026 8:29,11125603,11125603,ITCMS,IT CMS
SD1866054,Closed,CMS Interaction,CRM,Other,3/29/2026 5:05,3/29/2026 11:44,S630048,S630048,Escalated Tickets ,ARBOR SUPPORT
SD1866055,Closed,CMS Interaction,RTCS,Data Usage,3/29/2026 5:06,3/29/2026 5:39,69566,69566,ITCMS,IT CMS
SD1866060,Closed,CMS Interaction,CRM,Other,3/29/2026 5:14,4/1/2026 5:53,Q511636,Q511636,Escalated Tickets ,BSS CRM
SD1866062,Closed,CMS Interaction,CRM,Other,3/29/2026 5:19,3/29/2026 11:41,S630048,S630048,Escalated Tickets ,ARBOR SUPPORT
SD1866063,Closed,CMS Interaction,CRM,Other,3/29/2026 5:19,3/29/2026 11:39,S630048,S630048,Escalated Tickets ,ARBOR SUPPORT
SD1866066,Closed,CMS Interaction,CRM,Other,3/29/2026 5:23,3/29/2026 5:41,69566,69566,ITCMS,IT CMS
SD1866067,Closed,CMS Interaction,CRM,No Data Found,3/29/2026 5:23,3/29/2026 5:53,69566,69566,ITCMS,IT CMS
SD1866068,Closed,CMS Interaction,Pending Order,Mobile Postpaid,3/29/2026 5:24,3/29/2026 5:51,05766431,05766431,ITCMS,IT CMS
SD1866070,Closed,CMS Interaction,Pending Order,Fixed Voic and Data,3/29/2026 5:24,3/29/2026 5:28,69566,69566,ITCMS,IT CMS
SD1866073,Closed,CMS Interaction,Pending Order,Fixed Voic and Data,3/29/2026 5:27,3/29/2026 5:32,69566,69566,ITCMS,IT CMS
SD1866075,Closed,CMS Interaction,UOMS,Mobile,3/29/2026 5:32,3/29/2026 6:41,19715928,19715928,Escalated Tickets ,ARBOR SUPPORT
SD1866077,Closed,CMS Interaction,RTCS,Data Usage,3/29/2026 5:33,3/29/2026 5:50,69566,69566,ITCMS,IT CMS
SD1866078,Closed,CMS Interaction,CRM,No Data Found,3/29/2026 5:37,3/29/2026 5:45,69566,69566,ITCMS,IT CMS
SD1866085,Closed,CMS Interaction,UOMS,Mobile,3/29/2026 5:42,3/30/2026 3:54,69267,61495417,Escalated Tickets ,BSS RTCS
SD1866086,Closed,CMS Interaction,Pending Order,Mobile Postpaid,3/29/2026 5:45,3/30/2026 5:15,scheduledAction,L7990290,Escalated Tickets ,BSS iPDF
SD1866087,Closed,CMS Interaction,Pending Order,Fixed Voic and Data,3/29/2026 5:47,3/29/2026 5:49,69566,69566,ITCMS,IT CMS
SD1866088,Closed,CMS Interaction,UOMS,Mobile,3/29/2026 5:50,3/29/2026 5:52,05766431,05766431,ITCMS,IT CMS
SD1866090,Closed,CMS Interaction,Pending Order,Fesibility Check Failure,3/29/2026 5:50,3/29/2026 5:54,05766431,05766431,ITCMS,IT CMS
SD1866092,Closed,CMS Interaction,BIP Billing,Sample Bills,3/29/2026 5:53,3/29/2026 6:27,L7990290,L7990290,Escalated Tickets ,BSS iPDF
SD1866093,Closed,CMS Interaction,CRM,Other,3/29/2026 5:53,3/29/2026 5:58,05766431,05766431,ITCMS,IT CMS
SD1866094,Closed,CMS Interaction,RTCS,Data Usage,3/29/2026 5:53,3/29/2026 8:32,11125603,11125603,ITCMS,IT CMS
SD1866095,Closed,CMS Interaction,CRM,Other,3/29/2026 5:55,3/29/2026 6:21,69470,69470,ITCMS,IT CMS
SD1866098,Closed,CMS Interaction,UOMS,Mobile,3/29/2026 5:59,4/2/2026 4:16,19715928,19715928,Escalated Tickets ,ARBOR SUPPORT
SD1866099,Closed,CMS Interaction,Pending Order,Mobile Postpaid,3/29/2026 6:00,3/29/2026 6:11,69470,69470,ITCMS,IT CMS
SD1866102,Closed,CMS Interaction,Pending Order,ITA order,3/29/2026 6:04,3/29/2026 6:13,69470,69470,ITCMS,IT CMS
SD1866103,Closed,CMS Interaction,BIP Billing,Commitment,3/29/2026 6:06,3/29/2026 7:35,J2226589,J2226589,Escalated Tickets ,BIP Billing
SD1866105,Closed,CMS Interaction,Pending Order,Mobile Postpaid,3/29/2026 6:06,3/29/2026 6:15,scheduledAction,69470,ITCMS,IT CMS
SD1866107,Closed,CMS Interaction,CRM,Other,3/29/2026 6:09,3/29/2026 7:36,69566,69566,ITCMS,IT CMS
SD1866108,Closed,CMS Interaction,Pending Order,Mobile Postpaid,3/29/2026 6:14,3/29/2026 6:47,scheduledAction,scheduledAction,ITCMS,IT CMS
SD1866110,Closed,CMS Interaction,BIP Billing,Commitment,3/29/2026 6:16,3/29/2026 7:35,J2226589,J2226589,Escalated Tickets ,BIP Billing
SD1866111,Closed,CMS Interaction,Pending Order,Mobile Postpaid,3/29/2026 6:15,3/29/2026 6:47,scheduledAction,69470,ITCMS,IT CMS
SD1866113,Closed,CMS Interaction,Pending Order,ITA order,3/29/2026 6:20,3/29/2026 6:47,scheduledAction,69470,ITCMS,IT CMS
SD1866114,Closed,CMS Interaction,Pending Order,Fesibility Check Failure,3/29/2026 6:20,3/29/2026 13:01,W0213873,W0213873,Escalated Tickets ,NEP Support
SD1866117,Closed,CMS Interaction,BIP Billing,BIP Order Isuse,3/29/2026 6:22,3/29/2026 7:36,J2226589,J2226589,Escalated Tickets ,BIP Billing
SD1866118,Closed,CMS Interaction,Pending Order,Mobile Postpaid,3/29/2026 6:23,3/29/2026 6:28,69470,69470,ITCMS,IT CMS
SD1866121,Closed,CMS Interaction,UOMS,Mobile,3/29/2026 6:24,3/29/2026 7:45,69566,69566,ITCMS,IT CMS
SD1866123,Closed,CMS Interaction,Pending Order,Mobile Postpaid,3/29/2026 6:30,3/29/2026 6:42,69517,69517,ITCMS,IT CMS
SD1866124,Closed,CMS Interaction,RTCS,Data Usage,3/29/2026 6:31,3/29/2026 8:39,69577,69577,ITCMS,IT CMS
SD1866130,Closed,CMS Interaction,Pending Order,Mobile Postpaid,3/29/2026 6:43,3/29/2026 6:57,69517,69517,ITCMS,IT CMS
SD1866131,Closed,CMS Interaction,Preorder Issue,Others,3/29/2026 6:45,3/29/2026 8:23,22674,22674,Escalated Tickets ,BSS RTCS
SD1866134,Closed,CMS Interaction,Pending Order,Fixed Voic and Data,3/29/2026 6:47,3/29/2026 8:02,69566,69566,ITCMS,IT CMS
SD1866136,Closed,CMS Interaction,Pending Order,BIP Failure,3/29/2026 6:51,3/29/2026 6:55,69517,11125603,ITCMS,IT CMS
SD1866137,Closed,CMS Interaction,RTCS,Data Usage,3/29/2026 6:51,3/29/2026 11:22,69566,69566,ITCMS,IT CMS
SD1866138,Closed,CMS Interaction,RTCS,Short code and SMS,3/29/2026 6:52,3/29/2026 8:38,69566,69566,ITCMS,IT CMS
SD1866139,Closed,CMS Interaction,Pending Order,Fixed Voic and Data,3/29/2026 6:53,3/29/2026 9:55,LR1995699,LR1995699,Escalated Tickets ,NEP Support
SD1866142,Closed,CMS Interaction,Pending Order,RTCS Failure,3/29/2026 6:56,3/29/2026 9:57,scheduledAction,69517,ITCMS,IT CMS
SD1866143,Closed,CMS Interaction,Pending Order,Fixed Voic and Data,3/29/2026 6:56,3/29/2026 7:00,69517,69517,ITCMS,IT CMS
SD1866144,Closed,CMS Interaction,Pending Order,Mobile Prepaid,3/29/2026 6:58,3/29/2026 8:42,05766431,05766431,ITCMS,IT CMS
SD1866146,Closed,CMS Interaction,Pending Order,Fesibility Check Failure,3/29/2026 6:59,3/29/2026 7:48,69470,69470,ITCMS,IT CMS
SD1866147,Closed,CMS Interaction,Pending Order,Fesibility Check Failure,3/29/2026 7:00,3/29/2026 7:02,69517,69517,ITCMS,IT CMS
SD1866150,Closed,CMS Interaction,UOMS,Mobile,3/29/2026 7:00,3/29/2026 8:37,11125603,11125603,ITCMS,IT CMS
SD1866151,Closed,CMS Interaction,Pending Order,RTCS Failure,3/29/2026 7:01,3/29/2026 10:25,05766431,05766431,ITCMS,IT CMS
SD1866157,Closed,CMS Interaction,Pending Order,Mobile Postpaid,3/29/2026 7:05,3/29/2026 7:27,69470,69470,ITCMS,IT CMS
SD1866158,Closed,CMS Interaction,Pending Order,Fesibility Check Failure,3/29/2026 7:06,3/29/2026 7:20,scheduledAction,69517,ITCMS,IT CMS
SD1866160,Closed,CMS Interaction,UOMS,PortOut/PortIN,3/29/2026 7:07,4/2/2026 4:17,19715928,69758,Escalated Tickets ,ARBOR SUPPORT
SD1866161,Closed,CMS Interaction,Pending Order,Mobile Postpaid,3/29/2026 7:08,3/29/2026 7:20,scheduledAction,69517,ITCMS,IT CMS
SD1866166,Closed,CMS Interaction,Pending Order,RTCS Failure,3/29/2026 7:16,3/29/2026 7:29,69470,69470,ITCMS,IT CMS
SD1866167,Closed,CMS Interaction,BIP Billing,Collection,3/29/2026 7:17,3/29/2026 7:37,J2226589,22674,Escalated Tickets ,BIP Billing
SD1866169,Closed,CMS Interaction,Pending Order,Fixed Voic and Data,3/29/2026 7:17,3/31/2026 8:01,scheduledAction,8.54905E+11,Escalated Tickets ,NEP Support
SD1866170,Closed,CMS Interaction,ITA,ITA,3/29/2026 7:19,3/29/2026 8:21,05766431,05766431,ITCMS,IT CMS
SD1866172,Closed,CMS Interaction,BIP Billing,Commitment,3/29/2026 7:34,3/29/2026 8:05,J2226589,J2226589,Escalated Tickets ,BIP Billing
SD1866175,Closed,CMS Interaction,CRM,Other,3/29/2026 7:27,4/2/2026 4:22,19715928,19715928,Escalated Tickets ,ARBOR SUPPORT
SD1866176,Closed,CMS Interaction,DDMS,Dunning,3/29/2026 7:27,4/1/2026 12:24,P1832151,P1832151,Escalated Tickets ,BSS DDMS
SD1866178,Closed,CMS Interaction,RTCS,Data Usage,3/29/2026 7:32,3/29/2026 8:26,61495417,61495417,Escalated Tickets ,BSS RTCS
SD1866183,Closed,CMS Interaction,BIP Billing,Commitment,3/29/2026 7:37,3/29/2026 8:13,J2226589,22674,Escalated Tickets ,BIP Billing
SD1866188,Closed,CMS Interaction,POS and CMA,Reversal,3/29/2026 7:41,3/30/2026 2:44,X6410019,X6410019,Escalated Tickets ,BSS POS
SD1866190,Closed,CMS Interaction,ITA,ITA,3/29/2026 7:43,4/1/2026 6:55,11125603,11125603,ITCMS,IT CMS
SD1866195,Closed,CMS Interaction,Pending Order,Mobile Postpaid,3/29/2026 7:49,3/29/2026 8:13,05766431,05766431,ITCMS,IT CMS
SD1866197,Closed,CMS Interaction,Pending Order,Mobile Postpaid,3/29/2026 7:51,4/2/2026 4:24,19715928,19715928,Escalated Tickets ,ARBOR SUPPORT
SD1866198,Closed,CMS Interaction,Pending Order,Mobile Postpaid,3/29/2026 7:53,3/29/2026 9:57,scheduledAction,69470,ITCMS,IT CMS
SD1866200,Closed,CMS Interaction,HBB User Name,User id  issue,3/29/2026 7:57,3/31/2026 5:45,05766431,05766431,ITCMS,IT CMS
SD1866204,Closed,CMS Interaction,Pending Order,BIP Failure,3/29/2026 8:04,3/29/2026 8:12,69470,69470,ITCMS,IT CMS
SD1866207,Closed,CMS Interaction,CRM,Other,3/29/2026 8:08,3/29/2026 8:14,69470,69470,ITCMS,IT CMS
SD1866208,Closed,CMS Interaction,CRM,Other,3/29/2026 8:08,3/30/2026 8:32,69566,69566,ITCMS,IT CMS
SD1866211,Closed,CMS Interaction,CRM,Other,3/29/2026 8:09,3/31/2026 8:41,11125603,11125603,ITCMS,IT CMS
SD1866212,Closed,CMS Interaction,Pending Order,BIP Failure,3/29/2026 8:10,3/29/2026 8:14,05766431,05766431,ITCMS,IT CMS
SD1866213,Closed,CMS Interaction,CRM,Other,3/29/2026 8:10,3/29/2026 8:15,05766431,05766431,ITCMS,IT CMS
SD1866214,Closed,CMS Interaction,Pending Order,RTCS Failure,3/29/2026 8:12,3/29/2026 8:16,69470,69470,ITCMS,IT CMS
SD1866215,Closed,CMS Interaction,CRM,Other,3/29/2026 8:12,3/29/2026 8:16,05766431,05766431,ITCMS,IT CMS
SD1866217,Closed,CMS Interaction,CRM,No Data Found,3/29/2026 8:15,4/1/2026 6:12,Q511636,X6410019,Escalated Tickets ,BSS CRM
SD1866219,Closed,CMS Interaction,CRM,Other,3/29/2026 8:16,3/29/2026 10:27,05766431,05766431,ITCMS,IT CMS
SD1866221,Closed,CMS Interaction,Pending Order,Mobile Postpaid,3/29/2026 8:17,3/29/2026 9:57,scheduledAction,11125603,ITCMS,IT CMS
SD1866224,Closed,CMS Interaction,Pending Order,Mobile Postpaid,3/29/2026 8:18,3/29/2026 11:29,Z6302499,Z6302499,Escalated Tickets ,OSS Mediation Support
SD1866225,Closed,CMS Interaction,Pending Order,Mobile Postpaid,3/29/2026 8:19,3/29/2026 11:09,05766431,05766431,ITCMS,IT CMS
SD1866226,Closed,CMS Interaction,BIP Billing,Bill Issue,3/29/2026 8:20,3/29/2026 13:40,L7990290,L7990290,Escalated Tickets ,BSS iPDF
SD1866228,Closed,CMS Interaction,Pending Order,Mobile Postpaid,3/29/2026 8:20,3/29/2026 8:26,05766431,05766431,ITCMS,IT CMS
SD1866230,Closed,CMS Interaction,Pending Order,Mobile Postpaid,3/29/2026 8:21,3/29/2026 8:27,05766431,05766431,ITCMS,IT CMS
SD1866231,Closed,CMS Interaction,CRM,No Data Found,3/29/2026 8:21,3/29/2026 8:30,05766431,05766431,ITCMS,IT CMS
SD1866240,Closed,CMS Interaction,Pending Order,BIP Failure,3/29/2026 8:30,3/29/2026 9:57,scheduledAction,05766431,ITCMS,IT CMS
SD1866241,Closed,CMS Interaction,UOMS,Mobile,3/29/2026 8:30,3/29/2026 8:33,05766431,05766431,ITCMS,IT CMS
SD1866242,Closed,CMS Interaction,Pending Order,Mobile Prepaid,3/29/2026 8:31,3/29/2026 10:23,05766431,05766431,ITCMS,IT CMS
SD1866244,Closed,CMS Interaction,Pending Order,Mobile Postpaid,3/29/2026 8:33,3/29/2026 9:57,scheduledAction,Q511636,Escalated Tickets ,BSS CRM
SD1866245,Closed,CMS Interaction,Pending Order,Mobile Postpaid,3/29/2026 8:33,3/29/2026 10:24,05766431,05766431,ITCMS,IT CMS
SD1866246,Closed,CMS Interaction,Pending Order,BIP Failure,3/29/2026 8:35,3/29/2026 10:24,05766431,05766431,ITCMS,IT CMS
SD1866252,Closed,CMS Interaction,CRM,Other,3/29/2026 8:39,4/1/2026 6:17,Q511636,Q511636,Escalated Tickets ,BSS CRM
SD1866253,Closed,CMS Interaction,UOMS,Mobile,3/29/2026 8:39,3/29/2026 9:09,69577,69577,ITCMS,IT CMS
SD1866257,Closed,CMS Interaction,CRM,Other,3/29/2026 8:45,3/29/2026 11:08,05766431,05766431,ITCMS,IT CMS
SD1866258,Closed,CMS Interaction,CRM,Other,3/29/2026 8:46,3/29/2026 11:05,05766431,05766431,ITCMS,IT CMS
SD1866260,Closed,CMS Interaction,Pending Order,WFBB Order,3/29/2026 8:47,3/29/2026 9:11,69577,69577,ITCMS,IT CMS
SD1866261,Closed,CMS Interaction,CRM,Other,3/29/2026 8:49,3/29/2026 9:14,69577,69577,ITCMS,IT CMS
SD1866262,Closed,CMS Interaction,BIP Billing,Commitment,3/29/2026 8:48,3/29/2026 11:01,05766431,05766431,ITCMS,IT CMS
SD1866263,Closed,CMS Interaction,DDMS,Reconnection,3/29/2026 8:49,4/1/2026 12:27,P1832151,P1832151,Escalated Tickets ,BSS DDMS
SD1866264,Closed,CMS Interaction,CRM,Other,3/29/2026 8:50,3/30/2026 6:25,19715928,19715928,Escalated Tickets ,ARBOR SUPPORT
SD1866265,Closed,CMS Interaction,CRM,Other,3/29/2026 8:51,3/29/2026 11:01,05766431,05766431,ITCMS,IT CMS
SD1866268,Closed,CMS Interaction,Pending Order,Mobile Prepaid,3/29/2026 8:52,3/29/2026 10:59,05766431,05766431,ITCMS,IT CMS
SD1866270,Closed,CMS Interaction,Pending Order,ITA order,3/29/2026 8:54,3/29/2026 9:57,scheduledAction,69577,ITCMS,IT CMS
SD1866271,Closed,CMS Interaction,Pending Order,Mobile Postpaid,3/29/2026 8:54,3/29/2026 10:28,05766431,05766431,ITCMS,IT CMS
SD1866272,Closed,CMS Interaction,Pending Order,Mobile Postpaid,3/29/2026 8:55,3/29/2026 9:57,scheduledAction,scheduledAction,ITCMS,IT CMS
SD1866273,Closed,CMS Interaction,Pending Order,Mobile Postpaid,3/29/2026 8:55,3/29/2026 9:57,scheduledAction,scheduledAction,ITCMS,IT CMS
SD1866275,Closed,CMS Interaction,Pending Order,Mobile Postpaid,3/29/2026 8:56,3/29/2026 9:25,scheduledAction,scheduledAction,ITCMS,IT CMS
SD1866276,Closed,CMS Interaction,UOMS,Mobile,3/29/2026 8:56,3/30/2026 20:34,69130,69130,ITCMS,IT CMS
SD1866277,Closed,CMS Interaction,CRM,Other,3/29/2026 8:57,3/30/2026 20:32,69130,69130,ITCMS,IT CMS
SD1866278,Closed,CMS Interaction,Pending Order,Mobile Prepaid,3/29/2026 8:57,3/29/2026 10:26,69566,69566,ITCMS,IT CMS
SD1866282,Closed,CMS Interaction,Pending Order,Mobile Prepaid,3/29/2026 8:59,3/29/2026 9:25,scheduledAction,69566,ITCMS,IT CMS
SD1866283,Closed,CMS Interaction,CRM,Slowness,3/29/2026 9:01,3/29/2026 10:28,05766431,05766431,ITCMS,IT CMS
SD1866284,Closed,CMS Interaction,CRM,Slowness,3/29/2026 9:02,3/29/2026 10:29,05766431,05766431,ITCMS,IT CMS
SD1866286,Closed,CMS Interaction,Pending Order,Fixed Voic and Data,3/29/2026 9:04,4/1/2026 9:40,Q511636,Q511636,Escalated Tickets ,BSS CRM
SD1866287,Closed,CMS Interaction,Pending Order,Mobile Postpaid,3/29/2026 9:05,3/29/2026 9:57,scheduledAction,scheduledAction,ITCMS,IT CMS
SD1866288,Closed,CMS Interaction,Pending Order,Mobile Postpaid,3/29/2026 9:06,3/29/2026 10:30,05766431,05766431,ITCMS,IT CMS
SD1866291,Closed,CMS Interaction,POS and CMA,User Issue,3/29/2026 9:08,3/30/2026 8:25,05766431,05766431,ITCMS,IT CMS
SD1866292,Closed,CMS Interaction,Pending Order,Mobile Postpaid,3/29/2026 9:08,3/29/2026 9:57,scheduledAction,scheduledAction,ITCMS,IT CMS
SD1866293,Closed,CMS Interaction,Pending Order,Mobile Postpaid,3/29/2026 9:10,3/29/2026 9:57,scheduledAction,scheduledAction,ITCMS,IT CMS
SD1866294,Closed,CMS Interaction,CRM,Other,3/29/2026 9:11,3/29/2026 10:34,05766431,05766431,ITCMS,IT CMS
SD1866295,Closed,CMS Interaction,Pending Order,BIP Failure,3/29/2026 9:11,3/29/2026 9:25,scheduledAction,scheduledAction,ITCMS,IT CMS
SD1866296,Closed,CMS Interaction,Pending Order,RTCS Failure,3/29/2026 9:11,3/29/2026 9:32,69758,69758,Escalated Tickets ,ARBOR SUPPORT
SD1866297,Closed,CMS Interaction,Pending Order,Mobile Prepaid,3/29/2026 9:12,3/29/2026 9:57,scheduledAction,scheduledAction,ITCMS,IT CMS
SD1866298,Closed,CMS Interaction,Pending Order,WFBB Order,3/29/2026 9:12,3/29/2026 11:42,69470,69470,ITCMS,IT CMS
SD1866299,Closed,CMS Interaction,Pending Order,WFBB Order,3/29/2026 9:12,3/29/2026 11:45,69470,69470,ITCMS,IT CMS
SD1866301,Closed,CMS Interaction,Pending Order,Mobile Prepaid,3/29/2026 9:14,3/29/2026 10:36,05766431,05766431,ITCMS,IT CMS
SD1866302,Closed,CMS Interaction,CRM,Other,3/29/2026 9:14,3/29/2026 10:37,05766431,05766431,ITCMS,IT CMS
SD1866303,Closed,CMS Interaction,Pending Order,Mobile Postpaid,3/29/2026 9:14,3/29/2026 9:57,scheduledAction,scheduledAction,ITCMS,IT CMS
SD1866305,Closed,CMS Interaction,Pending Order,Mobile Postpaid,3/29/2026 9:16,3/29/2026 10:38,05766431,05766431,ITCMS,IT CMS
SD1866306,Closed,CMS Interaction,UOMS,Mobile,3/29/2026 9:17,3/29/2026 10:39,05766431,05766431,ITCMS,IT CMS
SD1866309,Closed,CMS Interaction,UOMS,PortOut/PortIN,3/29/2026 9:18,3/29/2026 10:40,05766431,05766431,ITCMS,IT CMS
SD1866310,Closed,CMS Interaction,UOMS,Mobile,3/29/2026 9:19,3/29/2026 10:41,05766431,05766431,ITCMS,IT CMS
SD1866311,Closed,CMS Interaction,Pending Order,Mobile Postpaid,3/29/2026 9:21,3/29/2026 10:30,scheduledAction,scheduledAction,ITCMS,IT CMS
SD1866312,Closed,CMS Interaction,Pending Order,Mobile Postpaid,3/29/2026 9:21,3/29/2026 9:57,scheduledAction,scheduledAction,ITCMS,IT CMS
SD1866313,Closed,CMS Interaction,Pending Order,Fesibility Check Failure,3/29/2026 9:22,3/29/2026 9:57,scheduledAction,scheduledAction,ITCMS,IT CMS
SD1866314,Closed,CMS Interaction,UOMS,Mobile,3/29/2026 9:21,3/31/2026 9:32,69566,69566,ITCMS,IT CMS
SD1866316,Closed,CMS Interaction,Pending Order,Mobile Postpaid,3/29/2026 9:22,3/29/2026 9:57,scheduledAction,scheduledAction,ITCMS,IT CMS
SD1866317,Closed,CMS Interaction,RTCS,Short code and SMS,3/29/2026 9:22,3/29/2026 11:45,69470,69470,ITCMS,IT CMS
SD1866318,Closed,CMS Interaction,Pending Order,Mobile Postpaid,3/29/2026 9:23,3/29/2026 10:42,05766431,05766431,ITCMS,IT CMS
SD1866319,Closed,CMS Interaction,Pending Order,Mobile Postpaid,3/29/2026 9:24,3/29/2026 10:42,05766431,05766431,ITCMS,IT CMS
SD1866320,Closed,CMS Interaction,Pending Order,Mobile Postpaid,3/29/2026 9:25,3/29/2026 9:58,scheduledAction,scheduledAction,ITCMS,IT CMS
SD1866321,Closed,CMS Interaction,Pending Order,Mobile Prepaid,3/29/2026 9:25,3/30/2026 6:04,11125603,11125603,ITCMS,IT CMS
SD1866322,Closed,CMS Interaction,Pending Order,Mobile Prepaid,3/29/2026 9:25,3/29/2026 9:55,69566,69566,ITCMS,IT CMS
SD1866323,Closed,CMS Interaction,Pending Order,Mobile Postpaid,3/29/2026 9:26,3/29/2026 9:58,scheduledAction,scheduledAction,ITCMS,IT CMS
SD1866326,Closed,CMS Interaction,UOMS,Mobile,3/29/2026 9:28,3/30/2026 10:33,19715928,19715928,Escalated Tickets ,ARBOR SUPPORT
SD1866327,Closed,CMS Interaction,Pending Order,Mobile Postpaid,3/29/2026 9:28,3/29/2026 9:58,scheduledAction,scheduledAction,ITCMS,IT CMS
SD1866328,Closed,CMS Interaction,Pending Order,Mobile Postpaid,3/29/2026 9:28,3/29/2026 9:58,scheduledAction,scheduledAction,ITCMS,IT CMS
SD1866329,Closed,CMS Interaction,DDMS,DDMS Interface,3/29/2026 9:29,4/1/2026 12:31,P1832151,P1832151,Escalated Tickets ,BSS DDMS
SD1866330,Closed,CMS Interaction,Pending Order,Mobile Prepaid,3/29/2026 9:30,3/29/2026 10:44,05766431,05766431,ITCMS,IT CMS
SD1866331,Closed,CMS Interaction,CRM,Other,3/29/2026 9:30,3/29/2026 11:53,S630048,S630048,Escalated Tickets ,ARBOR SUPPORT
SD1866333,Closed,CMS Interaction,POS and CMA,Pending Payment,3/29/2026 9:31,3/30/2026 6:31,19715928,19715928,Escalated Tickets ,ARBOR SUPPORT
SD1866335,Closed,CMS Interaction,Pending Order,Mobile Postpaid,3/29/2026 9:31,3/29/2026 9:58,scheduledAction,scheduledAction,ITCMS,IT CMS
SD1866336,Closed,CMS Interaction,Pending Order,Mobile Postpaid,3/29/2026 9:32,3/29/2026 10:44,05766431,05766431,ITCMS,IT CMS
SD1866337,Closed,CMS Interaction,Pending Order,Mobile Prepaid,3/29/2026 9:32,3/29/2026 9:58,scheduledAction,scheduledAction,ITCMS,IT CMS
SD1866338,Closed,CMS Interaction,Pending Order,Mobile Postpaid,3/29/2026 9:32,3/29/2026 10:45,05766431,05766431,ITCMS,IT CMS
SD1866339,Closed,CMS Interaction,HBB User Name,User ID Inactive,3/29/2026 9:33,3/29/2026 10:46,05766431,05766431,ITCMS,IT CMS
SD1866340,Closed,CMS Interaction,Pending Order,BIP Failure,3/29/2026 9:33,3/29/2026 9:58,scheduledAction,scheduledAction,ITCMS,IT CMS
SD1866342,Closed,CMS Interaction,UOMS,WFBB,3/29/2026 9:34,3/30/2026 10:54,19715928,Q511636,Escalated Tickets ,BSS CRM
SD1866343,Closed,CMS Interaction,Pending Order,Mobile Postpaid,3/29/2026 9:36,3/29/2026 10:30,scheduledAction,scheduledAction,ITCMS,IT CMS
SD1866347,Closed,CMS Interaction,Pending Order,Mobile Postpaid,3/29/2026 9:39,3/29/2026 10:30,scheduledAction,scheduledAction,ITCMS,IT CMS
SD1866348,Closed,CMS Interaction,Pending Order,Mobile Postpaid,3/29/2026 9:40,3/29/2026 10:30,scheduledAction,scheduledAction,ITCMS,IT CMS
SD1866349,Closed,CMS Interaction,Pending Order,Mobile Postpaid,3/29/2026 9:42,3/29/2026 10:30,scheduledAction,scheduledAction,ITCMS,IT CMS
SD1866350,Closed,CMS Interaction,Pending Order,Mobile Postpaid,3/29/2026 9:42,3/29/2026 9:58,scheduledAction,scheduledAction,ITCMS,IT CMS
SD1866351,Closed,CMS Interaction,Pending Order,Fixed Voic and Data,3/29/2026 9:42,4/1/2026 9:55,LR1995699,LR1995699,Escalated Tickets ,NEP Support
SD1866354,Closed,CMS Interaction,CRM,Other,3/29/2026 9:42,3/29/2026 10:47,05766431,05766431,ITCMS,IT CMS
SD1866355,Closed,CMS Interaction,BIP Billing,Bill Issue,3/29/2026 9:43,3/30/2026 6:35,J2226589,J2226589,Escalated Tickets ,BIP Billing
SD1866356,Closed,CMS Interaction,Pending Order,Mobile Prepaid,3/29/2026 9:44,3/29/2026 10:38,69577,69577,ITCMS,IT CMS
SD1866357,Closed,CMS Interaction,Pending Order,Mobile Prepaid,3/29/2026 9:45,3/29/2026 9:58,scheduledAction,scheduledAction,ITCMS,IT CMS
SD1866359,Closed,CMS Interaction,Pending Order,Mobile Postpaid,3/29/2026 9:47,3/29/2026 10:34,69577,69577,ITCMS,IT CMS
SD1866361,Closed,CMS Interaction,Pending Order,RTCS Failure,3/29/2026 9:48,3/29/2026 10:30,scheduledAction,scheduledAction,ITCMS,IT CMS
SD1866362,Closed,CMS Interaction,Pending Order,Mobile Postpaid,3/29/2026 9:48,3/29/2026 10:32,69577,69577,ITCMS,IT CMS
SD1866363,Closed,CMS Interaction,Pending Order,Mobile Prepaid,3/29/2026 9:48,3/29/2026 9:52,69566,69566,ITCMS,IT CMS
SD1866364,Closed,CMS Interaction,Pending Order,Mobile Postpaid,3/29/2026 9:49,3/29/2026 10:30,69577,69577,ITCMS,IT CMS
SD1866365,Closed,CMS Interaction,Pending Order,Mobile Postpaid,3/29/2026 9:49,3/29/2026 9:58,scheduledAction,scheduledAction,ITCMS,IT CMS
SD1866369,Closed,CMS Interaction,Pending Order,Mobile Postpaid,3/29/2026 9:50,3/29/2026 9:58,scheduledAction,scheduledAction,ITCMS,IT CMS
SD1866370,Closed,CMS Interaction,Pending Order,Mobile Postpaid,3/29/2026 9:50,3/29/2026 10:22,69577,69577,ITCMS,IT CMS
SD1866372,Closed,CMS Interaction,CRM,Other,3/29/2026 9:53,3/30/2026 11:07,19715928,19715928,Escalated Tickets ,ARBOR SUPPORT
SD1866374,Closed,CMS Interaction,Pending Order,Mobile Postpaid,3/29/2026 9:55,4/2/2026 4:34,19715928,12349939,Escalated Tickets ,ARBOR SUPPORT
SD1866375,Closed,CMS Interaction,RTCS,Short code and SMS,3/29/2026 9:56,3/30/2026 20:31,69130,69130,ITCMS,IT CMS
SD1866376,Closed,CMS Interaction,Pending Order,Fixed Voic and Data,3/29/2026 9:57,3/29/2026 10:48,05766431,05766431,ITCMS,IT CMS
SD1866381,Closed,CMS Interaction,Pending Order,BIP Failure,3/29/2026 10:06,3/29/2026 10:30,scheduledAction,scheduledAction,ITCMS,IT CMS
SD1866385,Closed,CMS Interaction,POS and CMA,Reversal,3/29/2026 10:12,3/31/2026 5:55,11125603,11125603,ITCMS,IT CMS
SD1866386,Closed,CMS Interaction,CRM,Other,3/29/2026 10:13,4/2/2026 4:48,Q511636,X6410019,Escalated Tickets ,BSS CRM
SD1866387,Closed,CMS Interaction,Pending Order,Fixed Voic and Data,3/29/2026 10:16,3/29/2026 10:49,05766431,05766431,ITCMS,IT CMS
SD1866388,Closed,CMS Interaction,Pending Order,Fixed Voic and Data,3/29/2026 10:18,3/29/2026 11:02,scheduledAction,69577,ITCMS,IT CMS
SD1866390,Closed,CMS Interaction,Pending Order,Fixed Voic and Data,3/29/2026 10:21,3/29/2026 10:45,69577,69577,ITCMS,IT CMS
SD1866391,Closed,CMS Interaction,BIP Billing,Plan Penalty Suppress,3/29/2026 10:22,3/29/2026 10:53,J2226589,S5801880,Escalated Tickets ,BIP Billing
SD1866392,Closed,CMS Interaction,RTCS,Short code and SMS,3/29/2026 10:21,3/29/2026 11:51,69470,69470,ITCMS,IT CMS
SD1866393,Closed,CMS Interaction,RTCS,Data Usage,3/29/2026 10:21,3/30/2026 5:41,11125603,11125603,ITCMS,IT CMS
SD1866396,Assign,CMS Interaction,CRM,Other,3/29/2026 10:23,,,,Escalated Tickets ,Mobile Core_CS Core_Standalone
SD1866397,Closed,CMS Interaction,Pending Order,Fixed Voic and Data,3/29/2026 10:23,3/29/2026 10:51,05766431,05766431,ITCMS,IT CMS
SD1866398,Closed,CMS Interaction,Pending Order,Fixed Voic and Data,3/29/2026 10:26,3/29/2026 10:53,05766431,05766431,ITCMS,IT CMS
SD1866399,Closed,CMS Interaction,Pending Order,Mobile Prepaid,3/29/2026 10:27,3/29/2026 10:54,05766431,05766431,ITCMS,IT CMS
SD1866401,Closed,CMS Interaction,BIP Billing,Commitment,3/29/2026 10:32,3/29/2026 10:55,J2226589,J2226589,Escalated Tickets ,BIP Billing
SD1866404,Closed,CMS Interaction,Pending Order,Mobile Postpaid,3/29/2026 10:34,3/30/2026 8:31,scheduledAction,69758,Escalated Tickets ,ARBOR SUPPORT
SD1866405,Closed,CMS Interaction,BIP Billing,Account Name Change,3/29/2026 10:35,3/31/2026 14:06,L7990290,L7990290,Escalated Tickets ,BSS iPDF
SD1866407,Closed,CMS Interaction,Pending Order,Fixed Voic and Data,3/29/2026 10:35,3/29/2026 10:56,05766431,05766431,ITCMS,IT CMS
SD1866409,Closed,CMS Interaction,Pending Order,WFBB Order,3/29/2026 10:36,3/30/2026 5:15,scheduledAction,scheduledAction,ITCMS,IT CMS
SD1866413,Closed,CMS Interaction,Pending Order,Mobile Postpaid,3/29/2026 10:37,3/30/2026 5:44,11125603,11125603,ITCMS,IT CMS
SD1866417,Closed,CMS Interaction,BIP Billing,Account Name Change,3/29/2026 10:38,3/30/2026 10:10,L7990290,L7990290,Escalated Tickets ,BSS iPDF
SD1866418,Closed,CMS Interaction,CRM,Other,3/29/2026 10:38,4/1/2026 8:31,05766431,05766431,ITCMS,IT-CMS Support
SD1866419,Closed,CMS Interaction,RTCS,Data Usage,3/29/2026 10:38,3/30/2026 20:30,69130,69130,ITCMS,IT CMS
SD1866426,Closed,CMS Interaction,RTCS,Short code and SMS,3/29/2026 10:48,3/31/2026 7:05,11125603,11125603,ITCMS,IT CMS
SD1866427,Closed,CMS Interaction,DDMS,DDMS Interface,3/29/2026 10:55,4/1/2026 12:33,P1832151,P1832151,Escalated Tickets ,BSS DDMS
SD1866428,Closed,CMS Interaction,Pending Order,Mobile Postpaid,3/29/2026 10:56,3/29/2026 10:58,05766431,05766431,ITCMS,IT CMS
SD1866430,Closed,CMS Interaction,Pending Order,HSS Issue,3/29/2026 10:57,4/2/2026 5:15,19715928,19715928,Escalated Tickets ,ARBOR SUPPORT
SD1866431,Closed,CMS Interaction,Preorder Issue,Invalid Data,3/29/2026 10:59,3/29/2026 11:15,05766431,05766431,ITCMS,IT CMS
SD1866432,Closed,CMS Interaction,DDMS,Dunning,3/29/2026 11:00,4/1/2026 12:35,P1832151,P1832151,Escalated Tickets ,BSS DDMS
SD1866435,Closed,CMS Interaction,BIP Billing,Others,3/29/2026 11:03,3/30/2026 10:11,L7990290,L7990290,Escalated Tickets ,BSS iPDF
SD1866436,Closed,CMS Interaction,Pending Order,BIP Failure,3/29/2026 11:05,3/30/2026 7:48,22674,22674,Escalated Tickets ,BSS RTCS
SD1866439,Closed,CMS Interaction,Pending Order,Mobile Postpaid,3/29/2026 11:07,3/29/2026 11:12,05766431,05766431,ITCMS,IT CMS
SD1866441,Closed,CMS Interaction,BIP Billing,Others,3/29/2026 11:09,3/31/2026 9:36,69566,69566,ITCMS,IT CMS
SD1866442,Closed,CMS Interaction,Pending Order,Mobile Postpaid,3/29/2026 11:09,3/29/2026 11:11,05766431,05766431,ITCMS,IT CMS
SD1866443,Closed,CMS Interaction,Pending Order,WFBB Order,3/29/2026 11:09,3/31/2026 6:55,scheduledAction,8.54905E+11,Escalated Tickets ,NEP Support
SD1866446,Closed,CMS Interaction,CRM,Other,3/29/2026 11:11,3/29/2026 12:01,S630048,S630048,Escalated Tickets ,ARBOR SUPPORT
SD1866448,Closed,CMS Interaction,DDMS,Dunning,3/29/2026 11:12,4/1/2026 12:36,P1832151,69574,Escalated Tickets ,BSS DDMS
SD1866449,Closed,CMS Interaction,Pending Order,ITA order,3/29/2026 11:13,3/29/2026 12:00,69470,69470,ITCMS,IT CMS
SD1866450,Closed,CMS Interaction,CRM,Realize Number Issue,3/29/2026 11:13,4/2/2026 8:01,19715928,19715928,Escalated Tickets ,ARBOR SUPPORT
SD1866453,Closed,CMS Interaction,Pending Order,Fixed Voic and Data,3/29/2026 11:17,3/30/2026 8:21,05766431,05766431,ITCMS,IT CMS
SD1866454,Closed,CMS Interaction,Pending Order,Mobile Prepaid,3/29/2026 11:20,3/29/2026 11:34,scheduledAction,scheduledAction,ITCMS,IT CMS
SD1866455,Closed,CMS Interaction,Pending Order,Fixed Voic and Data,3/29/2026 11:23,3/30/2026 7:24,69566,69566,ITCMS,IT CMS
SD1866458,Closed,CMS Interaction,Pending Order,Fixed Voic and Data,3/29/2026 11:25,3/30/2026 6:18,scheduledAction,scheduledAction,ITCMS,IT CMS
SD1866459,Closed,CMS Interaction,Pending Order,Fixed Voic and Data,3/29/2026 11:28,3/29/2026 11:46,69566,69566,ITCMS,IT CMS
SD1866460,Closed,CMS Interaction,BIP Billing,Others,3/29/2026 11:30,3/29/2026 11:33,69566,69566,ITCMS,IT CMS
SD1866461,Closed,CMS Interaction,Pending Order,Fixed Voic and Data,3/29/2026 11:33,3/29/2026 11:37,69566,69566,ITCMS,IT CMS
SD1866463,Closed,CMS Interaction,BIP Billing,Sample Bills,3/29/2026 11:36,3/30/2026 10:19,L7990290,L7990290,Escalated Tickets ,BSS iPDF
SD1866464,Closed,CMS Interaction,Pending Order,RTCS Failure,3/29/2026 11:36,4/1/2026 9:36,scheduledAction,scheduledAction,Digital CICM L1 Support,Digital CICM L1 Support
SD1866466,Closed,CMS Interaction,Enterprise Billing,Payments Failure,3/29/2026 11:37,3/30/2026 20:28,69130,69130,ITCMS,IT-CMS Support
SD1866468,Closed,CMS Interaction,CRM,Other,3/29/2026 11:39,4/5/2026 8:27,69758,69758,Escalated Tickets ,ARBOR SUPPORT
SD1866470,Closed,CMS Interaction,RTCS,Data Usage,3/29/2026 11:41,3/30/2026 8:20,69577,69577,ITCMS,IT CMS
SD1866471,Closed,CMS Interaction,CRM,Other,3/29/2026 11:41,3/30/2026 6:30,05766431,05766431,ITCMS,IT CMS
SD1866473,Closed,CMS Interaction,POS and CMA,Pending Payment,3/29/2026 11:43,3/30/2026 8:24,05766431,05766431,ITCMS,IT CMS
SD1866474,Closed,CMS Interaction,Pending Order,Fixed Voic and Data,3/29/2026 11:44,3/29/2026 11:48,69566,69566,ITCMS,IT CMS
SD1866475,Closed,CMS Interaction,CRM,No Data Found,3/29/2026 11:45,3/30/2026 20:26,69130,69130,ITCMS,IT CMS
SD1866476,Closed,CMS Interaction,Pending Order,Fixed Voic and Data,3/29/2026 11:47,3/29/2026 11:50,69566,69566,ITCMS,IT CMS
SD1866479,Closed,CMS Interaction,Pending Order,Fixed Voic and Data,3/29/2026 11:49,3/29/2026 11:54,69566,69566,ITCMS,IT CMS
SD1866481,Closed,CMS Interaction,Pending Order,Fixed Voic and Data,3/29/2026 11:51,3/29/2026 11:55,69566,69566,ITCMS,IT CMS
SD1866486,Closed,CMS Interaction,Pending Order,Fixed Voic and Data,3/29/2026 11:58,3/30/2026 7:27,69566,69566,ITCMS,IT CMS
SD1866487,Closed,CMS Interaction,Pending Order,RTCS Failure,3/29/2026 12:00,3/29/2026 12:32,scheduledAction,scheduledAction,ITCMS,IT CMS
SD1866489,Closed,CMS Interaction,Pending Order,Fixed Voic and Data,3/29/2026 12:01,3/30/2026 8:17,05766431,05766431,ITCMS,IT CMS
SD1866491,Closed,CMS Interaction,CRM,Other,3/29/2026 12:02,4/2/2026 9:33,19715928,19715928,Escalated Tickets ,ARBOR SUPPORT
SD1866492,Closed,CMS Interaction,UOMS,Mobile,3/29/2026 12:06,3/30/2026 20:26,69130,69130,ITCMS,IT CMS
SD1866493,Closed,CMS Interaction,Pending Order,Fixed Voic and Data,3/29/2026 12:06,3/29/2026 13:55,69130,69130,ITCMS,IT CMS
SD1866494,Closed,CMS Interaction,Pending Order,Fixed Voic and Data,3/29/2026 12:08,3/30/2026 8:15,05766431,05766431,ITCMS,IT CMS
SD1866497,Closed,CMS Interaction,Pending Order,Fixed Voic and Data,3/29/2026 12:11,3/30/2026 7:46,05766431,05766431,ITCMS,IT CMS
SD1866500,Closed,CMS Interaction,Pending Order,Fixed Voic and Data,3/29/2026 12:13,3/30/2026 7:02,69577,69577,ITCMS,IT CMS
SD1866502,Closed,CMS Interaction,BIP Billing,Bill Issue,3/29/2026 12:15,3/30/2026 10:24,L7990290,L7990290,Escalated Tickets ,BSS iPDF
SD1866503,Closed,CMS Interaction,Pending Order,Fixed Voic and Data,3/29/2026 12:18,3/30/2026 5:16,scheduledAction,scheduledAction,ITCMS,IT CMS
SD1866507,Closed,CMS Interaction,Pending Order,Fixed Voic and Data,3/29/2026 12:25,3/30/2026 7:47,69566,69566,ITCMS,IT CMS
SD1866508,Closed,CMS Interaction,BIP Billing,Bill Issue,3/29/2026 12:25,3/30/2026 14:29,L7990290,L7990290,Escalated Tickets ,BSS iPDF
SD1866509,Closed,CMS Interaction,RTCS,Data Usage,3/29/2026 12:28,3/29/2026 13:51,69130,69130,ITCMS,IT CMS
SD1866510,Closed,CMS Interaction,Pending Order,Fixed Voic and Data,3/29/2026 12:29,3/30/2026 8:10,05766431,05766431,ITCMS,IT CMS
SD1866511,Closed,CMS Interaction,Pending Order,Fixed Voic and Data,3/29/2026 12:32,3/30/2026 7:50,69566,69566,ITCMS,IT CMS
SD1866512,Closed,CMS Interaction,Pending Order,Fixed Voic and Data,3/29/2026 12:34,3/30/2026 5:16,scheduledAction,scheduledAction,ITCMS,IT CMS
SD1866513,Closed,CMS Interaction,BIP Billing,Bill Issue,3/29/2026 12:34,4/2/2026 8:22,J2226589,J2226589,Escalated Tickets ,BIP Billing
SD1866514,Closed,CMS Interaction,UOMS,Mobile,3/29/2026 12:35,3/31/2026 6:24,11125603,11125603,ITCMS,IT CMS
SD1866517,Closed,CMS Interaction,Pending Order,Fixed Voic and Data,3/29/2026 12:54,3/30/2026 9:53,71009,71009,Escalated Tickets ,OSS Mediation Support
SD1866518,Closed,CMS Interaction,ITA,ITA,3/29/2026 12:54,3/30/2026 8:35,69566,69566,ITCMS,IT CMS
SD1866519,Closed,CMS Interaction,Pending Order,Mobile Prepaid,3/29/2026 13:01,3/29/2026 13:03,scheduledAction,scheduledAction,ITCMS,IT CMS
SD1866527,Closed,CMS Interaction,RTCS,Short code and SMS,3/29/2026 13:20,3/29/2026 13:43,69130,69130,ITCMS,IT CMS
SD1866529,Closed,CMS Interaction,UOMS,Mobile,3/29/2026 13:31,3/31/2026 7:07,05766431,05766431,ITCMS,IT CMS
SD1866538,Closed,CMS Interaction,Pending Order,Mobile Postpaid,3/29/2026 13:48,3/30/2026 7:42,05766431,05766431,ITCMS,IT CMS
SD1866539,Closed,CMS Interaction,Pending Order,Fixed Voic and Data,3/29/2026 13:49,3/30/2026 7:48,05766431,05766431,ITCMS,IT CMS
SD1866540,Closed,CMS Interaction,Pending Order,RTCS Failure,3/29/2026 13:50,3/30/2026 7:24,scheduledAction,69566,ITCMS,IT CMS
SD1866542,Closed,CMS Interaction,Pending Order,WFBB Order,3/29/2026 13:52,3/30/2026 6:41,69566,69566,ITCMS,IT CMS
SD1866543,Closed,CMS Interaction,RTCS,Short code and SMS,3/29/2026 14:03,3/30/2026 2:18,69130,69130,ITCMS,IT CMS
SD1866544,Closed,CMS Interaction,Pending Order,Mobile Postpaid,3/29/2026 14:11,4/4/2026 12:20,X6410019,X6410019,Escalated Tickets ,BSS CMA
SD1866545,Closed,CMS Interaction,RTCS,Data Usage,3/29/2026 14:30,3/30/2026 6:23,69566,69566,ITCMS,IT CMS
SD1866546,Closed,CMS Interaction,UOMS,Mobile,3/29/2026 14:45,3/30/2026 6:41,71009,71009,Escalated Tickets ,OSS Mediation Support
SD1866547,Closed,CMS Interaction,Pending Order,Mobile Postpaid,3/29/2026 14:51,3/29/2026 15:34,scheduledAction,scheduledAction,ITCMS,IT CMS
SD1866548,Closed,CMS Interaction,CRM,Other,3/29/2026 14:51,3/30/2026 7:08,19715928,19715928,Escalated Tickets ,ARBOR SUPPORT
SD1866549,Closed,CMS Interaction,Pending Order,WFBB Order,3/29/2026 15:04,3/30/2026 1:59,69130,69130,ITCMS,IT CMS
SD1866551,Closed,CMS Interaction,UOMS,Mobile,3/29/2026 15:17,3/30/2026 8:37,69566,69566,ITCMS,IT CMS
SD1866552,Closed,CMS Interaction,Pending Order,Fixed Voic and Data,3/29/2026 15:24,3/30/2026 8:03,05766431,05766431,ITCMS,IT CMS
SD1866553,Closed,CMS Interaction,CRM,No Data Found,3/29/2026 15:26,3/31/2026 8:01,J2226589,J2226589,Escalated Tickets ,BIP Billing
SD1866554,Closed,CMS Interaction,Pending Order,Fixed Voic and Data,3/29/2026 15:27,3/30/2026 7:40,05766431,05766431,ITCMS,IT CMS
SD1866555,Closed,CMS Interaction,Pending Order,Fixed Voic and Data,3/29/2026 15:29,3/30/2026 7:37,05766431,05766431,ITCMS,IT CMS
SD1866556,Closed,CMS Interaction,Pending Order,Fixed Voic and Data,3/29/2026 15:30,3/30/2026 7:33,05766431,05766431,ITCMS,IT CMS
SD1866557,Closed,CMS Interaction,Pending Order,Fixed Voic and Data,3/29/2026 15:30,3/30/2026 7:32,05766431,05766431,ITCMS,IT CMS
SD1866558,Closed,CMS Interaction,Pending Order,Fixed Voic and Data,3/29/2026 15:32,3/30/2026 7:24,05766431,05766431,ITCMS,IT CMS
SD1866559,Closed,CMS Interaction,Pending Order,Fixed Voic and Data,3/29/2026 15:33,3/30/2026 7:22,05766431,05766431,ITCMS,IT CMS
SD1866560,Closed,CMS Interaction,Pending Order,Fixed Voic and Data,3/29/2026 15:34,3/30/2026 7:20,05766431,05766431,ITCMS,IT CMS
SD1866561,Closed,CMS Interaction,Pending Order,Fixed Voic and Data,3/29/2026 15:35,3/30/2026 8:00,05766431,05766431,ITCMS,IT CMS
SD1866562,Closed,CMS Interaction,RTCS,Short code and SMS,3/29/2026 15:35,4/2/2026 9:35,U3012429,U3012429,Escalated Tickets ,Digital CICM Support
SD1866563,Closed,CMS Interaction,Pending Order,Fixed Voic and Data,3/29/2026 15:36,3/30/2026 7:19,05766431,05766431,ITCMS,IT CMS
SD1866564,Closed,CMS Interaction,RTCS,Data Usage,3/29/2026 15:37,3/30/2026 8:37,69566,69566,ITCMS,IT CMS
SD1866565,Closed,CMS Interaction,Pending Order,Mobile Postpaid,3/29/2026 15:37,3/29/2026 16:07,scheduledAction,scheduledAction,ITCMS,IT CMS
SD1866566,Closed,CMS Interaction,Pending Order,Fixed Voic and Data,3/29/2026 15:37,3/30/2026 7:10,69470,69470,ITCMS,IT CMS
SD1866567,Closed,CMS Interaction,Pending Order,Fixed Voic and Data,3/29/2026 15:40,3/30/2026 7:18,05766431,05766431,ITCMS,IT CMS
SD1866568,Closed,CMS Interaction,Pending Order,ITA order,3/29/2026 15:41,3/30/2026 7:16,05766431,05766431,ITCMS,IT CMS
SD1866569,Closed,CMS Interaction,Pending Order,Fixed Voic and Data,3/29/2026 15:43,3/30/2026 7:24,scheduledAction,69470,ITCMS,IT CMS
SD1866570,Closed,CMS Interaction,Pending Order,Fixed Voic and Data,3/29/2026 15:45,3/30/2026 7:24,scheduledAction,69470,ITCMS,IT CMS
SD1866571,Closed,CMS Interaction,Pending Order,Fixed Voic and Data,3/29/2026 15:46,3/30/2026 7:12,69470,69470,ITCMS,IT CMS
SD1866572,Closed,CMS Interaction,Pending Order,RTCS Failure,3/29/2026 15:47,4/6/2026 3:55,scheduledAction,12349939,Escalated Tickets ,ARBOR SUPPORT
SD1866573,Closed,CMS Interaction,Pending Order,Fixed Voic and Data,3/29/2026 15:48,3/30/2026 8:38,05766431,05766431,ITCMS,IT CMS
SD1866574,Closed,CMS Interaction,Pending Order,Fixed Voic and Data,3/29/2026 15:48,3/30/2026 7:16,05766431,05766431,ITCMS,IT CMS
SD1866575,Closed,CMS Interaction,Pending Order,Fixed Voic and Data,3/29/2026 15:50,3/30/2026 7:13,05766431,05766431,ITCMS,IT CMS
SD1866576,Closed,CMS Interaction,Pending Order,Fixed Voic and Data,3/29/2026 15:50,3/30/2026 8:35,05766431,05766431,ITCMS,IT CMS
SD1866577,Closed,CMS Interaction,Pending Order,Fixed Voic and Data,3/29/2026 15:52,3/30/2026 7:12,05766431,05766431,ITCMS,IT CMS
SD1866578,Closed,CMS Interaction,Pending Order,Fixed Voic and Data,3/29/2026 15:53,3/30/2026 7:07,05766431,05766431,ITCMS,IT CMS
SD1866579,Closed,CMS Interaction,Pending Order,Fixed Voic and Data,3/29/2026 15:55,3/30/2026 7:05,05766431,05766431,ITCMS,IT CMS
SD1866580,Closed,CMS Interaction,Pending Order,Fixed Voic and Data,3/29/2026 15:55,3/30/2026 5:16,scheduledAction,69517,ITCMS,IT CMS
SD1866581,Closed,CMS Interaction,Pending Order,Fixed Voic and Data,3/29/2026 15:57,3/30/2026 7:03,05766431,05766431,ITCMS,IT CMS
SD1866582,Closed,CMS Interaction,Pending Order,Fixed Voic and Data,3/29/2026 15:59,4/1/2026 9:56,LR1995699,LR1995699,Escalated Tickets ,NEP Support
SD1866584,Closed,CMS Interaction,CRM,Reconnection Routine Issue,3/29/2026 16:04,4/1/2026 18:33,P1832151,P1832151,Escalated Tickets ,BIP Billing
SD1866585,Closed,CMS Interaction,Pending Order,RTCS Failure,3/29/2026 16:05,3/30/2026 7:00,05766431,05766431,ITCMS,IT CMS
SD1866586,Closed,CMS Interaction,Pending Order,Fixed Voic and Data,3/29/2026 16:06,3/30/2026 8:33,05766431,05766431,ITCMS,IT CMS
SD1866587,Closed,CMS Interaction,Pending Order,Fixed Voic and Data,3/29/2026 16:07,3/30/2026 8:21,11125603,11125603,ITCMS,IT CMS
SD1866588,Closed,CMS Interaction,Pending Order,Fixed Voic and Data,3/29/2026 16:08,3/30/2026 8:31,scheduledAction,69840,Escalated Tickets ,ARBOR SUPPORT
SD1866589,Closed,CMS Interaction,Pending Order,Fixed Voic and Data,3/29/2026 16:09,3/30/2026 8:31,scheduledAction,19715928,Escalated Tickets ,ARBOR SUPPORT
SD1866590,Closed,CMS Interaction,CRM,Other,3/29/2026 16:09,3/29/2026 19:39,69130,69130,ITCMS,IT CMS
SD1866591,Closed,CMS Interaction,Pending Order,Fixed Voic and Data,3/29/2026 16:10,3/30/2026 5:16,scheduledAction,05766431,ITCMS,IT CMS
SD1866592,Closed,CMS Interaction,Pending Order,Mobile Postpaid,3/29/2026 16:15,3/29/2026 17:55,37230,37230,ITCMS,IT CMS
SD1866593,Closed,CMS Interaction,RTCS,Short code and SMS,3/29/2026 16:16,3/29/2026 19:36,69130,69130,ITCMS,IT CMS
SD1866594,Closed,CMS Interaction,RTCS,Short code and SMS,3/29/2026 16:20,3/30/2026 6:28,11125603,11125603,ITCMS,IT CMS
SD1866595,Closed,CMS Interaction,Pending Order,Mobile Prepaid,3/29/2026 16:20,3/29/2026 19:35,69130,69130,ITCMS,IT CMS
SD1866596,Closed,CMS Interaction,RTCS,Short code and SMS,3/29/2026 16:25,3/29/2026 19:34,69130,69130,ITCMS,IT CMS
SD1866598,Closed,CMS Interaction,CRM,No Data Found,3/29/2026 16:35,3/29/2026 19:34,69130,69130,ITCMS,IT CMS
SD1866599,Closed,CMS Interaction,Pending Order,Mobile Postpaid,3/29/2026 16:37,3/29/2026 17:11,scheduledAction,scheduledAction,ITCMS,IT CMS
SD1866600,Closed,CMS Interaction,POS and CMA,Reversal,3/29/2026 16:43,3/30/2026 6:37,11125603,11125603,ITCMS,IT CMS
SD1866603,Closed,CMS Interaction,Pending Order,Mobile Postpaid,3/29/2026 16:49,3/29/2026 19:33,69130,69130,ITCMS,IT CMS
SD1866604,Closed,CMS Interaction,ITA,ITA,3/29/2026 16:51,3/30/2026 6:26,11125603,11125603,ITCMS,IT CMS
SD1866606,Closed,CMS Interaction,Pending Order,Mobile Prepaid,3/29/2026 17:03,3/29/2026 17:11,scheduledAction,scheduledAction,ITCMS,IT CMS
SD1866607,Closed,CMS Interaction,UOMS,Mobile,3/29/2026 17:11,4/2/2026 4:53,Q511636,Q511636,Escalated Tickets ,BSS CRM
SD1866608,Closed,CMS Interaction,Pending Order,Fesibility Check Failure,3/29/2026 17:14,3/29/2026 18:11,scheduledAction,12349939,Escalated Tickets ,ARBOR SUPPORT
SD1866609,Closed,CMS Interaction,UOMS,Mobile,3/29/2026 17:17,3/30/2026 7:50,11125603,11125603,ITCMS,IT CMS
SD1866613,Closed,CMS Interaction,RTCS,Short code and SMS,3/29/2026 17:30,3/29/2026 19:30,69130,69130,ITCMS,IT CMS
SD1866614,Closed,CMS Interaction,UOMS,Mobile,3/29/2026 17:32,4/5/2026 2:37,X6410019,X6410019,Escalated Tickets ,BSS CRM
SD1866615,Closed,CMS Interaction,Pending Order,Fixed Voic and Data,3/29/2026 17:36,3/29/2026 19:29,69130,69130,ITCMS,IT CMS
SD1866616,Closed,CMS Interaction,UOMS,WFBB,3/29/2026 17:36,4/2/2026 7:57,19715928,19715928,Escalated Tickets ,ARBOR SUPPORT
SD1866617,Closed,CMS Interaction,CRM,Realize Number Issue,3/29/2026 17:43,3/29/2026 19:27,69130,69130,ITCMS,IT CMS
SD1866618,Closed,CMS Interaction,Pending Order,Mobile Prepaid,3/29/2026 17:48,3/29/2026 19:25,69130,69130,ITCMS,IT CMS
SD1866620,Closed,CMS Interaction,Pending Order,Mobile Postpaid,3/29/2026 17:58,3/29/2026 18:11,scheduledAction,scheduledAction,ITCMS,IT CMS
SD1866623,Closed,CMS Interaction,Pending Order,Fixed Voic and Data,3/29/2026 18:09,3/29/2026 19:24,69130,69130,ITCMS,IT CMS
SD1866625,Closed,CMS Interaction,RTCS,Short code and SMS,3/29/2026 18:20,3/29/2026 19:21,69130,69130,ITCMS,IT CMS
SD1866626,Closed,CMS Interaction,UOMS,Fixed Voic and Data,3/29/2026 18:20,3/29/2026 19:19,69130,69130,ITCMS,IT CMS
SD1866628,Closed,CMS Interaction,Pending Order,RTCS Failure,3/29/2026 18:32,3/29/2026 19:10,69130,69130,ITCMS,IT CMS
SD1866629,Closed,CMS Interaction,CRM,No Data Found,3/29/2026 18:41,3/29/2026 19:06,69130,69130,ITCMS,IT CMS
SD1866632,Closed,CMS Interaction,Pending Order,Mobile Postpaid,3/29/2026 19:54,3/29/2026 20:27,scheduledAction,scheduledAction,ITCMS,IT CMS
SD1866633,Closed,CMS Interaction,Pending Order,Fixed Voic and Data,3/29/2026 20:26,3/30/2026 6:57,05766431,05766431,ITCMS,IT CMS
SD1866634,Closed,CMS Interaction,Pending Order,Fixed Voic and Data,3/29/2026 20:28,3/30/2026 5:50,69577,69577,ITCMS,IT CMS
SD1866635,Closed,CMS Interaction,Pending Order,Fixed Voic and Data,3/29/2026 20:30,3/30/2026 6:56,05766431,05766431,ITCMS,IT CMS
SD1866636,Closed,CMS Interaction,Pending Order,Fixed Voic and Data,3/29/2026 20:33,3/30/2026 6:18,69577,69577,ITCMS,IT CMS
SD1866637,Closed,CMS Interaction,Pending Order,Fixed Voic and Data,3/29/2026 20:36,3/30/2026 6:17,69577,69577,ITCMS,IT CMS
SD1866638,Closed,CMS Interaction,Pending Order,Fixed Voic and Data,3/29/2026 20:38,3/30/2026 6:10,69577,69577,ITCMS,IT CMS
SD1866639,Closed,CMS Interaction,Pending Order,Fixed Voic and Data,3/29/2026 20:40,3/30/2026 5:52,69577,69577,ITCMS,IT CMS
SD1866640,Closed,CMS Interaction,Pending Order,Fixed Voic and Data,3/29/2026 20:42,3/30/2026 5:51,69577,69577,ITCMS,IT CMS
SD1866641,Closed,CMS Interaction,Pending Order,Fixed Voic and Data,3/29/2026 20:44,3/30/2026 6:54,05766431,05766431,ITCMS,IT CMS
SD1866643,Closed,CMS Interaction,Pending Order,Fixed Voic and Data,3/29/2026 20:46,3/30/2026 6:53,05766431,05766431,ITCMS,IT CMS
SD1866644,Closed,CMS Interaction,Pending Order,Mobile Postpaid,3/29/2026 20:48,3/30/2026 8:08,11125603,11125603,ITCMS,IT CMS
SD1866645,Closed,CMS Interaction,UOMS,Mobile,3/29/2026 20:52,3/30/2026 8:56,22674,22674,Escalated Tickets ,BSS RTCS
SD1866646,Closed,CMS Interaction,Pending Order,Fixed Voic and Data,3/29/2026 20:53,3/30/2026 6:51,05766431,05766431,ITCMS,IT CMS
SD1866647,Closed,CMS Interaction,Pending Order,Fixed Voic and Data,3/29/2026 20:56,3/30/2026 6:51,05766431,05766431,ITCMS,IT CMS
SD1866648,Closed,CMS Interaction,Pending Order,Fixed Voic and Data,3/29/2026 20:57,3/30/2026 6:22,69577,69577,ITCMS,IT CMS
SD1866649,Closed,CMS Interaction,Pending Order,Fixed Voic and Data,3/29/2026 20:59,3/30/2026 6:20,69577,69577,ITCMS,IT CMS
SD1866650,Closed,CMS Interaction,Pending Order,Fixed Voic and Data,3/29/2026 21:00,3/30/2026 6:47,05766431,05766431,ITCMS,IT CMS
SD1866651,Closed,CMS Interaction,Pending Order,Fixed Voic and Data,3/29/2026 21:02,4/1/2026 5:55,scheduledAction,69130,ITCMS,IT CMS
SD1866652,Closed,CMS Interaction,Pending Order,Fixed Voic and Data,3/29/2026 21:03,3/30/2026 6:45,05766431,05766431,ITCMS,IT CMS
SD1866653,Closed,CMS Interaction,Pending Order,Fixed Voic and Data,3/29/2026 21:03,3/30/2026 20:23,69130,69130,ITCMS,IT CMS
SD1866654,Closed,CMS Interaction,Pending Order,Fixed Voic and Data,3/29/2026 21:06,3/30/2026 6:25,69577,69577,ITCMS,IT CMS
SD1866655,Closed,CMS Interaction,Pending Order,Fixed Voic and Data,3/29/2026 21:06,3/30/2026 6:24,69577,69577,ITCMS,IT CMS
SD1866656,Closed,CMS Interaction,Pending Order,Fixed Voic and Data,3/29/2026 21:08,3/30/2026 6:43,05766431,05766431,ITCMS,IT CMS
SD1866657,Closed,CMS Interaction,Pending Order,Fixed Voic and Data,3/29/2026 21:10,3/30/2026 6:19,05766431,05766431,ITCMS,IT CMS
SD1866658,Closed,CMS Interaction,Pending Order,Fixed Voic and Data,3/29/2026 21:13,3/30/2026 6:37,05766431,05766431,ITCMS,IT CMS
SD1866659,Closed,CMS Interaction,Pending Order,Fixed Voic and Data,3/29/2026 21:17,3/30/2026 6:18,scheduledAction,05766431,ITCMS,IT CMS
SD1866660,Closed,CMS Interaction,Pending Order,Fixed Voic and Data,3/29/2026 21:17,3/30/2026 6:06,05766431,05766431,ITCMS,IT CMS
SD1866661,Closed,CMS Interaction,Pending Order,Fixed Voic and Data,3/29/2026 21:19,3/30/2026 5:59,05766431,05766431,ITCMS,IT CMS
SD1866662,Closed,CMS Interaction,Pending Order,Fixed Voic and Data,3/29/2026 21:19,3/30/2026 5:56,05766431,05766431,ITCMS,IT CMS
SD1866663,Closed,CMS Interaction,Pending Order,Fixed Voic and Data,3/29/2026 21:21,3/30/2026 5:54,05766431,05766431,ITCMS,IT CMS
SD1866665,Closed,CMS Interaction,Pending Order,Fixed Voic and Data,3/29/2026 21:22,3/30/2026 5:53,05766431,05766431,ITCMS,IT CMS
SD1866666,Closed,CMS Interaction,Pending Order,Fixed Voic and Data,3/29/2026 21:22,3/30/2026 5:48,05766431,05766431,ITCMS,IT CMS
SD1866667,Closed,CMS Interaction,Pending Order,Fixed Voic and Data,3/29/2026 21:24,3/30/2026 5:31,69577,69577,ITCMS,IT CMS
SD1866668,Closed,CMS Interaction,Pending Order,Fixed Voic and Data,3/29/2026 21:24,3/30/2026 5:24,69577,69577,ITCMS,IT CMS
SD1866669,Closed,CMS Interaction,Pending Order,Fixed Voic and Data,3/29/2026 21:26,4/1/2026 9:57,LR1995699,LR1995699,Escalated Tickets ,NEP Support
SD1866670,Closed,CMS Interaction,Pending Order,Fixed Voic and Data,3/29/2026 21:29,3/30/2026 4:58,69577,69577,ITCMS,IT CMS
SD1866671,Closed,CMS Interaction,Pending Order,Fixed Voic and Data,3/29/2026 21:32,3/30/2026 6:42,05766431,05766431,ITCMS,IT CMS
SD1866672,Closed,CMS Interaction,Pending Order,Fixed Voic and Data,3/29/2026 21:38,3/30/2026 6:40,05766431,05766431,ITCMS,IT CMS
SD1866673,Closed,CMS Interaction,Pending Order,Fixed Voic and Data,3/29/2026 21:40,3/30/2026 4:57,05766431,05766431,ITCMS,IT CMS
SD1866674,Closed,CMS Interaction,Pending Order,Fixed Voic and Data,3/29/2026 21:43,3/30/2026 4:54,05766431,05766431,ITCMS,IT CMS
SD1866675,Closed,CMS Interaction,Pending Order,Fixed Voic and Data,3/29/2026 21:46,3/30/2026 4:53,05766431,05766431,ITCMS,IT CMS
SD1866676,Closed,CMS Interaction,Pending Order,Fixed Voic and Data,3/29/2026 21:48,3/30/2026 4:50,05766431,05766431,ITCMS,IT CMS
SD1866677,Closed,CMS Interaction,RTCS,Data Usage,3/29/2026 21:50,3/30/2026 8:06,11125603,11125603,ITCMS,IT CMS
SD1866678,Closed,CMS Interaction,Pending Order,Fixed Voic and Data,3/29/2026 21:51,3/30/2026 4:45,05766431,05766431,ITCMS,IT CMS
SD1866679,Closed,CMS Interaction,Pending Order,Fixed Voic and Data,3/29/2026 21:53,3/30/2026 4:44,05766431,05766431,ITCMS,IT CMS
SD1866680,Closed,CMS Interaction,Pending Order,Fixed Voic and Data,3/29/2026 21:55,3/30/2026 4:47,05766431,05766431,ITCMS,IT CMS
SD1866683,Closed,CMS Interaction,Pending Order,ITA order,3/30/2026 2:26,3/30/2026 6:55,71009,71009,Escalated Tickets ,OSS Mediation Support
SD1866684,Closed,CMS Interaction,Pending Order,Mobile Postpaid,3/30/2026 3:13,3/30/2026 5:57,Z6302499,Z6302499,Escalated Tickets ,OSS Mediation Support
SD1866685,Closed,CMS Interaction,CRM,Other,3/30/2026 3:21,3/30/2026 4:41,05766431,05766431,ITCMS,IT CMS
SD1866687,Closed,CMS Interaction,ITA,ITA,3/30/2026 3:36,3/30/2026 8:05,11125603,11125603,ITCMS,IT CMS
SD1866688,Closed,CMS Interaction,CRM,Other,3/30/2026 3:45,3/30/2026 14:26,X6410019,X6410019,Escalated Tickets ,BSS CRM
SD1866689,Closed,CMS Interaction,Pending Order,BIP Failure,3/30/2026 3:55,3/30/2026 4:42,scheduledAction,69470,ITCMS,IT CMS
SD1866692,In Progress,CMS Interaction,Pending Order,MPLS order,3/30/2026 4:01,,,69509,Activation Support,Activation Support
SD1866693,Closed,CMS Interaction,Pending Order,MPLS order,3/30/2026 4:01,3/30/2026 6:16,scheduledAction,95809,Activation Support,Activation Support
SD1866694,In Progress,CMS Interaction,Pending Order,MPLS order,3/30/2026 4:01,,,69509,Activation Support,Activation Support
SD1866695,Closed,CMS Interaction,Pending Order,MPLS order,3/30/2026 4:01,4/1/2026 14:27,scheduledAction,69509,Activation Support,Activation Support
SD1866696,Closed,CMS Interaction,Pending Order,MPLS order,3/30/2026 4:01,3/30/2026 4:11,scheduledAction,scheduledAction,Activation Support,Activation Support
SD1866697,Closed,CMS Interaction,Pending Order,MPLS order,3/30/2026 4:01,3/30/2026 7:10,scheduledAction,95809,Activation Support,Activation Support
SD1866698,Closed,CMS Interaction,Pending Order,MPLS order,3/30/2026 4:02,3/31/2026 17:10,scheduledAction,69509,Activation Support,Activation Support
SD1866699,Closed,CMS Interaction,Pending Order,MPLS order,3/30/2026 4:02,3/30/2026 4:11,scheduledAction,scheduledAction,Activation Support,Activation Support
SD1866700,Closed,CMS Interaction,CRM,No Data Found,3/30/2026 4:07,3/30/2026 7:57,11125603,11125603,ITCMS,IT CMS
SD1866701,Closed,CMS Interaction,BIP Billing,Plan Penalty Suppress,3/30/2026 4:10,3/30/2026 4:54,J2226589,22674,Escalated Tickets ,BIP Billing
SD1866702,Closed,CMS Interaction,Pending Order,Mobile Postpaid,3/30/2026 4:12,3/31/2026 6:55,scheduledAction,71959,Escalated Tickets ,OSS ESB Support
SD1866706,Closed,CMS Interaction,RTCS,Data Usage,3/30/2026 4:28,3/30/2026 7:56,11125603,11125603,ITCMS,IT CMS
SD1866707,Closed,CMS Interaction,CRM,Other,3/30/2026 4:35,3/30/2026 5:49,S630048,S630048,Escalated Tickets ,ARBOR SUPPORT
SD1866708,Closed,CMS Interaction,Preorder Issue,Invalid Data,3/30/2026 4:38,3/30/2026 7:44,11125603,11125603,ITCMS,IT CMS
SD1866720,Closed,CMS Interaction,CRM,Other,3/30/2026 4:59,4/5/2026 2:33,X6410019,X6410019,Escalated Tickets ,BSS CRM
SD1866726,Closed,CMS Interaction,Enterprise Billing,Reversal Issue,3/30/2026 5:02,4/5/2026 10:35,05766431,05766431,ITCMS,IT-CMS Support
SD1866730,Pending Other,CMS Interaction,UOMS,WFBB,3/30/2026 5:07,,,70699048,Escalated Tickets ,BSS Interface
SD1866731,Closed,CMS Interaction,BIP Billing,Bill Issue,3/30/2026 5:08,3/30/2026 6:38,J2226589,J2226589,Escalated Tickets ,BIP Billing
SD1866732,Closed,CMS Interaction,RTCS,Short code and SMS,3/30/2026 5:09,3/30/2026 7:43,11125603,11125603,ITCMS,IT CMS
SD1866733,Closed,CMS Interaction,CRM,No Data Found,3/30/2026 5:09,3/30/2026 11:32,19715928,19715928,Escalated Tickets ,ARBOR SUPPORT
SD1866734,Closed,CMS Interaction,Pending Order,Mobile Postpaid,3/30/2026 5:10,3/30/2026 6:07,05766431,05766431,ITCMS,IT CMS
SD1866737,Closed,CMS Interaction,Pending Order,Fixed Voic and Data,3/30/2026 5:17,3/30/2026 5:52,scheduledAction,scheduledAction,ITCMS,IT CMS
SD1866742,Closed,CMS Interaction,Pending Order,Mobile Postpaid,3/30/2026 5:20,3/30/2026 13:30,J2226589,J2226589,Escalated Tickets ,BIP Billing
SD1866743,Closed,CMS Interaction,Preorder Issue,Others,3/30/2026 5:21,3/30/2026 7:49,11125603,11125603,ITCMS,IT CMS
SD1866750,Closed,CMS Interaction,Pending Order,Mobile Postpaid,3/30/2026 5:32,3/30/2026 7:58,scheduledAction,19715928,Escalated Tickets ,ARBOR SUPPORT
SD1866751,Closed,CMS Interaction,ITA,ITA,3/30/2026 5:34,3/30/2026 7:53,11125603,11125603,ITCMS,IT CMS
SD1866754,Closed,CMS Interaction,UOMS,Mobile,3/30/2026 5:35,3/30/2026 20:22,69130,69130,ITCMS,IT CMS
SD1866757,Closed,CMS Interaction,RTCS,Data Usage,3/30/2026 5:44,3/30/2026 7:53,11125603,11125603,ITCMS,IT CMS
SD1866758,Closed,CMS Interaction,UOMS,WFBB,3/30/2026 5:44,3/31/2026 4:19,19715928,19715928,Escalated Tickets ,ARBOR SUPPORT
SD1866759,Closed,CMS Interaction,CRM,Other,3/30/2026 5:45,3/30/2026 6:40,S630048,S630048,Escalated Tickets ,ARBOR SUPPORT
SD1866760,Closed,CMS Interaction,POS and CMA,Reversal,3/30/2026 5:47,3/31/2026 5:49,11125603,11125603,ITCMS,IT CMS
SD1866764,Closed,CMS Interaction,UOMS,Mobile,3/30/2026 5:48,3/30/2026 7:35,11125603,11125603,ITCMS,IT CMS
SD1866770,Closed,CMS Interaction,CRM,Other,3/30/2026 5:55,3/30/2026 6:18,05766431,05766431,ITCMS,IT CMS
SD1866775,Closed,CMS Interaction,CRM,CRM Down,3/30/2026 5:58,4/4/2026 6:39,S630048,S630048,Escalated Tickets ,ARBOR SUPPORT
SD1866788,Closed,CMS Interaction,CRM,No Data Found,3/30/2026 6:04,3/31/2026 5:44,19715928,19715928,Escalated Tickets ,ARBOR SUPPORT
SD1866792,Closed,CMS Interaction,BIP Billing,Bill Issue,3/30/2026 6:06,3/30/2026 6:43,J2226589,J2226589,Escalated Tickets ,BIP Billing
SD1866794,Closed,CMS Interaction,Pending Order,Fixed Voic and Data,3/30/2026 6:07,3/30/2026 6:13,05766431,05766431,ITCMS,IT CMS
SD1866798,Closed,CMS Interaction,CRM,Other,3/30/2026 6:08,3/30/2026 6:24,05766431,05766431,ITCMS,IT CMS
SD1866803,Closed,CMS Interaction,RTCS,Data Usage,3/30/2026 6:13,3/30/2026 8:38,69566,69566,ITCMS,IT CMS
SD1866805,Closed,CMS Interaction,BIP Billing,Language Change,3/30/2026 6:18,3/30/2026 14:33,L7990290,L7990290,Escalated Tickets ,BSS iPDF
SD1866810,Closed,CMS Interaction,BIP Billing,Collection,3/30/2026 6:23,3/30/2026 9:09,J2226589,J2226589,Escalated Tickets ,BIP Billing
SD1866811,Closed,CMS Interaction,RTCS,Short code and SMS,3/30/2026 6:22,3/30/2026 7:30,11125603,11125603,ITCMS,IT CMS
SD1866812,Closed,CMS Interaction,BIP Billing,Adjustment,3/30/2026 6:22,3/30/2026 9:06,J2226589,J2226589,Escalated Tickets ,BIP Billing
SD1866818,Closed,CMS Interaction,Pending Order,Fixed Voic and Data,3/30/2026 6:26,3/30/2026 7:29,11125603,11125603,ITCMS,IT CMS
SD1866819,Closed,CMS Interaction,UOMS,Mobile,3/30/2026 6:27,3/31/2026 5:48,11125603,11125603,ITCMS,IT CMS
SD1866821,Closed,CMS Interaction,Pending Order,Fesibility Check Failure,3/30/2026 6:27,4/2/2026 8:14,LR1995699,LR1995699,Escalated Tickets ,NEP Support
SD1866823,Closed,CMS Interaction,CRM,Other,3/30/2026 6:27,3/31/2026 8:54,70699048,70699048,Escalated Tickets ,BSS Interface
SD1866832,Closed,CMS Interaction,CRM,No Data Found,3/30/2026 6:35,4/2/2026 8:19,LR1995699,LR1995699,Escalated Tickets ,NEP Support
SD1866833,Closed,CMS Interaction,Pending Order,Fixed Voic and Data,3/30/2026 6:39,3/30/2026 7:26,11125603,11125603,ITCMS,IT CMS
SD1866834,Closed,CMS Interaction,CRM,Other,3/30/2026 6:39,3/30/2026 6:43,69517,69517,ITCMS,IT CMS
SD1866843,Closed,CMS Interaction,Pending Order,Fixed Voic and Data,3/30/2026 6:45,3/30/2026 6:49,69517,69517,ITCMS,IT CMS
SD1866846,Closed,CMS Interaction,Pending Order,Mobile Postpaid,3/30/2026 6:46,3/30/2026 7:25,11125603,11125603,ITCMS,IT CMS
SD1866853,Closed,CMS Interaction,BIP Billing,Bill Issue,3/30/2026 6:51,3/31/2026 0:28,L7990290,L7990290,Escalated Tickets ,BSS iPDF
SD1866863,Closed,CMS Interaction,RTCS,Short code and SMS,3/30/2026 6:59,3/30/2026 7:51,11125603,11125603,ITCMS,IT CMS
SD1866864,Closed,CMS Interaction,UOMS,Mobile,3/30/2026 6:59,3/30/2026 7:23,11125603,11125603,ITCMS,IT CMS
SD1866873,Closed,CMS Interaction,CRM,No Data Found,3/30/2026 7:03,3/30/2026 7:22,11125603,11125603,ITCMS,IT CMS
SD1866875,Closed,CMS Interaction,POS and CMA,Reversal,3/30/2026 7:04,4/1/2026 3:02,X6410019,X6410019,Escalated Tickets ,BSS POS
SD1866879,Closed,CMS Interaction,Pending Order,WFBB Order,3/30/2026 7:05,3/30/2026 7:20,11125603,11125603,ITCMS,IT CMS
SD1866880,Closed,CMS Interaction,DDMS,Dunning,3/30/2026 7:06,4/1/2026 12:37,P1832151,69758,Escalated Tickets ,BSS DDMS
SD1866891,Closed,CMS Interaction,UOMS,Mobile,3/30/2026 7:12,4/2/2026 9:50,19715928,19715928,Escalated Tickets ,ARBOR SUPPORT
SD1866898,Closed,CMS Interaction,UOMS,Fixed Voic and Data,3/30/2026 7:14,3/30/2026 7:19,11125603,11125603,ITCMS,IT CMS
SD1866923,Closed,CMS Interaction,POS and CMA,User Issue,3/30/2026 7:24,3/30/2026 14:27,X6410019,X6410019,Escalated Tickets ,BSS POS
SD1866930,Closed,CMS Interaction,BIP Billing,Bill Issue,3/30/2026 7:28,3/31/2026 14:04,L7990290,L7990290,Escalated Tickets ,BSS iPDF
SD1866943,Closed,CMS Interaction,Pending Order,Fixed Voic and Data,3/30/2026 7:34,4/2/2026 8:20,LR1995699,LR1995699,Escalated Tickets ,NEP Support
SD1866953,Closed,CMS Interaction,Pending Order,Fixed Voic and Data,3/30/2026 7:40,3/30/2026 20:20,69130,69130,ITCMS,IT CMS
SD1866955,Closed,CMS Interaction,Pending Order,Fixed Voic and Data,3/30/2026 7:42,3/30/2026 7:56,05766431,05766431,ITCMS,IT CMS
SD1866956,Closed,CMS Interaction,UOMS,Fixed Voic and Data,3/30/2026 7:45,3/30/2026 11:15,69566,69566,ITCMS,IT CMS
SD1866957,Closed,CMS Interaction,CRM,CRM Down,3/30/2026 7:46,3/30/2026 8:25,69470,69470,ITCMS,IT CMS
SD1866961,Closed,CMS Interaction,CRM,Other,3/30/2026 7:52,3/30/2026 8:27,05766431,05766431,ITCMS,IT CMS
SD1866962,Closed,CMS Interaction,Pending Order,Mobile Postpaid,3/30/2026 7:53,3/30/2026 8:32,scheduledAction,scheduledAction,Digital CICM L1 Support,Digital CICM L1 Support
SD1866967,Closed,CMS Interaction,POS and CMA,Pending Payment,3/30/2026 7:58,4/2/2026 5:41,Q511636,X6410019,Escalated Tickets ,BSS CRM
SD1866968,Closed,CMS Interaction,HBB User Name,User id  issue,3/30/2026 7:59,3/30/2026 11:17,69566,69566,ITCMS,IT CMS
SD1866970,Closed,CMS Interaction,RTCS,Data Usage,3/30/2026 8:10,3/30/2026 11:10,69566,69566,ITCMS,IT CMS
SD1866972,Closed,CMS Interaction,CRM,Other,3/30/2026 8:03,4/2/2026 6:04,S630048,S630048,Escalated Tickets ,ARBOR SUPPORT
SD1866975,Closed,CMS Interaction,BIP Billing,Bill Issue,3/30/2026 8:09,3/30/2026 8:41,J2226589,J2226589,Escalated Tickets ,BIP Billing
SD1866978,Closed,CMS Interaction,Pending Order,Mobile Postpaid,3/30/2026 8:09,3/30/2026 8:30,69470,69470,ITCMS,IT CMS
SD1866980,Closed,CMS Interaction,Pending Order,RTCS Failure,3/30/2026 8:10,3/31/2026 4:16,scheduledAction,69470,ITCMS,IT CMS
SD1866986,Closed,CMS Interaction,UOMS,Mobile,3/30/2026 8:14,3/30/2026 20:18,69130,69130,ITCMS,IT CMS
SD1866989,Closed,CMS Interaction,Pending Order,Mobile Postpaid,3/30/2026 8:16,3/30/2026 8:31,05766431,05766431,ITCMS,IT CMS
SD1866992,Closed,CMS Interaction,CRM,Other,3/30/2026 8:20,4/2/2026 3:48,69840,69840,Escalated Tickets ,ARBOR SUPPORT
SD1866993,Closed,CMS Interaction,Pending Order,Mobile Postpaid,3/30/2026 8:20,3/30/2026 12:08,scheduledAction,22674,Escalated Tickets ,BIP Billing
SD1866996,Pending Other,CMS Interaction,Pending Order,Fixed Voic and Data,3/30/2026 8:22,,,W0213873,Escalated Tickets ,NEP Support
SD1866999,Closed,CMS Interaction,Pending Order,Fixed Voic and Data,3/30/2026 8:26,3/30/2026 8:38,69470,69470,ITCMS,IT CMS
SD1867000,Closed,CMS Interaction,Pending Order,Mobile Postpaid,3/30/2026 8:27,3/30/2026 8:28,05766431,05766431,ITCMS,IT CMS
SD1867003,Closed,CMS Interaction,RTCS,Data Usage,3/30/2026 8:27,3/30/2026 8:43,69470,69470,ITCMS,IT CMS
SD1867004,Closed,CMS Interaction,Pending Order,Fesibility Check Failure,3/30/2026 8:28,4/5/2026 13:54,S630048,S630048,Escalated Tickets ,ARBOR SUPPORT
SD1867010,Closed,CMS Interaction,RTCS,Data Usage,3/30/2026 8:30,3/30/2026 8:43,69470,69470,ITCMS,IT CMS
SD1867011,Closed,CMS Interaction,CRM,Other,3/30/2026 8:30,3/30/2026 20:15,69130,69130,ITCMS,IT CMS
SD1867016,Closed,CMS Interaction,Pending Order,Fixed Voic and Data,3/30/2026 8:41,3/30/2026 8:42,05766431,05766431,ITCMS,IT CMS
SD1867020,Closed,CMS Interaction,Pending Order,Fixed Voic and Data,3/30/2026 8:43,3/30/2026 8:45,69470,69470,ITCMS,IT CMS
SD1867021,Closed,CMS Interaction,BIP Billing,Bill Issue,3/30/2026 8:44,3/31/2026 19:06,L7990290,L7990290,Escalated Tickets ,BSS iPDF
SD1867024,Closed,CMS Interaction,Pending Order,Fixed Voic and Data,3/30/2026 8:45,3/30/2026 8:48,69470,69470,ITCMS,IT CMS
SD1867026,Closed,CMS Interaction,Pending Order,Mobile Prepaid,3/30/2026 8:46,3/30/2026 8:49,69470,69470,ITCMS,IT CMS
SD1867027,Closed,CMS Interaction,Pending Order,Fixed Voic and Data,3/30/2026 8:47,3/30/2026 8:51,69470,69470,ITCMS,IT CMS
SD1867028,Closed,CMS Interaction,CRM,Other,3/30/2026 8:49,4/1/2026 10:11,Q511636,Q511636,Escalated Tickets ,BSS CRM
SD1867029,Closed,CMS Interaction,Pending Order,Fixed Voic and Data,3/30/2026 8:49,3/30/2026 8:58,69470,69470,ITCMS,IT CMS
SD1867032,Closed,CMS Interaction,Pending Order,Fixed Voic and Data,3/30/2026 8:52,3/30/2026 9:06,05766431,05766431,ITCMS,IT CMS
SD1867034,Closed,CMS Interaction,BIP Billing,Bill Issue,3/30/2026 8:53,3/31/2026 6:17,J2226589,J2226589,Escalated Tickets ,BIP Billing
SD1867037,Closed,CMS Interaction,CRM,Other,3/30/2026 8:56,3/30/2026 10:33,05766431,05766431,ITCMS,IT CMS
SD1867045,Closed,CMS Interaction,Pending Order,Fixed Voic and Data,3/30/2026 9:02,3/30/2026 10:31,05766431,05766431,ITCMS,IT CMS
SD1867047,Closed,CMS Interaction,Pending Order,Fixed Voic and Data,3/30/2026 9:02,3/31/2026 9:04,scheduledAction,70002,Escalated Tickets ,OSS Mediation Support
SD1867050,Closed,CMS Interaction,Pending Order,Fixed Voic and Data,3/30/2026 9:04,3/30/2026 9:06,69470,69470,ITCMS,IT CMS
SD1867051,Closed,CMS Interaction,Pending Order,Fixed Voic and Data,3/30/2026 9:07,3/30/2026 10:29,05766431,05766431,ITCMS,IT CMS
SD1867056,Closed,CMS Interaction,Pending Order,Mobile Postpaid,3/30/2026 9:10,3/30/2026 10:48,05766431,05766431,ITCMS,IT CMS
SD1867057,Closed,CMS Interaction,Pending Order,Fixed Voic and Data,3/30/2026 9:10,3/30/2026 9:13,69470,69470,ITCMS,IT CMS
SD1867062,Closed,CMS Interaction,BIP Billing,Sample Bills,3/30/2026 9:13,3/31/2026 0:07,L7990290,L7990290,Escalated Tickets ,BSS iPDF
SD1867065,Closed,CMS Interaction,Pending Order,Fixed Voic and Data,3/30/2026 9:15,3/30/2026 10:25,05766431,05766431,ITCMS,IT CMS
SD1867072,Closed,CMS Interaction,Pending Order,Fixed Voic and Data,3/30/2026 9:21,3/30/2026 10:13,69130,69130,ITCMS,IT CMS
SD1867075,Pending Other,CMS Interaction,Pending Order,Fixed Voic and Data,3/30/2026 9:23,,,W0213873,Escalated Tickets ,NEP Support
SD1867088,Closed,CMS Interaction,Pending Order,Mobile Postpaid,3/30/2026 9:30,3/30/2026 10:47,05766431,05766431,ITCMS,IT CMS
SD1867097,Closed,CMS Interaction,CRM,Other,3/30/2026 9:34,4/2/2026 10:45,19715928,19715928,Escalated Tickets ,ARBOR SUPPORT
SD1867100,Closed,CMS Interaction,CRM,Other,3/30/2026 9:37,3/31/2026 7:21,69566,69566,ITCMS,IT CMS
SD1867107,Closed,CMS Interaction,UOMS,Mobile,3/30/2026 9:39,3/30/2026 9:46,69470,69470,ITCMS,IT CMS
SD1867108,Closed,CMS Interaction,UOMS,Fixed Voic and Data,3/30/2026 9:39,3/30/2026 10:00,69130,69130,ITCMS,IT CMS
SD1867114,Closed,CMS Interaction,Pending Order,Fixed Voic and Data,3/30/2026 9:48,3/30/2026 9:52,69470,69470,ITCMS,IT CMS
SD1867119,Closed,CMS Interaction,Pending Order,Fixed Voic and Data,3/30/2026 9:50,3/30/2026 9:55,69470,69470,ITCMS,IT CMS
SD1867120,Closed,CMS Interaction,UOMS,Mobile,3/30/2026 9:50,3/31/2026 5:47,11125603,11125603,ITCMS,IT CMS
SD1867122,Closed,CMS Interaction,Pending Order,Fixed Voic and Data,3/30/2026 9:52,3/30/2026 9:53,69470,69470,ITCMS,IT CMS
SD1867124,Closed,CMS Interaction,Pending Order,Fixed Voic and Data,3/30/2026 9:53,3/30/2026 9:58,69130,69130,ITCMS,IT CMS
SD1867125,Closed,CMS Interaction,Pending Order,Mobile Postpaid,3/30/2026 9:54,3/30/2026 10:45,05766431,05766431,ITCMS,IT CMS
SD1867127,Closed,CMS Interaction,BIP Billing,Collection,3/30/2026 9:57,3/31/2026 5:44,J2226589,J2226589,Escalated Tickets ,BIP Billing
SD1867129,Closed,CMS Interaction,CRM,Other,3/30/2026 9:55,4/2/2026 6:46,Q511636,Q511636,Escalated Tickets ,BSS CRM
SD1867130,Closed,CMS Interaction,Pending Order,WFBB Order,3/30/2026 9:55,3/30/2026 17:26,scheduledAction,8.54905E+11,Escalated Tickets ,NEP Support
SD1867131,Closed,CMS Interaction,Pending Order,Mobile Postpaid,3/30/2026 9:56,4/2/2026 10:30,S630048,S630048,Escalated Tickets ,ARBOR SUPPORT
SD1867132,Closed,CMS Interaction,POS and CMA,Reversal,3/30/2026 9:56,3/31/2026 7:04,05766431,05766431,ITCMS,IT CMS
SD1867134,Closed,CMS Interaction,Pending Order,Fixed Voic and Data,3/30/2026 9:57,3/30/2026 10:21,69130,69130,ITCMS,IT CMS
SD1867150,Closed,CMS Interaction,Pending Order,Mobile Postpaid,3/30/2026 10:09,3/30/2026 11:19,71009,71009,Escalated Tickets ,OSS Mediation Support
SD1867151,Pending Other,CMS Interaction,Pending Order,RTCS Failure,3/30/2026 10:09,,,LR1995699,Escalated Tickets ,NEP Support
SD1867155,Closed,CMS Interaction,Pending Order,Mobile Postpaid,3/30/2026 10:12,3/30/2026 10:17,69130,69130,ITCMS,IT CMS
SD1867156,Closed,CMS Interaction,Pending Order,Mobile Postpaid,3/30/2026 10:16,3/30/2026 10:55,05766431,05766431,ITCMS,IT CMS
SD1867158,Closed,CMS Interaction,BIP Billing,Bill Issue,3/30/2026 10:16,3/30/2026 20:06,69130,69130,ITCMS,IT CMS
SD1867159,Closed,CMS Interaction,CRM,Other,3/30/2026 10:16,3/30/2026 10:56,05766431,05766431,ITCMS,IT CMS
SD1867160,Closed,CMS Interaction,Pending Order,Mobile Postpaid,3/30/2026 10:17,3/30/2026 10:38,scheduledAction,scheduledAction,ITCMS,IT CMS
SD1867161,Closed,CMS Interaction,UOMS,Mobile,3/30/2026 10:20,3/30/2026 20:04,69130,69130,ITCMS,IT CMS
SD1867162,Closed,CMS Interaction,UOMS,Mobile,3/30/2026 10:20,3/31/2026 9:19,69577,69577,ITCMS,IT CMS
SD1867166,Closed,CMS Interaction,UOMS,Mobile,3/30/2026 10:22,3/30/2026 20:04,69130,69130,ITCMS,IT CMS
SD1867168,Closed,CMS Interaction,Pending Order,Fixed Voic and Data,3/30/2026 10:23,3/31/2026 9:29,69577,69577,ITCMS,IT CMS
SD1867173,Closed,CMS Interaction,Pending Order,Mobile Postpaid,3/30/2026 10:25,3/30/2026 10:38,scheduledAction,scheduledAction,ITCMS,IT CMS
SD1867175,Closed,CMS Interaction,Pending Order,Mobile Postpaid,3/30/2026 10:27,4/1/2026 7:00,11125603,11125603,ITCMS,IT CMS
SD1867178,Closed,CMS Interaction,RTCS,Short code and SMS,3/30/2026 10:29,3/30/2026 20:02,69130,69130,ITCMS,IT CMS
SD1867181,Closed,CMS Interaction,CRM,Other,3/30/2026 10:32,3/31/2026 7:04,05766431,05766431,ITCMS,IT CMS
SD1867193,Closed,CMS Interaction,Pending Order,Mobile Postpaid,3/30/2026 10:37,4/4/2026 6:29,19715928,19715928,Escalated Tickets ,ARBOR SUPPORT
SD1867195,Closed,CMS Interaction,Pending Order,Fixed Voic and Data,3/30/2026 10:39,3/30/2026 11:04,05766431,05766431,ITCMS,IT CMS
SD1867197,Resolved,CMS Interaction,HBB User Name,User id  issue,3/30/2026 10:39,4/9/2026 9:03,LR1995699,LR1995699,Escalated Tickets ,NEP Support
SD1867198,Closed,CMS Interaction,CRM,Other,3/30/2026 10:39,4/4/2026 6:27,19715928,69758,Escalated Tickets ,ARBOR SUPPORT
SD1867201,Closed,CMS Interaction,CRM,Other,3/30/2026 10:42,3/30/2026 11:06,05766431,05766431,ITCMS,IT CMS
SD1867205,Closed,CMS Interaction,Pending Order,Fixed Voic and Data,3/30/2026 10:44,3/30/2026 11:08,05766431,05766431,ITCMS,IT CMS
SD1867207,Closed,CMS Interaction,Pending Order,BIP Failure,3/30/2026 10:47,4/4/2026 6:23,19715928,12349939,Escalated Tickets ,ARBOR SUPPORT
SD1867213,Closed,CMS Interaction,Pending Order,Mobile Postpaid,3/30/2026 10:53,3/30/2026 14:22,X6410019,X6410019,Escalated Tickets ,BSS CRM
SD1867214,Closed,CMS Interaction,BIP Billing,Sample Bills,3/30/2026 10:54,3/31/2026 0:10,L7990290,L7990290,Escalated Tickets ,BSS iPDF
SD1867216,Closed,CMS Interaction,POS and CMA,User Issue,3/30/2026 10:54,3/30/2026 14:20,X6410019,X6410019,Escalated Tickets ,BSS CRM
SD1867222,Closed,CMS Interaction,DDMS,Dunning,3/30/2026 11:02,4/1/2026 12:39,P1832151,P1832151,Escalated Tickets ,BSS DDMS
SD1867226,Closed,CMS Interaction,Pending Order,Fixed Voic and Data,3/30/2026 11:06,3/31/2026 9:04,scheduledAction,LR1995699,Escalated Tickets ,NEP Support
SD1867233,Closed,CMS Interaction,CRM,No Data Found,3/30/2026 11:10,3/30/2026 14:18,X6410019,X6410019,Escalated Tickets ,BSS CRM
SD1867235,Closed,CMS Interaction,Pending Order,Mobile Postpaid,3/30/2026 11:12,3/30/2026 11:30,Z6302499,Z6302499,Escalated Tickets ,OSS Mediation Support
SD1867238,Closed,CMS Interaction,UOMS,PortOut/PortIN,3/30/2026 11:14,3/30/2026 11:23,69566,69566,ITCMS,IT CMS
SD1867239,Closed,CMS Interaction,UOMS,PortOut/PortIN,3/30/2026 11:14,3/30/2026 11:21,69566,69566,ITCMS,IT CMS
SD1867240,Closed,CMS Interaction,UOMS,Mobile,3/30/2026 11:14,3/30/2026 11:20,69566,69566,ITCMS,IT CMS
SD1867248,Closed,CMS Interaction,UOMS,Connectivity Solutions,3/30/2026 11:23,4/2/2026 3:33,19715928,Q511636,Escalated Tickets ,BSS CRM
SD1867251,Closed,CMS Interaction,POS and CMA,Reversal,3/30/2026 11:26,3/31/2026 5:07,X6410019,X6410019,Escalated Tickets ,BSS POS
SD1867252,Closed,CMS Interaction,RTCS,Data Usage,3/30/2026 11:32,3/30/2026 11:41,69566,69566,ITCMS,IT CMS
SD1867257,Closed,CMS Interaction,BIP Billing,BIP Order Isuse,3/30/2026 11:36,3/30/2026 11:40,69566,69566,ITCMS,IT CMS
SD1867258,Closed,CMS Interaction,BIP Billing,Commitment,3/30/2026 11:38,3/30/2026 11:39,69566,69566,ITCMS,IT CMS
SD1867260,Closed,CMS Interaction,RTCS,Short code and SMS,3/30/2026 11:45,3/30/2026 20:01,69130,69130,ITCMS,IT CMS
SD1867262,Closed,CMS Interaction,CRM,Other,3/30/2026 11:48,3/31/2026 7:22,69566,69566,ITCMS,IT CMS
SD1867265,Closed,CMS Interaction,RTCS,Short code and SMS,3/30/2026 11:57,3/30/2026 20:00,69130,69130,ITCMS,IT CMS
SD1867266,Closed,CMS Interaction,CRM,Realize Number Issue,3/30/2026 11:58,3/31/2026 5:23,19715928,69758,Escalated Tickets ,ARBOR SUPPORT
SD1867271,Closed,CMS Interaction,CRM,Other,3/30/2026 12:17,3/30/2026 19:57,69130,69130,ITCMS,IT CMS
SD1867272,Closed,CMS Interaction,Pending Order,Fixed Voic and Data,3/30/2026 12:19,3/30/2026 19:57,69130,69130,ITCMS,IT CMS
SD1867275,Closed,CMS Interaction,Pending Order,Fixed Voic and Data,3/30/2026 12:25,3/30/2026 19:54,69130,69130,ITCMS,IT CMS
SD1867276,Closed,CMS Interaction,Pending Order,Mobile Postpaid,3/30/2026 12:27,3/31/2026 6:00,Z6302499,Z6302499,Escalated Tickets ,OSS Mediation Support
SD1867277,Closed,CMS Interaction,UOMS,Mobile,3/30/2026 12:27,3/31/2026 5:19,05766431,05766431,ITCMS,IT CMS
SD1867278,Closed,CMS Interaction,Pending Order,Fixed Voic and Data,3/30/2026 12:29,3/30/2026 19:53,69130,69130,ITCMS,IT CMS
SD1867280,Closed,CMS Interaction,Pending Order,Mobile Prepaid,3/30/2026 12:39,3/30/2026 12:41,scheduledAction,scheduledAction,ITCMS,IT CMS
SD1867281,Closed,CMS Interaction,UOMS,Mobile,3/30/2026 12:44,3/31/2026 5:16,05766431,05766431,ITCMS,IT CMS
SD1867282,Closed,CMS Interaction,BIP Billing,Bill Issue,3/30/2026 12:46,3/31/2026 5:42,11125603,11125603,ITCMS,IT CMS
SD1867283,Closed,CMS Interaction,Pending Order,WFBB Order,3/30/2026 12:52,3/30/2026 17:26,scheduledAction,scheduledAction,ITCMS,IT CMS
SD1867284,Closed,CMS Interaction,RTCS,Short code and SMS,3/30/2026 12:54,3/30/2026 19:46,69130,69130,ITCMS,IT CMS
SD1867285,Closed,CMS Interaction,Pending Order,Mobile Postpaid,3/30/2026 12:56,3/31/2026 5:15,05766431,05766431,ITCMS,IT CMS
SD1867286,Closed,CMS Interaction,Pending Order,Mobile Postpaid,3/30/2026 12:56,3/31/2026 6:55,scheduledAction,69517,ITCMS,IT CMS
SD1867287,Pending Other,CMS Interaction,Pending Order,RTCS Failure,3/30/2026 12:59,,,8.54905E+11,Escalated Tickets ,NEP Support
SD1867289,Closed,CMS Interaction,Pending Order,Fixed Voic and Data,3/30/2026 13:14,3/30/2026 16:54,scheduledAction,scheduledAction,ITCMS,IT CMS
SD1867290,Closed,CMS Interaction,Pending Order,WFBB Order,3/30/2026 13:20,3/30/2026 19:43,69130,69130,ITCMS,IT CMS
SD1867291,Closed,CMS Interaction,BIP Billing,Others,3/30/2026 13:25,4/1/2026 4:11,19715928,19715928,Escalated Tickets ,ARBOR SUPPORT
SD1867292,Closed,CMS Interaction,Pending Order,Mobile Postpaid,3/30/2026 13:27,4/1/2026 7:31,Z6302499,Z6302499,Escalated Tickets ,OSS Mediation Support
SD1867297,Closed,CMS Interaction,Pending Order,Mobile Postpaid,3/30/2026 13:51,3/30/2026 16:20,scheduledAction,scheduledAction,ITCMS,IT CMS
SD1867298,Closed,CMS Interaction,Pending Order,Fixed Voic and Data,3/30/2026 13:51,3/30/2026 19:42,69130,69130,ITCMS,IT CMS
SD1867300,Closed,CMS Interaction,Pending Order,Mobile Prepaid,3/30/2026 13:59,3/30/2026 16:42,S630048,S630048,Escalated Tickets ,ARBOR SUPPORT
SD1867302,Closed,CMS Interaction,Pending Order,BIP Failure,3/30/2026 14:09,3/30/2026 14:18,scheduledAction,scheduledAction,ITCMS,IT CMS
SD1867303,Closed,CMS Interaction,Enterprise Billing,Terminated Products in BIP/Active in CRM,3/30/2026 14:13,4/2/2026 6:50,Q511636,Q511636,Escalated Tickets ,BSS CRM
SD1867304,Closed,CMS Interaction,Enterprise Billing,Terminated Products in BIP/Active in CRM,3/30/2026 14:16,4/5/2026 3:38,X6410019,X6410019,Escalated Tickets ,BSS CRM
SD1867305,Closed,CMS Interaction,Pending Order,Mobile Postpaid,3/30/2026 14:17,3/30/2026 16:20,scheduledAction,scheduledAction,ITCMS,IT CMS
SD1867306,Closed,CMS Interaction,CRM,Other,3/30/2026 14:17,4/1/2026 7:03,11125603,11125603,ITCMS,IT CMS
SD1867308,Closed,CMS Interaction,BIP Billing,Others,3/30/2026 14:23,3/31/2026 7:24,69566,69566,ITCMS,IT CMS
SD1867309,Closed,CMS Interaction,CRM,Other,3/30/2026 14:24,3/31/2026 4:51,05766431,05766431,ITCMS,IT CMS
SD1867310,Closed,CMS Interaction,UOMS,Mobile,3/30/2026 14:25,4/4/2026 6:21,19715928,S630048,Escalated Tickets ,ARBOR SUPPORT
SD1867311,Closed,CMS Interaction,Pending Order,Fixed Voic and Data,3/30/2026 14:27,4/1/2026 5:47,05766431,05766431,ITCMS,IT CMS
SD1867312,Closed,CMS Interaction,UOMS,HBB,3/30/2026 14:29,3/30/2026 19:38,69130,69130,ITCMS,IT CMS
SD1867313,Pending Other,CMS Interaction,CRM,Other,3/30/2026 14:32,,,8.54905E+11,Escalated Tickets ,NEP Support
SD1867314,Closed,CMS Interaction,Pending Order,WFBB Order,3/30/2026 14:43,3/30/2026 19:36,69130,69130,ITCMS,IT CMS
SD1867315,Closed,CMS Interaction,Pending Order,BIP Failure,3/30/2026 14:46,3/31/2026 11:36,Z6302499,Z6302499,Escalated Tickets ,OSS Mediation Support
SD1867317,Closed,CMS Interaction,BIP Billing,Bill Issue,3/30/2026 14:50,4/1/2026 18:24,P1832151,S5801880,Escalated Tickets ,BIP Billing
SD1867318,Closed,CMS Interaction,BIP Billing,Bill Issue,3/30/2026 14:50,3/30/2026 18:19,J2226589,J2226589,Escalated Tickets ,BIP Billing
SD1867319,Closed,CMS Interaction,BIP Billing,Bill Issue,3/30/2026 14:54,3/31/2026 7:36,L7990290,L7990290,Escalated Tickets ,BSS iPDF
SD1867320,Closed,CMS Interaction,UOMS,Mobile,3/30/2026 14:57,3/30/2026 19:33,69130,69130,ITCMS,IT CMS
SD1867321,Closed,CMS Interaction,Pending Order,BIP Failure,3/30/2026 14:57,3/30/2026 19:32,69130,69130,ITCMS,IT CMS
SD1867323,Closed,CMS Interaction,RTCS,Data Usage,3/30/2026 15:03,3/30/2026 19:30,69130,69130,ITCMS,IT CMS
SD1867324,Closed,CMS Interaction,CRM,Other,3/30/2026 15:12,3/30/2026 19:30,69130,69130,ITCMS,IT CMS
SD1867329,Closed,CMS Interaction,UOMS,Mobile,3/30/2026 15:22,3/31/2026 6:58,70141,70141,Escalated Tickets ,BSS RTCS
SD1867330,Closed,CMS Interaction,CRM,Other,3/30/2026 15:24,3/30/2026 19:28,69130,69130,ITCMS,IT CMS
SD1867331,Closed,CMS Interaction,UOMS,Fixed Voic and Data,3/30/2026 15:30,3/30/2026 19:25,69130,69130,ITCMS,IT CMS
SD1867332,Closed,CMS Interaction,CRM,Other,3/30/2026 15:33,3/30/2026 19:24,69130,69130,ITCMS,IT CMS
SD1867333,Closed,CMS Interaction,UOMS,Mobile,3/30/2026 15:33,3/30/2026 19:23,69130,69130,ITCMS,IT CMS
SD1867336,Closed,CMS Interaction,RTCS,Short code and SMS,3/30/2026 15:36,3/30/2026 19:23,69130,69130,ITCMS,IT CMS
SD1867337,Closed,CMS Interaction,RTCS,Data Usage,3/30/2026 15:45,3/30/2026 19:22,69130,69130,ITCMS,IT CMS
SD1867340,Closed,CMS Interaction,Pending Order,RTCS Failure,3/30/2026 16:36,3/31/2026 6:12,71009,71009,Escalated Tickets ,OSS Mediation Support
SD1867341,Closed,CMS Interaction,Pending Order,Mobile Postpaid,3/30/2026 16:59,3/30/2026 18:24,scheduledAction,scheduledAction,ITCMS,IT CMS
SD1867342,Closed,CMS Interaction,DDMS,SMS,3/30/2026 17:03,4/1/2026 12:40,P1832151,P1832151,Escalated Tickets ,BSS DDMS
SD1867343,Closed,CMS Interaction,Pending Order,Fixed Voic and Data,3/30/2026 17:04,3/30/2026 19:20,69130,69130,ITCMS,IT CMS
SD1867344,Closed,CMS Interaction,Pending Order,Fixed Voic and Data,3/30/2026 17:05,3/30/2026 19:19,69130,69130,ITCMS,IT CMS
SD1867345,Closed,CMS Interaction,UOMS,Mobile,3/30/2026 17:05,3/30/2026 19:11,69130,69130,ITCMS,IT CMS
SD1867346,Closed,CMS Interaction,UOMS,Mobile,3/30/2026 17:17,3/30/2026 19:09,69130,69130,ITCMS,IT CMS
SD1867347,Closed,CMS Interaction,CRM,No Data Found,3/30/2026 17:24,3/30/2026 19:05,69130,69130,ITCMS,IT CMS
SD1867352,Closed,CMS Interaction,UOMS,Mobile,3/30/2026 17:53,3/30/2026 19:05,69130,69130,ITCMS,IT CMS
SD1867353,Closed,CMS Interaction,Preorder Issue,Invalid Data,3/30/2026 17:54,3/30/2026 19:04,69130,69130,ITCMS,IT CMS
SD1867354,Closed,CMS Interaction,Pending Order,Mobile Prepaid,3/30/2026 18:10,3/30/2026 19:03,69130,69130,ITCMS,IT CMS
SD1867355,Closed,CMS Interaction,BIP Billing,Report,3/30/2026 18:30,3/31/2026 5:45,J2226589,J2226589,Escalated Tickets ,BIP Billing
SD1867356,Closed,CMS Interaction,RTCS,Data Usage,3/30/2026 18:31,3/30/2026 19:01,69130,69130,ITCMS,IT CMS
SD1867357,Closed,CMS Interaction,CRM,Other,3/30/2026 18:36,3/30/2026 19:00,69130,69130,ITCMS,IT CMS
SD1867358,Closed,CMS Interaction,UOMS,Mobile,3/30/2026 18:44,3/30/2026 18:58,69130,69130,ITCMS,IT CMS
SD1867359,Closed,CMS Interaction,RTCS,Short code and SMS,3/30/2026 19:11,3/30/2026 20:13,69130,69130,ITCMS,IT CMS
SD1867360,Closed,CMS Interaction,Pending Order,Mobile Postpaid,3/30/2026 19:12,3/30/2026 20:11,69130,69130,ITCMS,IT CMS
SD1867361,Closed,CMS Interaction,RTCS,Short code and SMS,3/30/2026 19:21,3/30/2026 20:10,69130,69130,ITCMS,IT CMS
SD1867362,Categorize,CMS Interaction,UOMS,Mobile,3/30/2026 19:57,,,,BO_Cscore,BO_Cscore
SD1867363,Closed,CMS Interaction,Pending Order,Mobile Postpaid,3/30/2026 20:02,3/30/2026 20:09,69130,69130,ITCMS,IT CMS
SD1867365,Categorize,CMS Interaction,ITA,ITA,3/30/2026 20:17,,,,BO_Cscore,BO_Cscore
SD1867367,Closed,CMS Interaction,UOMS,Mobile,3/30/2026 21:23,3/31/2026 5:35,11125603,11125603,ITCMS,IT CMS
SD1867368,Closed,CMS Interaction,UOMS,Mobile,3/30/2026 21:50,3/31/2026 7:33,69566,69566,ITCMS,IT CMS
SD1867369,Closed,CMS Interaction,RTCS,Short code and SMS,3/30/2026 22:40,3/31/2026 5:42,05766431,05766431,ITCMS,IT CMS
SD1867370,Closed,CMS Interaction,Pending Order,Mobile Postpaid,3/30/2026 23:19,3/31/2026 5:34,11125603,11125603,ITCMS,IT CMS
SD1867372,Closed,CMS Interaction,Pending Order,Fixed Voic and Data,3/31/2026 2:12,3/31/2026 4:45,69577,69577,ITCMS,IT CMS
SD1867373,Closed,CMS Interaction,Pending Order,Fixed Voic and Data,3/31/2026 2:18,3/31/2026 4:42,69577,69577,ITCMS,IT CMS
SD1867374,Closed,CMS Interaction,Pending Order,Fixed Voic and Data,3/31/2026 2:44,3/31/2026 5:23,05766431,05766431,ITCMS,IT CMS
SD1867375,Closed,CMS Interaction,Pending Order,Fixed Voic and Data,3/31/2026 2:55,3/31/2026 4:47,05766431,05766431,ITCMS,IT CMS
SD1867376,Closed,CMS Interaction,Pending Order,Fixed Voic and Data,3/31/2026 3:10,3/31/2026 4:47,69577,69577,ITCMS,IT CMS
SD1867377,Closed,CMS Interaction,RTCS,Data Usage,3/31/2026 3:10,3/31/2026 5:33,11125603,11125603,ITCMS,IT CMS
SD1867378,Closed,CMS Interaction,Pending Order,Fixed Voic and Data,3/31/2026 3:15,3/31/2026 5:20,05766431,05766431,ITCMS,IT CMS
SD1867379,Closed,CMS Interaction,Pending Order,Fixed Voic and Data,3/31/2026 3:17,3/31/2026 4:53,05766431,05766431,ITCMS,IT CMS
SD1867380,Closed,CMS Interaction,RTCS,Data Usage,3/31/2026 3:33,3/31/2026 5:32,11125603,11125603,ITCMS,IT CMS
SD1867382,Closed,CMS Interaction,Pending Order,Fixed Voic and Data,3/31/2026 3:43,3/31/2026 4:58,05766431,05766431,ITCMS,IT CMS
SD1867383,Closed,CMS Interaction,UOMS,Mobile,3/31/2026 3:47,3/31/2026 4:45,05766431,05766431,ITCMS,IT CMS
SD1867384,Closed,CMS Interaction,Pending Order,Fixed Voic and Data,3/31/2026 3:48,4/3/2026 13:09,LR1995699,LR1995699,Escalated Tickets ,NEP Support
SD1867385,Closed,CMS Interaction,UOMS,Mobile,3/31/2026 3:49,3/31/2026 6:34,J2226589,J2226589,Escalated Tickets ,BIP Billing
SD1867386,Closed,CMS Interaction,Pending Order,Fixed Voic and Data,3/31/2026 3:53,3/31/2026 4:57,05766431,05766431,ITCMS,IT CMS
SD1867387,Closed,CMS Interaction,Pending Order,MPLS order,3/31/2026 4:01,3/31/2026 13:27,scheduledAction,34120,Activation Support,Activation Support
SD1867388,Closed,CMS Interaction,Pending Order,MPLS order,3/31/2026 4:01,3/31/2026 4:16,scheduledAction,scheduledAction,Activation Support,Activation Support
SD1867389,Assign,CMS Interaction,Pending Order,MPLS order,3/31/2026 4:01,,,,Activation Support,Activation Support
SD1867390,Closed,CMS Interaction,Pending Order,MPLS order,3/31/2026 4:01,3/31/2026 5:23,scheduledAction,scheduledAction,Activation Support,Activation Support
SD1867391,Closed,CMS Interaction,Pending Order,MPLS order,3/31/2026 4:01,3/31/2026 19:53,scheduledAction,scheduledAction,Activation Support,Activation Support
SD1867392,Assign,CMS Interaction,Pending Order,MPLS order,3/31/2026 4:01,,,,Activation Support,Activation Support
SD1867393,Closed,CMS Interaction,Pending Order,MPLS order,3/31/2026 4:01,3/31/2026 4:17,scheduledAction,scheduledAction,Activation Support,Activation Support
SD1867394,Closed,CMS Interaction,Pending Order,MPLS order,3/31/2026 4:01,3/31/2026 4:17,scheduledAction,scheduledAction,Activation Support,Activation Support
SD1867395,Closed,CMS Interaction,Pending Order,MPLS order,3/31/2026 4:01,3/31/2026 12:53,scheduledAction,16538,Activation Support,Activation Support
SD1867396,Closed,CMS Interaction,Pending Order,MPLS order,3/31/2026 4:01,3/31/2026 4:17,scheduledAction,scheduledAction,Activation Support,Activation Support
SD1867398,Closed,CMS Interaction,Pending Order,MPLS order,3/31/2026 4:01,4/1/2026 6:55,scheduledAction,34120,Activation Support,Activation Support
SD1867399,Closed,CMS Interaction,Pending Order,MPLS order,3/31/2026 4:01,4/1/2026 1:43,scheduledAction,34120,Activation Support,Activation Support
SD1867400,In Progress,CMS Interaction,Pending Order,MPLS order,3/31/2026 4:02,,,34120,Activation Support,Activation Support
SD1867401,Resolved,CMS Interaction,Pending Order,MPLS order,3/31/2026 4:02,4/8/2026 8:20,scheduledAction,69509,Activation Support,Activation Support
SD1867402,Closed,CMS Interaction,Pending Order,MPLS order,3/31/2026 4:02,3/31/2026 9:04,scheduledAction,34120,Activation Support,Activation Support
SD1867403,Assign,CMS Interaction,Pending Order,MPLS order,3/31/2026 4:02,,,,Activation Support,Activation Support
SD1867404,In Progress,CMS Interaction,Pending Order,MPLS order,3/31/2026 4:02,,,34120,Activation Support,Activation Support
SD1867405,Assign,CMS Interaction,Pending Order,MPLS order,3/31/2026 4:02,,,,Activation Support,Activation Support
SD1867406,Closed,CMS Interaction,Pending Order,MPLS order,3/31/2026 4:02,3/31/2026 4:17,scheduledAction,scheduledAction,Activation Support,Activation Support
SD1867407,Closed,CMS Interaction,Pending Order,MPLS order,3/31/2026 4:02,3/31/2026 4:17,scheduledAction,scheduledAction,Activation Support,Activation Support
SD1867408,Closed,CMS Interaction,Pending Order,MPLS order,3/31/2026 4:02,3/31/2026 20:34,scheduledAction,scheduledAction,Activation Support,Activation Support
SD1867409,Closed,CMS Interaction,Pending Order,MPLS order,3/31/2026 4:02,3/31/2026 4:17,scheduledAction,scheduledAction,Activation Support,Activation Support
SD1867410,Closed,CMS Interaction,Pending Order,MPLS order,3/31/2026 4:02,4/2/2026 12:04,scheduledAction,69509,Activation Support,Activation Support
SD1867411,In Progress,CMS Interaction,Pending Order,MPLS order,3/31/2026 4:02,,,34120,Activation Support,Activation Support
SD1867412,Closed,CMS Interaction,Pending Order,MPLS order,3/31/2026 4:03,3/31/2026 4:17,scheduledAction,scheduledAction,Activation Support,Activation Support
SD1867413,Closed,CMS Interaction,Pending Order,MPLS order,3/31/2026 4:03,4/5/2026 6:03,scheduledAction,69509,Activation Support,Activation Support
SD1867414,Assign,CMS Interaction,Pending Order,MPLS order,3/31/2026 4:03,,,,Activation Support,Activation Support
SD1867415,Closed,CMS Interaction,Pending Order,MPLS order,3/31/2026 4:03,3/31/2026 4:17,scheduledAction,scheduledAction,Activation Support,Activation Support
SD1867416,Closed,CMS Interaction,Pending Order,MPLS order,3/31/2026 4:03,3/31/2026 10:46,scheduledAction,69509,Activation Support,Activation Support
SD1867417,Closed,CMS Interaction,Pending Order,MPLS order,3/31/2026 4:03,3/31/2026 4:17,scheduledAction,scheduledAction,Activation Support,Activation Support
SD1867418,Closed,CMS Interaction,Pending Order,MPLS order,3/31/2026 4:03,3/31/2026 20:34,scheduledAction,95809,Activation Support,Activation Support
SD1867419,In Progress,CMS Interaction,Pending Order,MPLS order,3/31/2026 4:03,,,95809,Activation Support,Activation Support
SD1867420,Closed,CMS Interaction,Pending Order,MPLS order,3/31/2026 4:03,4/2/2026 8:13,scheduledAction,95809,Activation Support,Activation Support
SD1867421,Closed,CMS Interaction,Pending Order,MPLS order,3/31/2026 4:03,3/31/2026 4:17,scheduledAction,scheduledAction,Activation Support,Activation Support
SD1867422,Closed,CMS Interaction,Pending Order,MPLS order,3/31/2026 4:03,3/31/2026 4:17,scheduledAction,scheduledAction,Activation Support,Activation Support
SD1867423,Resolved,CMS Interaction,Pending Order,MPLS order,3/31/2026 4:03,4/9/2026 8:37,scheduledAction,69509,Activation Support,Activation Support
SD1867424,Closed,CMS Interaction,Pending Order,MPLS order,3/31/2026 4:03,3/31/2026 4:17,scheduledAction,scheduledAction,Activation Support,Activation Support
SD1867425,Closed,CMS Interaction,Pending Order,MPLS order,3/31/2026 4:04,3/31/2026 4:17,scheduledAction,scheduledAction,Activation Support,Activation Support
SD1867426,Closed,CMS Interaction,Pending Order,MPLS order,3/31/2026 4:04,3/31/2026 19:21,scheduledAction,69509,Activation Support,Activation Support
SD1867427,Closed,CMS Interaction,Pending Order,MPLS order,3/31/2026 4:04,4/1/2026 7:29,scheduledAction,69509,Activation Support,Activation Support
SD1867428,Closed,CMS Interaction,Pending Order,MPLS order,3/31/2026 4:04,3/31/2026 6:22,scheduledAction,69509,Activation Support,Activation Support
SD1867429,Closed,CMS Interaction,Pending Order,MPLS order,3/31/2026 4:04,3/31/2026 6:26,scheduledAction,69509,Activation Support,Activation Support
SD1867430,Closed,CMS Interaction,Pending Order,MPLS order,3/31/2026 4:04,3/31/2026 4:17,scheduledAction,scheduledAction,Activation Support,Activation Support
SD1867431,Closed,CMS Interaction,Pending Order,MPLS order,3/31/2026 4:04,3/31/2026 20:34,scheduledAction,95809,Activation Support,Activation Support
SD1867432,Closed,CMS Interaction,Pending Order,MPLS order,3/31/2026 4:04,4/1/2026 6:55,scheduledAction,68523,Activation Support,Activation Support
SD1867433,In Progress,CMS Interaction,Pending Order,MPLS order,3/31/2026 4:04,,,95809,Activation Support,Activation Support
SD1867434,In Progress,CMS Interaction,Pending Order,MPLS order,3/31/2026 4:04,,,95809,Activation Support,Activation Support
SD1867435,Closed,CMS Interaction,Pending Order,Fixed Voic and Data,3/31/2026 4:05,3/31/2026 4:42,05766431,05766431,ITCMS,IT CMS
SD1867436,Closed,CMS Interaction,Pending Order,Fixed Voic and Data,3/31/2026 4:09,3/31/2026 5:03,05766431,05766431,ITCMS,IT CMS
SD1867437,Closed,CMS Interaction,Pending Order,Fixed Voic and Data,3/31/2026 4:12,3/31/2026 5:04,05766431,05766431,ITCMS,IT CMS
SD1867438,Closed,CMS Interaction,Pending Order,Fixed Voic and Data,3/31/2026 4:15,3/31/2026 5:08,05766431,05766431,ITCMS,IT CMS
SD1867439,Closed,CMS Interaction,UOMS,PortOut/PortIN,3/31/2026 4:16,3/31/2026 4:40,05766431,05766431,ITCMS,IT CMS
SD1867442,Closed,CMS Interaction,CRM,Other,3/31/2026 4:20,3/31/2026 4:39,05766431,05766431,ITCMS,IT CMS
SD1867443,Closed,CMS Interaction,Pending Order,Fixed Voic and Data,3/31/2026 4:23,3/31/2026 5:05,05766431,05766431,ITCMS,IT CMS
SD1867445,Closed,CMS Interaction,Pending Order,Fixed Voic and Data,3/31/2026 4:40,4/5/2026 2:33,X6410019,X6410019,Escalated Tickets ,BSS CRM
SD1867447,Closed,CMS Interaction,Pending Order,Fixed Voic and Data,3/31/2026 4:50,3/31/2026 4:52,05766431,05766431,ITCMS,IT CMS
SD1867448,Closed,CMS Interaction,CRM,Other,3/31/2026 4:57,4/2/2026 5:59,S630048,S630048,Escalated Tickets ,ARBOR SUPPORT
SD1867450,Closed,CMS Interaction,Pending Order,Fixed Voic and Data,3/31/2026 5:00,3/31/2026 5:11,05766431,05766431,ITCMS,IT CMS
SD1867460,Closed,CMS Interaction,Pending Order,Fixed Voic and Data,3/31/2026 5:10,3/31/2026 5:13,05766431,05766431,ITCMS,IT CMS
SD1867466,Closed,CMS Interaction,Pending Order,Mobile Postpaid,3/31/2026 5:14,4/1/2026 7:04,11125603,11125603,ITCMS,IT CMS
SD1867469,Closed,CMS Interaction,Pending Order,Mobile Postpaid,3/31/2026 5:15,3/31/2026 5:20,05766431,05766431,ITCMS,IT CMS
SD1867473,Closed,CMS Interaction,Pending Order,Fixed Voic and Data,3/31/2026 5:21,3/31/2026 6:05,05766431,05766431,ITCMS,IT CMS
SD1867475,Closed,CMS Interaction,Pending Order,Fixed Voic and Data,3/31/2026 5:22,3/31/2026 6:06,05766431,05766431,ITCMS,IT CMS
SD1867477,Closed,CMS Interaction,Pending Order,BIP Failure,3/31/2026 5:28,4/4/2026 6:20,S630048,S630048,Escalated Tickets ,ARBOR SUPPORT
SD1867480,Closed,CMS Interaction,RTCS,Data Usage,3/31/2026 5:25,3/31/2026 5:36,69470,69470,ITCMS,IT CMS
SD1867486,Closed,CMS Interaction,Pending Order,Fixed Voic and Data,3/31/2026 5:29,3/31/2026 6:02,69470,69470,ITCMS,IT CMS
SD1867491,Closed,CMS Interaction,Pending Order,Fixed Voic and Data,3/31/2026 5:37,3/31/2026 6:05,69470,69470,ITCMS,IT CMS
SD1867493,Closed,CMS Interaction,Pending Order,Fixed Voic and Data,3/31/2026 5:40,3/31/2026 5:51,69470,69470,ITCMS,IT CMS
SD1867494,Closed,CMS Interaction,Pending Order,Fixed Voic and Data,3/31/2026 5:42,3/31/2026 7:27,69566,69566,ITCMS,IT CMS
SD1867496,Closed,CMS Interaction,CRM,Realize Number Issue,3/31/2026 5:46,3/31/2026 7:00,05766431,05766431,ITCMS,IT CMS
SD1867500,Pending Other,CMS Interaction,Pending Order,Fixed Voic and Data,3/31/2026 5:50,,,LR1995699,Escalated Tickets ,NEP Support
SD1867501,Closed,CMS Interaction,RTCS,Data Usage,3/31/2026 5:50,4/2/2026 5:12,69840,69840,Escalated Tickets ,ARBOR SUPPORT
SD1867502,Closed,CMS Interaction,BIP Billing,Collection,3/31/2026 5:52,3/31/2026 8:14,J2226589,J2226589,Escalated Tickets ,BIP Billing
SD1867504,Closed,CMS Interaction,BIP Billing,Bill Issue,3/31/2026 5:55,4/4/2026 6:19,S630048,S630048,Escalated Tickets ,ARBOR SUPPORT
SD1867506,Closed,CMS Interaction,Pending Order,Mobile Prepaid,3/31/2026 5:58,4/1/2026 12:19,70699048,70699048,Escalated Tickets ,BSS Interface
SD1867509,Closed,CMS Interaction,RTCS,Data Usage,3/31/2026 5:58,3/31/2026 7:07,22674,22674,Escalated Tickets ,BSS RTCS
SD1867511,Closed,CMS Interaction,CRM,Other,3/31/2026 6:00,4/1/2026 7:05,11125603,11125603,ITCMS,IT CMS
SD1867513,Closed,CMS Interaction,CRM,Other,3/31/2026 6:01,4/2/2026 10:40,12349939,69758,Escalated Tickets ,ARBOR SUPPORT
SD1867516,Closed,CMS Interaction,Pending Order,Fixed Voic and Data,3/31/2026 6:03,4/2/2026 5:07,69840,69840,Escalated Tickets ,ARBOR SUPPORT
SD1867520,Closed,CMS Interaction,Pending Order,Fixed Voic and Data,3/31/2026 6:06,3/31/2026 12:20,scheduledAction,69840,Escalated Tickets ,ARBOR SUPPORT
SD1867522,Closed,CMS Interaction,BIP Billing,Collection,3/31/2026 6:07,4/1/2026 5:49,05766431,05766431,ITCMS,IT CMS
SD1867524,Closed,CMS Interaction,BIP Billing,Bill Issue,3/31/2026 6:08,3/31/2026 7:46,19715928,19715928,Escalated Tickets ,ARBOR SUPPORT
SD1867525,Closed,CMS Interaction,Pending Order,Fixed Voic and Data,3/31/2026 6:08,3/31/2026 12:02,Z6302499,Z6302499,Escalated Tickets ,OSS Mediation Support
SD1867527,Closed,CMS Interaction,Pending Order,Mobile Postpaid,3/31/2026 6:11,3/31/2026 7:10,11125603,11125603,ITCMS,IT CMS
SD1867530,Closed,CMS Interaction,BIP Billing,Adjustment,3/31/2026 6:11,3/31/2026 7:36,05766431,05766431,ITCMS,IT CMS
SD1867533,Closed,CMS Interaction,BIP Billing,Bill Issue,3/31/2026 6:13,3/31/2026 7:40,19715928,19715928,Escalated Tickets ,ARBOR SUPPORT
SD1867536,Closed,CMS Interaction,CRM,Other,3/31/2026 6:14,4/4/2026 6:01,S630048,S630048,Escalated Tickets ,ARBOR SUPPORT
SD1867540,Closed,CMS Interaction,RTCS,Short code and SMS,3/31/2026 6:17,4/1/2026 6:38,69566,69566,ITCMS,IT CMS
SD1867541,Closed,CMS Interaction,UOMS,Mobile,3/31/2026 6:17,4/1/2026 7:09,11125603,11125603,ITCMS,IT CMS
SD1867545,Closed,CMS Interaction,Pending Order,Fixed Voic and Data,3/31/2026 6:20,3/31/2026 6:39,05766431,05766431,ITCMS,IT CMS
SD1867548,Closed,CMS Interaction,Pending Order,Mobile Postpaid,3/31/2026 6:21,3/31/2026 6:38,05766431,05766431,ITCMS,IT CMS
SD1867556,Pending Other,CMS Interaction,Pending Order,Fixed Voic and Data,3/31/2026 6:25,,,8.54905E+11,Escalated Tickets ,NEP Support
SD1867559,Closed,CMS Interaction,Pending Order,Fixed Voic and Data,3/31/2026 6:27,3/31/2026 12:08,Z6302499,Z6302499,Escalated Tickets ,OSS Mediation Support
SD1867561,Closed,CMS Interaction,Pending Order,Mobile Postpaid,3/31/2026 6:28,4/1/2026 12:41,P1832151,P1832151,Escalated Tickets ,BSS DDMS
SD1867568,Closed,CMS Interaction,BIP Billing,Bill Issue,3/31/2026 6:34,4/7/2026 5:58,19715928,19715928,Escalated Tickets ,ARBOR SUPPORT
SD1867569,Closed,CMS Interaction,RTCS,Data Usage,3/31/2026 6:34,3/31/2026 6:46,69470,69470,ITCMS,IT CMS
SD1867571,Closed,CMS Interaction,Pending Order,Mobile Postpaid,3/31/2026 6:35,3/31/2026 6:36,05766431,05766431,ITCMS,IT CMS
SD1867572,Closed,CMS Interaction,POS and CMA,User Issue,3/31/2026 6:35,4/4/2026 12:58,X6410019,X6410019,Escalated Tickets ,BSS POS
SD1867577,Closed,CMS Interaction,Pending Order,Mobile Postpaid,3/31/2026 6:40,3/31/2026 12:20,scheduledAction,69470,ITCMS,IT CMS
SD1867586,Closed,CMS Interaction,BIP Billing,Sample Bills,3/31/2026 6:47,3/31/2026 9:58,L7990290,L7990290,Escalated Tickets ,BSS iPDF
SD1867588,Closed,CMS Interaction,Pending Order,Mobile Postpaid,3/31/2026 6:48,3/31/2026 6:52,05766431,05766431,ITCMS,IT CMS
SD1867591,Closed,CMS Interaction,UOMS,HBB,3/31/2026 6:50,4/4/2026 5:55,19715928,69758,Escalated Tickets ,ARBOR SUPPORT
SD1867593,Closed,CMS Interaction,CRM,No Data Found,3/31/2026 6:51,4/1/2026 9:51,69577,69577,ITCMS,IT CMS
SD1867594,Closed,CMS Interaction,CRM,Other,3/31/2026 6:52,4/1/2026 8:58,19715928,19715928,Escalated Tickets ,ARBOR SUPPORT
SD1867604,Closed,CMS Interaction,UOMS,HBB,3/31/2026 6:57,4/1/2026 9:07,19715928,19715928,Escalated Tickets ,ARBOR SUPPORT
SD1867607,Closed,CMS Interaction,BIP Billing,Bill Issue,3/31/2026 7:02,3/31/2026 7:34,J2226589,J2226589,Escalated Tickets ,BIP Billing
SD1867615,Pending Other,CMS Interaction,CRM,Other,3/31/2026 7:08,,,W0213873,Escalated Tickets ,NEP Support
SD1867619,Closed,CMS Interaction,CRM,Other,3/31/2026 7:09,3/31/2026 7:31,69566,69566,ITCMS,IT CMS
SD1867633,Closed,CMS Interaction,CRM,Other,3/31/2026 7:13,4/1/2026 5:50,05766431,05766431,ITCMS,IT CMS
SD1867641,Closed,CMS Interaction,BIP Billing,Bill Issue,3/31/2026 7:16,3/31/2026 10:25,69577,69577,ITCMS,IT CMS
SD1867644,Closed,CMS Interaction,Pending Order,Fixed Voic and Data,3/31/2026 7:16,3/31/2026 7:25,69470,69470,ITCMS,IT CMS
SD1867654,Closed,CMS Interaction,BIP Billing,Commitment,3/31/2026 7:36,4/1/2026 10:40,J2226589,J2226589,Escalated Tickets ,BIP Billing
SD1867663,Closed,CMS Interaction,RTCS,Short code and SMS,3/31/2026 7:23,3/31/2026 21:26,69130,69130,ITCMS,IT CMS
SD1867682,Closed,CMS Interaction,Pending Order,WFBB Order,3/31/2026 7:32,3/31/2026 7:33,05766431,05766431,ITCMS,IT CMS
SD1867683,Closed,CMS Interaction,RTCS,Data Usage,3/31/2026 7:32,3/31/2026 8:17,69566,69566,ITCMS,IT CMS
SD1867688,Closed,CMS Interaction,Pending Order,Mobile Postpaid,3/31/2026 7:36,3/31/2026 8:03,scheduledAction,69566,ITCMS,IT CMS
SD1867689,Closed,CMS Interaction,Pending Order,RTCS Failure,3/31/2026 7:36,3/31/2026 8:03,scheduledAction,69566,ITCMS,IT CMS
SD1867692,Closed,CMS Interaction,Pending Order,Fixed Voic and Data,3/31/2026 7:38,3/31/2026 8:19,69566,69566,ITCMS,IT CMS
SD1867694,Closed,CMS Interaction,BIP Billing,Bill Issue,3/31/2026 7:39,3/31/2026 7:56,J2226589,J2226589,Escalated Tickets ,BIP Billing
SD1867696,Closed,CMS Interaction,Pending Order,Fixed Voic and Data,3/31/2026 7:40,3/31/2026 8:29,69566,69566,ITCMS,IT CMS
SD1867700,Closed,CMS Interaction,BIP Billing,BIP Order Isuse,3/31/2026 7:41,3/31/2026 9:46,05766431,05766431,ITCMS,IT CMS
SD1867701,Closed,CMS Interaction,Pending Order,Fixed Voic and Data,3/31/2026 7:42,4/1/2026 5:54,05766431,05766431,ITCMS,IT CMS
SD1867705,Closed,CMS Interaction,Pending Order,Fixed Voic and Data,3/31/2026 7:44,3/31/2026 8:41,69566,69566,ITCMS,IT CMS
SD1867708,Closed,CMS Interaction,CRM,Other,3/31/2026 7:45,4/4/2026 5:51,19715928,12349939,Escalated Tickets ,ARBOR SUPPORT
SD1867711,Closed,CMS Interaction,Pending Order,Fixed Voic and Data,3/31/2026 7:47,3/31/2026 21:21,69130,69130,ITCMS,IT CMS
SD1867712,Closed,CMS Interaction,Pending Order,WFBB Order,3/31/2026 7:47,3/31/2026 7:55,69517,69517,ITCMS,IT CMS
SD1867713,Closed,CMS Interaction,Pending Order,Fixed Voic and Data,3/31/2026 7:47,4/1/2026 5:56,scheduledAction,LR1995699,Escalated Tickets ,NEP Support
SD1867721,Closed,CMS Interaction,Pending Order,Fixed Voic and Data,3/31/2026 7:50,3/31/2026 9:46,69566,69566,ITCMS,IT CMS
SD1867722,Closed,CMS Interaction,CRM,Other,3/31/2026 7:50,3/31/2026 8:51,70699048,70699048,Escalated Tickets ,BSS Interface
SD1867724,Closed,CMS Interaction,Pending Order,Fixed Voic and Data,3/31/2026 7:51,3/31/2026 12:20,scheduledAction,X6410019,Escalated Tickets ,BSS POS
SD1867726,Closed,CMS Interaction,Pending Order,Fixed Voic and Data,3/31/2026 7:53,3/31/2026 10:04,22674,22674,Escalated Tickets ,BSS RTCS
SD1867729,Closed,CMS Interaction,Pending Order,Fixed Voic and Data,3/31/2026 7:55,4/1/2026 12:49,scheduledAction,22674,Escalated Tickets ,BSS RTCS
SD1867731,Closed,CMS Interaction,BIP Billing,Plan Penalty Suppress,3/31/2026 7:57,4/1/2026 7:24,J2226589,J2226589,Escalated Tickets ,BIP Billing
SD1867732,Closed,CMS Interaction,Pending Order,Fixed Voic and Data,3/31/2026 7:57,3/31/2026 8:22,05766431,05766431,ITCMS,IT CMS
SD1867736,Closed,CMS Interaction,Pending Order,Fixed Voic and Data,3/31/2026 7:59,4/2/2026 4:58,scheduledAction,69470,ITCMS,IT CMS
SD1867737,Closed,CMS Interaction,Pending Order,Fixed Voic and Data,3/31/2026 8:02,3/31/2026 8:05,69470,69470,ITCMS,IT CMS
SD1867740,Closed,CMS Interaction,Pending Order,Fixed Voic and Data,3/31/2026 8:03,3/31/2026 8:12,69470,69470,ITCMS,IT CMS
SD1867742,Closed,CMS Interaction,Pending Order,Fixed Voic and Data,3/31/2026 8:06,3/31/2026 13:27,scheduledAction,69566,ITCMS,IT CMS
SD1867746,Closed,CMS Interaction,Pending Order,Fixed Voic and Data,3/31/2026 8:07,3/31/2026 8:44,05766431,05766431,ITCMS,IT CMS
SD1867747,Closed,CMS Interaction,Pending Order,Fixed Voic and Data,3/31/2026 8:10,3/31/2026 8:43,05766431,05766431,ITCMS,IT CMS
SD1867755,Closed,CMS Interaction,Pending Order,Fixed Voic and Data,3/31/2026 8:12,3/31/2026 8:19,69470,69470,ITCMS,IT CMS
SD1867758,Closed,CMS Interaction,Pending Order,BIP Failure,3/31/2026 8:13,3/31/2026 14:53,J2226589,J2226589,Escalated Tickets ,BIP Billing
SD1867769,Closed,CMS Interaction,Pending Order,Fixed Voic and Data,3/31/2026 8:16,3/31/2026 8:19,05766431,05766431,ITCMS,IT CMS
SD1867770,Closed,CMS Interaction,Pending Order,WFBB Order,3/31/2026 8:17,3/31/2026 8:35,69470,69470,ITCMS,IT CMS
SD1867771,Closed,CMS Interaction,Pending Order,Fixed Voic and Data,3/31/2026 8:18,3/31/2026 8:20,05766431,05766431,ITCMS,IT CMS
SD1867772,Closed,CMS Interaction,RTCS,Data Usage,3/31/2026 8:20,3/31/2026 8:21,69470,69470,ITCMS,IT CMS
SD1867773,Closed,CMS Interaction,Pending Order,Fixed Voic and Data,3/31/2026 8:20,3/31/2026 8:35,05766431,05766431,ITCMS,IT CMS
SD1867777,Closed,CMS Interaction,Pending Order,Fixed Voic and Data,3/31/2026 8:22,3/31/2026 8:33,05766431,05766431,ITCMS,IT CMS
SD1867778,Closed,CMS Interaction,CRM,Other,3/31/2026 8:23,3/31/2026 8:41,05766431,05766431,ITCMS,IT CMS
SD1867779,Closed,CMS Interaction,CRM,Other,3/31/2026 8:23,4/1/2026 6:06,69566,69566,ITCMS,IT CMS
SD1867781,Closed,CMS Interaction,Pending Order,Fixed Voic and Data,3/31/2026 8:27,3/31/2026 9:49,69577,69577,ITCMS,IT CMS
SD1867783,Closed,CMS Interaction,BIP Billing,Bill Issue,3/31/2026 8:27,4/1/2026 6:20,J2226589,J2226589,Escalated Tickets ,BIP Billing
SD1867785,Closed,CMS Interaction,BIP Billing,BIP Order Isuse,3/31/2026 8:28,4/4/2026 5:47,19715928,19715928,Escalated Tickets ,ARBOR SUPPORT
SD1867787,Closed,CMS Interaction,Pending Order,Mobile Postpaid,3/31/2026 8:29,3/31/2026 8:32,69470,69470,ITCMS,IT CMS
SD1867788,Closed,CMS Interaction,BIP Billing,Collection,3/31/2026 8:29,4/1/2026 6:05,05766431,05766431,ITCMS,IT CMS
SD1867790,Closed,CMS Interaction,CRM,Other,3/31/2026 8:30,3/31/2026 8:31,69470,69470,ITCMS,IT CMS
SD1867795,Closed,CMS Interaction,UOMS,PortOut/PortIN,3/31/2026 8:33,4/1/2026 7:12,11125603,11125603,ITCMS,IT CMS
SD1867798,Closed,CMS Interaction,CRM,Other,3/31/2026 8:37,4/1/2026 5:13,69577,69577,ITCMS,IT CMS
SD1867799,Closed,CMS Interaction,UOMS,Mobile,3/31/2026 8:34,4/1/2026 5:11,69577,69577,ITCMS,IT CMS
SD1867800,Closed,CMS Interaction,Pending Order,Fixed Voic and Data,3/31/2026 8:35,4/1/2026 5:23,05766431,05766431,ITCMS,IT CMS
SD1867802,Closed,CMS Interaction,DDMS,Reconnection,3/31/2026 8:36,4/1/2026 12:42,P1832151,P1832151,Escalated Tickets ,BSS DDMS
SD1867805,Closed,CMS Interaction,Pending Order,Fixed Voic and Data,3/31/2026 8:38,4/1/2026 5:23,scheduledAction,69470,ITCMS,IT CMS
SD1867806,Closed,CMS Interaction,Pending Order,Fixed Voic and Data,3/31/2026 8:40,3/31/2026 8:47,05766431,05766431,ITCMS,IT CMS
SD1867808,Closed,CMS Interaction,POS and CMA,Reversal,3/31/2026 8:41,4/1/2026 6:12,69566,69566,ITCMS,IT CMS
SD1867812,Closed,CMS Interaction,BIP Billing,Bill Issue,3/31/2026 8:48,3/31/2026 10:26,J2226589,J2226589,Escalated Tickets ,BIP Billing
SD1867814,Closed,CMS Interaction,Pending Order,Fixed Voic and Data,3/31/2026 8:48,3/31/2026 8:55,05766431,05766431,ITCMS,IT CMS
SD1867815,Closed,CMS Interaction,Pending Order,Fixed Voic and Data,3/31/2026 8:49,4/2/2026 8:27,LR1995699,W0213873,Escalated Tickets ,NEP Support
SD1867816,Closed,CMS Interaction,Pending Order,Fixed Voic and Data,3/31/2026 8:49,3/31/2026 8:53,05766431,05766431,ITCMS,IT CMS
SD1867819,Closed,CMS Interaction,Pending Order,Fixed Voic and Data,3/31/2026 8:51,3/31/2026 8:56,05766431,05766431,ITCMS,IT CMS
SD1867820,Closed,CMS Interaction,RTCS,Data Usage,3/31/2026 8:52,4/1/2026 11:19,19715928,19715928,Escalated Tickets ,ARBOR SUPPORT
SD1867827,Closed,CMS Interaction,Pending Order,Fixed Voic and Data,3/31/2026 8:55,3/31/2026 8:58,05766431,05766431,ITCMS,IT CMS
SD1867828,Closed,CMS Interaction,Pending Order,Fixed Voic and Data,3/31/2026 8:55,3/31/2026 8:59,05766431,05766431,ITCMS,IT CMS
SD1867830,Closed,CMS Interaction,Pending Order,Fixed Voic and Data,3/31/2026 8:57,4/1/2026 6:56,scheduledAction,19715928,Escalated Tickets ,ARBOR SUPPORT
SD1867832,Closed,CMS Interaction,Pending Order,Fixed Voic and Data,3/31/2026 8:57,4/6/2026 7:49,LR1995699,LR1995699,Escalated Tickets ,NEP Support
SD1867834,Closed,CMS Interaction,CRM,Other,3/31/2026 8:58,3/31/2026 10:43,71009,71009,Escalated Tickets ,OSS Mediation Support
SD1867835,Closed,CMS Interaction,CRM,Other,3/31/2026 8:58,4/1/2026 5:23,69470,69470,ITCMS,IT CMS
SD1867837,Closed,CMS Interaction,Pending Order,Fixed Voic and Data,3/31/2026 8:59,3/31/2026 9:03,05766431,05766431,ITCMS,IT CMS
SD1867841,Closed,CMS Interaction,Pending Order,Fixed Voic and Data,3/31/2026 9:02,3/31/2026 9:05,05766431,05766431,ITCMS,IT CMS
SD1867844,Closed,CMS Interaction,Pending Order,Fixed Voic and Data,3/31/2026 9:06,3/31/2026 9:12,69470,69470,ITCMS,IT CMS
SD1867845,Closed,CMS Interaction,Pending Order,Fixed Voic and Data,3/31/2026 9:07,4/3/2026 11:10,69566,69566,ITCMS,IT CMS
SD1867846,Closed,CMS Interaction,Pending Order,Fixed Voic and Data,3/31/2026 9:09,3/31/2026 9:41,05766431,05766431,ITCMS,IT CMS
SD1867847,Closed,CMS Interaction,Pending Order,Fixed Voic and Data,3/31/2026 9:11,4/6/2026 6:51,LR1995699,LR1995699,Escalated Tickets ,NEP Support
SD1867848,Closed,CMS Interaction,Enterprise Billing,Payments Failure,3/31/2026 9:13,4/5/2026 3:04,05766431,05766431,ITCMS,IT-CMS Support
SD1867849,Closed,CMS Interaction,CRM,Other,3/31/2026 9:13,4/1/2026 7:13,11125603,11125603,ITCMS,IT CMS
SD1867850,Closed,CMS Interaction,Pending Order,Fixed Voic and Data,3/31/2026 9:14,3/31/2026 9:29,05766431,05766431,ITCMS,IT CMS
SD1867851,Closed,CMS Interaction,Pending Order,Fixed Voic and Data,3/31/2026 9:17,3/31/2026 9:37,05766431,05766431,ITCMS,IT CMS
SD1867855,Closed,CMS Interaction,Pending Order,Fixed Voic and Data,3/31/2026 9:20,4/1/2026 1:44,scheduledAction,W0213873,Escalated Tickets ,NEP Support
SD1867858,Closed,CMS Interaction,Pending Order,Fixed Voic and Data,3/31/2026 9:21,3/31/2026 9:32,05766431,05766431,ITCMS,IT CMS
SD1867859,Closed,CMS Interaction,Pending Order,Fixed Voic and Data,3/31/2026 9:21,4/1/2026 6:07,05766431,05766431,ITCMS,IT CMS
SD1867863,Closed,CMS Interaction,Pending Order,Fixed Voic and Data,3/31/2026 9:24,3/31/2026 9:31,69470,69470,ITCMS,IT CMS
SD1867864,Closed,CMS Interaction,CRM,No Data Found,3/31/2026 9:24,4/1/2026 7:14,11125603,11125603,ITCMS,IT CMS
SD1867867,Closed,CMS Interaction,Pending Order,Mobile Postpaid,3/31/2026 9:27,3/31/2026 9:31,05766431,05766431,ITCMS,IT CMS
SD1867868,Closed,CMS Interaction,UOMS,Mobile,3/31/2026 9:29,3/31/2026 9:42,69470,69470,ITCMS,IT CMS
SD1867870,Closed,CMS Interaction,CRM,Other,3/31/2026 9:31,4/1/2026 5:22,69470,69470,ITCMS,IT CMS
SD1867873,Closed,CMS Interaction,UOMS,PortOut/PortIN,3/31/2026 9:33,3/31/2026 9:38,69470,69470,ITCMS,IT CMS
SD1867875,Closed,CMS Interaction,UOMS,Mobile,3/31/2026 9:35,3/31/2026 9:39,69470,69470,ITCMS,IT CMS
SD1867878,Closed,CMS Interaction,Pending Order,BIP Failure,3/31/2026 9:42,3/31/2026 9:44,69470,69470,ITCMS,IT CMS
SD1867879,Closed,CMS Interaction,BIP Billing,Sample Bills,3/31/2026 9:45,3/31/2026 13:55,L7990290,L7990290,Escalated Tickets ,BSS iPDF
SD1867880,Closed,CMS Interaction,UOMS,Mobile,3/31/2026 9:45,3/31/2026 9:47,69470,69470,ITCMS,IT CMS
SD1867882,Closed,CMS Interaction,Pending Order,Mobile Postpaid,3/31/2026 9:45,3/31/2026 10:13,scheduledAction,scheduledAction,ITCMS,IT CMS
SD1867883,Closed,CMS Interaction,CRM,Other,3/31/2026 9:46,4/1/2026 6:09,05766431,05766431,ITCMS,IT CMS
SD1867884,Closed,CMS Interaction,Pending Order,Mobile Postpaid,3/31/2026 9:49,3/31/2026 10:13,scheduledAction,scheduledAction,ITCMS,IT CMS
SD1867886,Closed,CMS Interaction,UOMS,Fixed Voic and Data,3/31/2026 9:50,4/1/2026 9:33,69577,69577,ITCMS,IT CMS
SD1867887,Closed,CMS Interaction,POS and CMA,User Issue,3/31/2026 9:51,4/4/2026 13:13,69566,69566,ITCMS,IT CMS
SD1867888,Closed,CMS Interaction,Pending Order,BIP Failure,3/31/2026 9:52,3/31/2026 10:28,69517,69517,ITCMS,IT CMS
SD1867894,Closed,CMS Interaction,UOMS,WFBB,3/31/2026 9:56,4/1/2026 5:22,05766431,05766431,ITCMS,IT CMS
SD1867895,Closed,CMS Interaction,Pending Order,Mobile Postpaid,3/31/2026 9:57,4/1/2026 6:28,S630048,S630048,Escalated Tickets ,ARBOR SUPPORT
SD1867897,Closed,CMS Interaction,UOMS,Mobile,3/31/2026 9:58,4/4/2026 5:44,19715928,19715928,Escalated Tickets ,ARBOR SUPPORT
SD1867898,Closed,CMS Interaction,Pending Order,Fixed Voic and Data,3/31/2026 10:00,3/31/2026 10:13,scheduledAction,scheduledAction,ITCMS,IT CMS
SD1867899,Closed,CMS Interaction,Pending Order,Mobile Prepaid,3/31/2026 10:00,3/31/2026 10:19,11125603,11125603,ITCMS,IT CMS
SD1867900,Closed,CMS Interaction,BIP Billing,BIP Order Isuse,3/31/2026 10:00,4/1/2026 5:53,69577,69577,ITCMS,IT CMS
SD1867901,Closed,CMS Interaction,UOMS,Mobile,3/31/2026 10:01,4/1/2026 5:14,05766431,05766431,ITCMS,IT CMS
SD1867904,Closed,CMS Interaction,CRM,Other,3/31/2026 10:02,4/1/2026 6:11,05766431,05766431,ITCMS,IT CMS
SD1867907,Closed,CMS Interaction,BIP Billing,Collection,3/31/2026 10:05,3/31/2026 11:01,J2226589,J2226589,Escalated Tickets ,BIP Billing
SD1867908,Closed,CMS Interaction,Pending Order,BIP Failure,3/31/2026 10:06,3/31/2026 10:18,11125603,11125603,ITCMS,IT CMS
SD1867909,Closed,CMS Interaction,Pending Order,Mobile Prepaid,3/31/2026 10:06,4/1/2026 5:52,69577,69577,ITCMS,IT CMS
SD1867912,Closed,CMS Interaction,Pending Order,BIP Failure,3/31/2026 10:09,4/1/2026 6:12,05766431,05766431,ITCMS,IT CMS
SD1867914,Closed,CMS Interaction,POS and CMA,Reversal,3/31/2026 10:11,4/1/2026 7:48,11125603,11125603,ITCMS,IT CMS
SD1867919,Closed,CMS Interaction,Pending Order,Mobile Prepaid,3/31/2026 10:12,3/31/2026 18:15,69130,69130,ITCMS,IT CMS
SD1867925,Closed,CMS Interaction,Pending Order,Mobile Prepaid,3/31/2026 10:19,3/31/2026 14:01,scheduledAction,69577,ITCMS,IT CMS
SD1867934,Closed,CMS Interaction,Pending Order,Fixed Voic and Data,3/31/2026 10:28,3/31/2026 10:47,scheduledAction,scheduledAction,ITCMS,IT CMS
SD1867938,Closed,CMS Interaction,POS and CMA,Reversal,3/31/2026 10:31,4/1/2026 7:16,11125603,11125603,ITCMS,IT CMS
SD1867940,Closed,CMS Interaction,Pending Order,Mobile Postpaid,3/31/2026 10:33,3/31/2026 13:27,scheduledAction,scheduledAction,ITCMS,IT CMS
SD1867947,Closed,CMS Interaction,Pending Order,Mobile Postpaid,3/31/2026 10:35,3/31/2026 10:37,69517,69517,ITCMS,IT CMS
SD1867955,Closed,CMS Interaction,Pending Order,Fixed Voic and Data,3/31/2026 10:37,3/31/2026 11:20,scheduledAction,scheduledAction,ITCMS,IT CMS
SD1867959,Closed,CMS Interaction,BIP Billing,Bill Issue,3/31/2026 10:38,4/1/2026 11:24,19715928,19715928,Escalated Tickets ,ARBOR SUPPORT
SD1867963,Closed,CMS Interaction,Pending Order,Fixed Voic and Data,3/31/2026 10:40,3/31/2026 11:20,scheduledAction,scheduledAction,ITCMS,IT CMS
SD1867965,Closed,CMS Interaction,UOMS,Mobile,3/31/2026 10:40,3/31/2026 18:12,69130,69130,ITCMS,IT CMS
SD1867969,Closed,CMS Interaction,CRM,Other,3/31/2026 10:42,4/1/2026 6:31,69566,69566,ITCMS,IT CMS
SD1867971,Closed,CMS Interaction,UOMS,Mobile,3/31/2026 10:42,3/31/2026 18:11,69130,69130,ITCMS,IT CMS
SD1867975,Closed,CMS Interaction,Pending Order,Mobile Postpaid,3/31/2026 10:42,3/31/2026 13:27,scheduledAction,scheduledAction,ITCMS,IT CMS
SD1867977,Closed,CMS Interaction,CRM,Realize Number Issue,3/31/2026 10:43,3/31/2026 18:10,69130,69130,ITCMS,IT CMS
SD1867978,Closed,CMS Interaction,Pending Order,Mobile Postpaid,3/31/2026 10:43,3/31/2026 13:27,scheduledAction,scheduledAction,ITCMS,IT CMS
SD1867980,Closed,CMS Interaction,Pending Order,Mobile Postpaid,3/31/2026 10:44,3/31/2026 12:21,scheduledAction,scheduledAction,ITCMS,IT CMS
SD1867987,Closed,CMS Interaction,Pending Order,Mobile Postpaid,3/31/2026 10:48,3/31/2026 12:21,scheduledAction,scheduledAction,ITCMS,IT CMS
SD1867989,Closed,CMS Interaction,Pending Order,ITA order,3/31/2026 10:47,3/31/2026 12:21,scheduledAction,scheduledAction,ITCMS,IT CMS
SD1867990,Closed,CMS Interaction,Pending Order,Fixed Voic and Data,3/31/2026 10:48,4/1/2026 1:44,scheduledAction,69130,ITCMS,IT CMS
SD1867992,Closed,CMS Interaction,RTCS,Data Usage,3/31/2026 10:48,4/2/2026 5:30,69577,69577,ITCMS,IT CMS
SD1868002,Closed,CMS Interaction,Pending Order,Mobile Postpaid,3/31/2026 10:56,3/31/2026 11:20,scheduledAction,scheduledAction,ITCMS,IT CMS
SD1868005,Closed,CMS Interaction,CRM,Realize Number Issue,3/31/2026 10:58,3/31/2026 18:00,69130,69130,ITCMS,IT CMS
SD1868008,Closed,CMS Interaction,Pending Order,Mobile Prepaid,3/31/2026 10:59,3/31/2026 12:21,scheduledAction,scheduledAction,ITCMS,IT CMS
SD1868010,Closed,CMS Interaction,Pending Order,Mobile Postpaid,3/31/2026 11:00,3/31/2026 11:20,scheduledAction,scheduledAction,ITCMS,IT CMS
SD1868012,Closed,CMS Interaction,Pending Order,Mobile Postpaid,3/31/2026 11:01,4/1/2026 6:50,Z6302499,Z6302499,Escalated Tickets ,OSS Mediation Support
SD1868018,Closed,CMS Interaction,UOMS,Mobile,3/31/2026 11:04,3/31/2026 17:57,69130,69130,ITCMS,IT CMS
SD1868023,Closed,CMS Interaction,Pending Order,Mobile Postpaid,3/31/2026 11:08,3/31/2026 12:54,scheduledAction,scheduledAction,ITCMS,IT CMS
SD1868025,Closed,CMS Interaction,Pending Order,Mobile Postpaid,3/31/2026 11:09,3/31/2026 12:21,scheduledAction,scheduledAction,ITCMS,IT CMS
SD1868028,Closed,CMS Interaction,Pending Order,Mobile Prepaid,3/31/2026 11:09,3/31/2026 14:34,scheduledAction,scheduledAction,ITCMS,IT CMS
SD1868034,Closed,CMS Interaction,Pending Order,Mobile Postpaid,3/31/2026 11:11,3/31/2026 12:21,scheduledAction,scheduledAction,ITCMS,IT CMS
SD1868036,Closed,CMS Interaction,RTCS,Data Usage,3/31/2026 11:12,4/1/2026 9:19,05766431,05766431,ITCMS,IT CMS
SD1868044,Closed,CMS Interaction,Pending Order,Mobile Postpaid,3/31/2026 11:15,3/31/2026 14:01,scheduledAction,scheduledAction,ITCMS,IT CMS
SD1868046,Closed,CMS Interaction,CRM,Other,3/31/2026 11:16,3/31/2026 17:55,69130,69130,ITCMS,IT CMS
SD1868052,Closed,CMS Interaction,Pending Order,WFBB Order,3/31/2026 11:18,3/31/2026 17:54,69130,69130,ITCMS,IT CMS
SD1868054,Closed,CMS Interaction,Pending Order,Fesibility Check Failure,3/31/2026 11:22,3/31/2026 17:44,69130,69130,ITCMS,IT CMS
SD1868069,Closed,CMS Interaction,BIP Billing,Bill Issue,3/31/2026 11:28,,,,Escalated Tickets ,BIP Billing
SD1868071,Closed,CMS Interaction,Pending Order,Fixed Voic and Data,3/31/2026 11:28,3/31/2026 11:54,scheduledAction,scheduledAction,ITCMS,IT CMS
SD1868073,Closed,CMS Interaction,BIP Billing,Bill Issue,3/31/2026 11:31,4/1/2026 7:21,22674,22674,Escalated Tickets ,BIP Billing
SD1868077,Closed,CMS Interaction,Pending Order,Mobile Postpaid,3/31/2026 11:35,3/31/2026 12:21,scheduledAction,scheduledAction,ITCMS,IT CMS
SD1868080,Closed,CMS Interaction,BIP Billing,Bill Issue,3/31/2026 11:37,4/4/2026 20:09,P1832151,P1832151,Escalated Tickets ,BIP Billing
SD1868081,Closed,CMS Interaction,BIP Billing,Bill Issue,3/31/2026 11:37,3/31/2026 14:10,J2226589,22674,Escalated Tickets ,BIP Billing
SD1868082,Closed,CMS Interaction,Pending Order,Mobile Prepaid,3/31/2026 11:38,3/31/2026 11:48,69566,69566,ITCMS,IT CMS
SD1868083,Closed,CMS Interaction,RTCS,Data Usage,3/31/2026 11:38,3/31/2026 17:41,69130,69130,ITCMS,IT CMS
SD1868084,Closed,CMS Interaction,Pending Order,Fixed Voic and Data,3/31/2026 11:39,4/7/2026 12:42,W0213873,W0213873,Escalated Tickets ,NEP Support
SD1868087,Closed,CMS Interaction,Pending Order,WFBB Order,3/31/2026 11:42,3/31/2026 12:54,scheduledAction,scheduledAction,ITCMS,IT CMS
SD1868088,Closed,CMS Interaction,Pending Order,Mobile Postpaid,3/31/2026 11:43,3/31/2026 12:21,scheduledAction,scheduledAction,ITCMS,IT CMS
SD1868089,Closed,CMS Interaction,CRM,No Data Found,3/31/2026 11:43,4/2/2026 5:31,69577,69577,ITCMS,IT CMS
SD1868091,Closed,CMS Interaction,Pending Order,Mobile Postpaid,3/31/2026 11:46,3/31/2026 17:38,69130,69130,ITCMS,IT CMS
SD1868098,Closed,CMS Interaction,Pending Order,Mobile Prepaid,3/31/2026 11:47,3/31/2026 11:54,scheduledAction,scheduledAction,ITCMS,IT CMS
SD1868101,Closed,CMS Interaction,Pending Order,Mobile Postpaid,3/31/2026 11:48,3/31/2026 14:01,scheduledAction,scheduledAction,ITCMS,IT CMS
SD1868103,Closed,CMS Interaction,Pending Order,Mobile Postpaid,3/31/2026 11:50,3/31/2026 12:21,scheduledAction,scheduledAction,ITCMS,IT CMS
SD1868104,Closed,CMS Interaction,Pending Order,Fixed Voic and Data,3/31/2026 11:51,3/31/2026 12:54,scheduledAction,scheduledAction,ITCMS,IT CMS
SD1868109,Closed,CMS Interaction,BIP Billing,Bill Issue,3/31/2026 11:52,4/1/2026 7:30,J2226589,J2226589,Escalated Tickets ,BIP Billing
SD1868112,Closed,CMS Interaction,Pending Order,Mobile Postpaid,3/31/2026 11:53,3/31/2026 12:54,scheduledAction,scheduledAction,ITCMS,IT CMS
SD1868113,Closed,CMS Interaction,Pending Order,Mobile Postpaid,3/31/2026 11:53,3/31/2026 12:54,scheduledAction,scheduledAction,ITCMS,IT CMS
SD1868114,Closed,CMS Interaction,CRM,Other,3/31/2026 11:54,3/31/2026 17:37,69130,69130,ITCMS,IT CMS
SD1868118,Closed,CMS Interaction,Pending Order,Mobile Postpaid,3/31/2026 11:56,3/31/2026 12:54,scheduledAction,scheduledAction,ITCMS,IT CMS
SD1868127,Closed,CMS Interaction,Pending Order,Mobile Postpaid,3/31/2026 12:01,3/31/2026 12:55,scheduledAction,scheduledAction,ITCMS,IT CMS
SD1868129,Closed,CMS Interaction,UOMS,Mobile,3/31/2026 12:05,4/4/2026 8:39,S630048,S630048,Escalated Tickets ,ARBOR SUPPORT
SD1868134,Closed,CMS Interaction,Pending Order,Mobile Prepaid,3/31/2026 12:08,3/31/2026 17:30,69130,69130,ITCMS,IT CMS
SD1868135,Closed,CMS Interaction,Pending Order,Mobile Prepaid,3/31/2026 12:09,3/31/2026 17:28,69130,69130,ITCMS,IT CMS
SD1868136,Closed,CMS Interaction,Pending Order,Fixed Voic and Data,3/31/2026 12:12,3/31/2026 17:26,69130,69130,ITCMS,IT CMS
SD1868137,Closed,CMS Interaction,Pending Order,Fixed Voic and Data,3/31/2026 12:14,3/31/2026 17:25,69130,69130,ITCMS,IT CMS
SD1868138,Closed,CMS Interaction,CRM,Other,3/31/2026 12:16,3/31/2026 17:23,69130,69130,ITCMS,IT CMS
SD1868139,Closed,CMS Interaction,RTCS,Data Usage,3/31/2026 12:18,3/31/2026 17:23,69130,69130,ITCMS,IT CMS
SD1868140,Closed,CMS Interaction,DDMS,Reconnection,3/31/2026 12:18,4/1/2026 12:45,P1832151,P1832151,Escalated Tickets ,BSS DDMS
SD1868141,Closed,CMS Interaction,RTCS,Data Usage,3/31/2026 12:18,3/31/2026 17:21,69130,69130,ITCMS,IT CMS
SD1868142,Closed,CMS Interaction,BIP Billing,Bill Issue,3/31/2026 12:25,4/1/2026 8:41,J2226589,J2226589,Escalated Tickets ,BIP Billing
SD1868143,Closed,CMS Interaction,CRM,Other,3/31/2026 12:25,3/31/2026 17:20,69130,69130,ITCMS,IT CMS
SD1868144,Closed,CMS Interaction,Pending Order,Mobile Postpaid,3/31/2026 12:30,3/31/2026 17:18,69130,69130,ITCMS,IT CMS
SD1868145,Closed,CMS Interaction,Pending Order,Mobile Postpaid,3/31/2026 12:31,3/31/2026 13:28,scheduledAction,scheduledAction,ITCMS,IT CMS
SD1868146,Closed,CMS Interaction,CRM,No Data Found,3/31/2026 12:31,3/31/2026 17:15,69130,69130,ITCMS,IT CMS
SD1868147,Closed,CMS Interaction,Pending Order,Mobile Postpaid,3/31/2026 12:40,3/31/2026 14:01,scheduledAction,scheduledAction,ITCMS,IT CMS
SD1868148,Closed,CMS Interaction,Pending Order,Fesibility Check Failure,3/31/2026 12:40,3/31/2026 14:01,scheduledAction,scheduledAction,ITCMS,IT CMS
SD1868149,Closed,CMS Interaction,Pending Order,Mobile Prepaid,3/31/2026 12:42,3/31/2026 14:01,scheduledAction,scheduledAction,ITCMS,IT CMS
SD1868150,Closed,CMS Interaction,HBB User Name,User id  issue,3/31/2026 12:43,4/1/2026 8:42,J2226589,J2226589,Escalated Tickets ,BIP Billing
SD1868151,Closed,CMS Interaction,RTCS,Short code and SMS,3/31/2026 12:44,4/1/2026 8:28,69566,69566,ITCMS,IT CMS
SD1868152,Closed,CMS Interaction,Pending Order,Fixed Voic and Data,3/31/2026 12:46,3/31/2026 17:11,69130,69130,ITCMS,IT CMS
SD1868153,Closed,CMS Interaction,Pending Order,Mobile Postpaid,3/31/2026 12:51,3/31/2026 14:01,scheduledAction,scheduledAction,ITCMS,IT CMS
SD1868159,Closed,CMS Interaction,POS and CMA,Reversal,3/31/2026 12:58,3/31/2026 17:07,69130,69130,ITCMS,IT CMS
SD1868161,Closed,CMS Interaction,Pending Order,Mobile Postpaid,3/31/2026 13:02,3/31/2026 14:01,scheduledAction,scheduledAction,ITCMS,IT CMS
SD1868162,Closed,CMS Interaction,Pending Order,Fixed Voic and Data,3/31/2026 13:03,3/31/2026 17:06,69130,69130,ITCMS,IT CMS
SD1868163,Closed,CMS Interaction,Pending Order,BIP Failure,3/31/2026 13:04,4/1/2026 11:26,19715928,19715928,Escalated Tickets ,ARBOR SUPPORT
SD1868164,Closed,CMS Interaction,Pending Order,ITA order,3/31/2026 13:04,3/31/2026 14:01,scheduledAction,scheduledAction,ITCMS,IT CMS
SD1868165,Closed,CMS Interaction,Pending Order,Mobile Postpaid,3/31/2026 13:04,3/31/2026 14:01,scheduledAction,scheduledAction,ITCMS,IT CMS
SD1868168,Closed,CMS Interaction,Pending Order,ITA order,3/31/2026 13:11,3/31/2026 17:03,69130,69130,ITCMS,IT CMS
SD1868169,Closed,CMS Interaction,Pending Order,Mobile Postpaid,3/31/2026 13:11,3/31/2026 13:28,scheduledAction,scheduledAction,ITCMS,IT CMS
SD1868170,Closed,CMS Interaction,Pending Order,Mobile Postpaid,3/31/2026 13:14,3/31/2026 13:28,scheduledAction,scheduledAction,ITCMS,IT CMS
SD1868171,Closed,CMS Interaction,Pending Order,Mobile Prepaid,3/31/2026 13:18,3/31/2026 14:01,scheduledAction,scheduledAction,ITCMS,IT CMS
SD1868172,Closed,CMS Interaction,Pending Order,WFBB Order,3/31/2026 13:20,3/31/2026 17:02,69130,69130,ITCMS,IT CMS
SD1868173,Closed,CMS Interaction,BIP Billing,Adjustment,3/31/2026 13:25,4/1/2026 6:52,11125603,11125603,ITCMS,IT CMS
SD1868174,Closed,CMS Interaction,DDMS,DDMS Interface,3/31/2026 13:26,4/1/2026 12:46,P1832151,P1832151,Escalated Tickets ,BSS DDMS
SD1868175,Closed,CMS Interaction,Pending Order,Mobile Postpaid,3/31/2026 13:26,3/31/2026 14:01,scheduledAction,scheduledAction,ITCMS,IT CMS
SD1868176,Closed,CMS Interaction,Pending Order,Mobile Postpaid,3/31/2026 13:27,4/1/2026 6:55,Z6302499,Z6302499,Escalated Tickets ,OSS Mediation Support
SD1868177,Closed,CMS Interaction,Pending Order,Fixed Voic and Data,3/31/2026 13:27,3/31/2026 14:02,scheduledAction,scheduledAction,ITCMS,IT CMS
SD1868178,Closed,CMS Interaction,Pending Order,Mobile Postpaid,3/31/2026 13:28,4/1/2026 6:56,Z6302499,Z6302499,Escalated Tickets ,OSS Mediation Support
SD1868179,Closed,CMS Interaction,Pending Order,Mobile Postpaid,3/31/2026 13:31,3/31/2026 14:02,scheduledAction,scheduledAction,ITCMS,IT CMS
SD1868180,Closed,CMS Interaction,BIP Billing,Bill Issue,3/31/2026 13:36,3/31/2026 14:48,J2226589,22674,Escalated Tickets ,BIP Billing
SD1868181,Closed,CMS Interaction,UOMS,Mobile,3/31/2026 13:37,3/31/2026 16:03,69130,69130,ITCMS,IT CMS
SD1868182,Closed,CMS Interaction,Pending Order,RTCS Failure,3/31/2026 13:37,3/31/2026 14:02,scheduledAction,scheduledAction,ITCMS,IT CMS
SD1868183,Closed,CMS Interaction,Pending Order,Mobile Postpaid,3/31/2026 13:41,4/1/2026 12:49,scheduledAction,69758,Escalated Tickets ,ARBOR SUPPORT
SD1868185,Closed,CMS Interaction,Pending Order,Mobile Postpaid,3/31/2026 13:43,4/1/2026 12:26,70699048,70699048,Escalated Tickets ,BSS Interface
SD1868186,Closed,CMS Interaction,Pending Order,Mobile Postpaid,3/31/2026 13:49,3/31/2026 14:02,scheduledAction,scheduledAction,ITCMS,IT CMS
SD1868187,Closed,CMS Interaction,Pending Order,Fixed Voic and Data,3/31/2026 13:58,3/31/2026 14:34,scheduledAction,scheduledAction,ITCMS,IT CMS
SD1868188,Closed,CMS Interaction,Pending Order,Mobile Prepaid,3/31/2026 13:59,3/31/2026 15:00,scheduledAction,scheduledAction,ITCMS,IT CMS
SD1868189,Closed,CMS Interaction,Pending Order,Fixed Voic and Data,3/31/2026 14:02,4/2/2026 11:47,70699048,70699048,Escalated Tickets ,BSS Interface
SD1868190,Closed,CMS Interaction,Pending Order,Mobile Postpaid,3/31/2026 14:05,3/31/2026 15:58,69130,69130,ITCMS,IT CMS
SD1868191,Resolved,CMS Interaction,Pending Order,WFBB Order,3/31/2026 14:07,4/9/2026 13:20,scheduledAction,S9075905,Escalated Tickets ,Digital CICM Support
SD1868192,Closed,CMS Interaction,Pending Order,BIP Failure,3/31/2026 14:10,3/31/2026 15:56,69130,69130,ITCMS,IT CMS
SD1868193,Closed,CMS Interaction,BIP Billing,Sample Bills,3/31/2026 14:12,3/31/2026 14:49,J2226589,J2226589,Escalated Tickets ,BIP Billing
SD1868194,Closed,CMS Interaction,Pending Order,Mobile Postpaid,3/31/2026 14:17,3/31/2026 15:55,69130,69130,ITCMS,IT CMS
SD1868195,Closed,CMS Interaction,CRM,Other,3/31/2026 14:18,4/5/2026 2:31,X6410019,X6410019,Escalated Tickets ,BSS CRM
SD1868197,Closed,CMS Interaction,Pending Order,ITA order,3/31/2026 14:31,3/31/2026 17:54,Z6302499,Z6302499,Escalated Tickets ,OSS Mediation Support
SD1868198,Closed,CMS Interaction,Pending Order,Mobile Prepaid,3/31/2026 14:35,3/31/2026 15:00,scheduledAction,scheduledAction,ITCMS,IT CMS
SD1868199,Closed,CMS Interaction,Pending Order,RTCS Failure,3/31/2026 14:33,4/2/2026 5:35,69840,69840,Escalated Tickets ,ARBOR SUPPORT
SD1868201,In Progress,CMS Interaction,CRM,Other,3/31/2026 14:57,,,S630048,Escalated Tickets ,ARBOR SUPPORT
SD1868202,Closed,CMS Interaction,Pending Order,Fixed Voic and Data,3/31/2026 15:01,3/31/2026 15:51,69130,69130,ITCMS,IT CMS
SD1868203,Closed,CMS Interaction,Pending Order,Mobile Postpaid,3/31/2026 15:07,3/31/2026 15:50,69130,69130,ITCMS,IT CMS
SD1868204,Closed,CMS Interaction,UOMS,Mobile,3/31/2026 15:15,4/1/2026 5:00,05766431,05766431,ITCMS,IT CMS
SD1868206,Closed,CMS Interaction,BIP Billing,Bill Issue,3/31/2026 15:26,3/31/2026 15:45,69130,69130,ITCMS,IT CMS
SD1868207,Closed,CMS Interaction,Pending Order,RTCS Failure,3/31/2026 15:25,3/31/2026 15:49,69130,69130,ITCMS,IT CMS
SD1868208,Closed,CMS Interaction,UOMS,Mobile,3/31/2026 15:28,3/31/2026 15:41,69130,69130,ITCMS,IT CMS
SD1868209,Closed,CMS Interaction,BIP Billing,Sample Bills,3/31/2026 15:28,3/31/2026 19:07,L7990290,L7990290,Escalated Tickets ,BSS iPDF
SD1868210,Closed,CMS Interaction,DDMS,Reconnection,3/31/2026 15:37,4/4/2026 13:53,P1832151,P1832151,Escalated Tickets ,BSS DDMS
SD1868211,Closed,CMS Interaction,UOMS,Mobile,3/31/2026 15:39,3/31/2026 15:43,69130,69130,ITCMS,IT CMS
SD1868212,Closed,CMS Interaction,Pending Order,Mobile Postpaid,3/31/2026 16:10,4/2/2026 11:50,70699048,70699048,Escalated Tickets ,BSS Interface
SD1868213,Closed,CMS Interaction,UOMS,PortOut/PortIN,3/31/2026 16:15,3/31/2026 21:05,69130,69130,ITCMS,IT CMS
SD1868214,Closed,CMS Interaction,CRM,Other,3/31/2026 16:16,4/1/2026 7:30,Z6302499,Z6302499,Escalated Tickets ,OSS Mediation Support
SD1868215,Closed,CMS Interaction,UOMS,Mobile,3/31/2026 16:18,4/1/2026 6:50,11125603,11125603,ITCMS,IT CMS
SD1868216,Closed,CMS Interaction,Pending Order,Fesibility Check Failure,3/31/2026 16:25,4/7/2026 17:04,scheduledAction,69840,Escalated Tickets ,ARBOR SUPPORT
SD1868217,Closed,CMS Interaction,DDMS,Reconnection,3/31/2026 16:26,4/4/2026 13:58,P1832151,P1832151,Escalated Tickets ,BSS DDMS
SD1868218,Closed,CMS Interaction,CRM,Other,3/31/2026 16:28,4/1/2026 4:48,05766431,05766431,ITCMS,IT CMS
SD1868219,Closed,CMS Interaction,UOMS,WFBB,3/31/2026 16:38,4/4/2026 5:34,19715928,12349939,Escalated Tickets ,ARBOR SUPPORT
SD1868220,Closed,CMS Interaction,Pending Order,Mobile Postpaid,3/31/2026 16:41,4/1/2026 4:47,05766431,05766431,ITCMS,IT CMS
SD1868221,Closed,CMS Interaction,BIP Billing,Bill Issue,3/31/2026 16:46,3/31/2026 16:53,J2226589,J2226589,Escalated Tickets ,BIP Billing
SD1868223,Closed,CMS Interaction,UOMS,Mobile,3/31/2026 16:49,3/31/2026 21:01,69130,69130,ITCMS,IT CMS
SD1868224,Closed,CMS Interaction,UOMS,Mobile,3/31/2026 16:53,3/31/2026 21:00,69130,69130,ITCMS,IT CMS
SD1868225,Closed,CMS Interaction,Pending Order,Mobile Postpaid,3/31/2026 16:54,3/31/2026 18:12,scheduledAction,scheduledAction,ITCMS,IT CMS
SD1868226,Closed,CMS Interaction,Pending Order,RTCS Failure,3/31/2026 16:57,3/31/2026 20:58,69130,69130,ITCMS,IT CMS
SD1868227,Closed,CMS Interaction,Pending Order,Mobile Postpaid,3/31/2026 17:08,3/31/2026 20:57,69130,69130,ITCMS,IT CMS
SD1868228,Closed,CMS Interaction,DDMS,DDMS Interface,3/31/2026 17:13,4/4/2026 14:00,P1832151,70507,Escalated Tickets ,BSS DDMS
SD1868229,Closed,CMS Interaction,CRM,Other,3/31/2026 17:14,4/1/2026 5:09,05766431,05766431,ITCMS,IT CMS
SD1868230,Closed,CMS Interaction,DDMS,DDMS Interface,3/31/2026 17:21,4/4/2026 14:19,P1832151,P1832151,Escalated Tickets ,BSS DDMS
SD1868231,Closed,CMS Interaction,HBB User Name,User ID Inactive,3/31/2026 17:22,4/1/2026 4:46,05766431,05766431,ITCMS,IT CMS
SD1868232,Closed,CMS Interaction,BIP Billing,Bill Issue,3/31/2026 17:23,4/1/2026 4:54,69577,69577,ITCMS,IT CMS
SD1868233,Closed,CMS Interaction,RTCS,Short code and SMS,3/31/2026 17:23,3/31/2026 20:55,69130,69130,ITCMS,IT CMS
SD1868234,Closed,CMS Interaction,DDMS,Reconnection,3/31/2026 17:26,4/4/2026 14:38,P1832151,P1832151,Escalated Tickets ,BSS DDMS
SD1868235,Closed,CMS Interaction,Pending Order,BIP Failure,3/31/2026 17:39,3/31/2026 17:44,scheduledAction,scheduledAction,ITCMS,IT CMS
SD1868236,Closed,CMS Interaction,BIP Billing,Sample Bills,3/31/2026 17:47,4/1/2026 6:23,22674,L7990290,Escalated Tickets ,BSS iPDF
SD1868238,Closed,CMS Interaction,Pending Order,Mobile Postpaid,3/31/2026 18:17,4/1/2026 7:34,Z6302499,Z6302499,Escalated Tickets ,OSS Mediation Support
SD1868239,Closed,CMS Interaction,CRM,Other,3/31/2026 18:19,4/1/2026 4:51,69577,69577,ITCMS,IT CMS
SD1868240,Closed,CMS Interaction,BIP Billing,Bill Issue,3/31/2026 18:20,4/1/2026 4:49,69577,69577,ITCMS,IT CMS
SD1868242,Closed,CMS Interaction,Pending Order,Mobile Postpaid,3/31/2026 18:30,4/1/2026 4:44,05766431,05766431,ITCMS,IT CMS
SD1868243,Closed,CMS Interaction,Pending Order,RTCS Failure,3/31/2026 18:50,4/2/2026 2:42,19715928,19715928,Escalated Tickets ,ARBOR SUPPORT
SD1868244,Closed,CMS Interaction,Pending Order,Fixed Voic and Data,3/31/2026 18:55,4/1/2026 1:44,scheduledAction,scheduledAction,ITCMS,IT CMS
SD1868245,Closed,CMS Interaction,Pending Order,Fixed Voic and Data,3/31/2026 18:58,4/1/2026 2:15,scheduledAction,scheduledAction,ITCMS,IT CMS
SD1868246,Closed,CMS Interaction,Pending Order,Fixed Voic and Data,3/31/2026 19:05,3/31/2026 20:43,69130,69130,ITCMS,IT CMS
SD1868247,Closed,CMS Interaction,Pending Order,Fixed Voic and Data,3/31/2026 19:08,3/31/2026 20:40,69130,69130,ITCMS,IT CMS
SD1868248,Closed,CMS Interaction,Pending Order,Fixed Voic and Data,3/31/2026 19:11,3/31/2026 20:33,69130,69130,ITCMS,IT CMS
SD1868249,Closed,CMS Interaction,Pending Order,Fixed Voic and Data,3/31/2026 19:19,3/31/2026 20:31,69130,69130,ITCMS,IT CMS
SD1868250,Closed,CMS Interaction,Pending Order,Fixed Voic and Data,3/31/2026 19:24,3/31/2026 20:30,69130,69130,ITCMS,IT CMS
SD1868251,Closed,CMS Interaction,Pending Order,Fixed Voic and Data,3/31/2026 19:28,3/31/2026 20:28,69130,69130,ITCMS,IT CMS
SD1868252,Closed,CMS Interaction,Pending Order,Fixed Voic and Data,3/31/2026 19:33,3/31/2026 20:26,69130,69130,ITCMS,IT CMS
SD1868253,Closed,CMS Interaction,Pending Order,Fixed Voic and Data,3/31/2026 19:36,3/31/2026 20:35,scheduledAction,scheduledAction,ITCMS,IT CMS
SD1868254,Closed,CMS Interaction,Pending Order,Fixed Voic and Data,3/31/2026 19:39,3/31/2026 20:15,69130,69130,ITCMS,IT CMS
SD1868255,Closed,CMS Interaction,DDMS,Reconnection,3/31/2026 19:43,4/4/2026 14:40,P1832151,P1832151,Escalated Tickets ,BSS DDMS
SD1868257,Closed,CMS Interaction,RTCS,Short code and SMS,3/31/2026 19:58,3/31/2026 20:14,69130,69130,ITCMS,IT CMS
SD1868259,Closed,CMS Interaction,CRM,CRM Down,3/31/2026 20:34,4/1/2026 3:27,69130,69130,ITCMS,IT CMS
SD1868260,Closed,CMS Interaction,UOMS,Mobile,3/31/2026 20:39,4/1/2026 4:45,69577,69577,ITCMS,IT CMS
SD1868261,Closed,CMS Interaction,Pending Order,Mobile Postpaid,3/31/2026 21:00,4/1/2026 7:36,Z6302499,Z6302499,Escalated Tickets ,OSS Mediation Support
SD1868267,Closed,CMS Interaction,UOMS,Mobile,3/31/2026 21:20,4/1/2026 3:24,69130,69130,ITCMS,IT CMS
SD1868268,Closed,CMS Interaction,RTCS,Short code and SMS,3/31/2026 21:28,3/31/2026 21:32,69130,69130,ITCMS,IT CMS
SD1868269,Closed,CMS Interaction,RTCS,Short code and SMS,3/31/2026 22:14,4/1/2026 3:23,69130,69130,ITCMS,IT CMS
SD1868270,Closed,CMS Interaction,RTCS,Short code and SMS,3/31/2026 23:09,4/1/2026 3:22,69130,69130,ITCMS,IT CMS
